run_id,split_id,cell_id,cell_weight,layer,neuron,derivative_order,preactivation_lower,preactivation_upper,preactivation_midpoint,preactivation_radius,preactivation_width,approximation_kind,approximation_error_radius,approximation_error_diameter,activation_scale,normalized_approximation_radius,noise_symbol_id,shared_noise_group,status
pinn100d_shallow300_medium_hybrid_pz_uncompressed_reverse_symbolic,single_cell,0,1.0,0,0,0,-0.8000887741224203,0.7908767282671687,-0.004606022927625797,0.7954827511947945,1.590965502389589,affine,0.04776087567042881,0.09552175134085762,0.9319962481713715,0.051245781047014195,eta_l0_n0_r0,NA,ok
pinn100d_shallow300_medium_hybrid_pz_uncompressed_reverse_symbolic,single_cell,0,1.0,0,0,1,-0.8000887741224203,0.7908767282671687,-0.004606022927625797,0.7954827511947945,1.590965502389589,affine,0.21878416980543122,0.43756833961086244,1.0,0.21878416980543122,eta_l0_n0_r1,NA,ok
pinn100d_shallow300_medium_hybrid_pz_uncompressed_reverse_symbolic,single_cell,0,1.0,0,1,0,-0.6668101129690585,0.693384972556816,0.013287429793878758,0.6800975427629372,1.3601950855258744,affine,0.032203781618758816,0.06440756323751763,0.9319962481713715,0.034553552851682,eta_l0_n1_r0,NA,ok
pinn100d_shallow300_medium_hybrid_pz_uncompressed_reverse_symbolic,single_cell,0,1.0,0,1,1,-0.6668101129690585,0.693384972556816,0.013287429793878758,0.6800975427629372,1.3601950855258744,affine,0.17491064771605183,0.34982129543210366,1.0,0.17491064771605183,eta_l0_n1_r1,NA,ok
pinn100d_shallow300_medium_hybrid_pz_uncompressed_reverse_symbolic,single_cell,0,1.0,0,2,0,-0.8409685245821179,0.8705015267430378,0.01476650108045996,0.8557350256625779,1.7114700513251557,affine,0.05704981128360182,0.11409962256720364,0.9319962481713715,0.06121249028151854,eta_l0_n2_r0,NA,ok
pinn100d_shallow300_medium_hybrid_pz_uncompressed_reverse_symbolic,single_cell,0,1.0,0,2,1,-0.8409685245821179,0.8705015267430378,0.01476650108045996,0.8557350256625779,1.7114700513251557,affine,0.24075774656914548,0.48151549313829095,1.0,0.24075774656914548,eta_l0_n2_r1,NA,ok
pinn100d_shallow300_medium_hybrid_pz_uncompressed_reverse_symbolic,single_cell,0,1.0,0,3,0,-0.8131646470132093,0.8461858474217637,0.016510600204277193,0.8296752472174865,1.659350494434973,affine,0.05297381165009602,0.10594762330019204,0.9319962481713715,0.056839082511365886,eta_l0_n3_r0,NA,ok
pinn100d_shallow300_medium_hybrid_pz_uncompressed_reverse_symbolic,single_cell,0,1.0,0,3,1,-0.8131646470132093,0.8461858474217637,0.016510600204277193,0.8296752472174865,1.659350494434973,affine,0.23128307788642286,0.4625661557728457,1.0,0.23128307788642286,eta_l0_n3_r1,NA,ok
pinn100d_shallow300_medium_hybrid_pz_uncompressed_reverse_symbolic,single_cell,0,1.0,0,4,0,-1.0376263596207114,1.0010137091612128,-0.018306325229749287,1.019320034390962,2.038640068781924,affine,0.08534503477820339,0.17069006955640678,0.9319962481713715,0.09157229435811046,eta_l0_n4_r0,NA,ok
pinn100d_shallow300_medium_hybrid_pz_uncompressed_reverse_symbolic,single_cell,0,1.0,0,4,1,-1.0376263596207114,1.0010137091612128,-0.018306325229749287,1.019320034390962,2.038640068781924,affine,0.29599361143468017,0.5919872228693603,1.0,0.29599361143468017,eta_l0_n4_r1,NA,ok
pinn100d_shallow300_medium_hybrid_pz_uncompressed_reverse_symbolic,single_cell,0,1.0,0,5,0,-0.8652278170806444,0.8877201689912206,0.011246175955288096,0.8764739930359325,1.752947986071865,affine,0.06037470341247909,0.12074940682495817,0.9319962481713715,0.06477998546768575,eta_l0_n5_r0,NA,ok
pinn100d_shallow300_medium_hybrid_pz_uncompressed_reverse_symbolic,single_cell,0,1.0,0,5,1,-0.8652278170806444,0.8877201689912206,0.011246175955288096,0.8764739930359325,1.752947986071865,affine,0.2482083281727395,0.496416656345479,1.0,0.2482083281727395,eta_l0_n5_r1,NA,ok
pinn100d_shallow300_medium_hybrid_pz_uncompressed_reverse_symbolic,single_cell,0,1.0,0,6,0,-0.8002253266309621,0.8296484987611809,0.014711586065109361,0.8149369126960715,1.629873825392143,affine,0.05070909200326985,0.1014181840065397,0.9319962481713715,0.05440911602676932,eta_l0_n6_r0,NA,ok
pinn100d_shallow300_medium_hybrid_pz_uncompressed_reverse_symbolic,single_cell,0,1.0,0,6,1,-0.8002253266309621,0.8296484987611809,0.014711586065109361,0.8149369126960715,1.629873825392143,affine,0.22589998281650622,0.45179996563301245,1.0,0.22589998281650622,eta_l0_n6_r1,NA,ok
pinn100d_shallow300_medium_hybrid_pz_uncompressed_reverse_symbolic,single_cell,0,1.0,0,7,0,-0.672406545778101,0.6932924621130971,0.010442958167498073,0.6828495039455991,1.3656990078911981,affine,0.03252624948541378,0.06505249897082756,0.9319962481713715,0.034899549809596433,eta_l0_n7_r0,NA,ok
pinn100d_shallow300_medium_hybrid_pz_uncompressed_reverse_symbolic,single_cell,0,1.0,0,7,1,-0.672406545778101,0.6932924621130971,0.010442958167498073,0.6828495039455991,1.3656990078911981,affine,0.1759971377883037,0.3519942755766074,1.0,0.1759971377883037,eta_l0_n7_r1,NA,ok
pinn100d_shallow300_medium_hybrid_pz_uncompressed_reverse_symbolic,single_cell,0,1.0,0,8,0,-1.306841361512731,1.2669144201791418,-0.019963470666794603,1.2868778908459364,2.573755781691873,affine,0.13821186086084938,0.27642372172169877,0.9319962481713715,0.1482965850259899,eta_l0_n8_r0,NA,ok
pinn100d_shallow300_medium_hybrid_pz_uncompressed_reverse_symbolic,single_cell,0,1.0,0,8,1,-1.306841361512731,1.2669144201791418,-0.019963470666794603,1.2868778908459364,2.573755781691873,affine,0.36821782384984864,0.7364356476996973,1.0,0.36821782384984864,eta_l0_n8_r1,NA,ok
pinn100d_shallow300_medium_hybrid_pz_uncompressed_reverse_symbolic,single_cell,0,1.0,0,9,0,-0.8395677251243506,0.8685446340190671,0.014488454447358246,0.8540561795717089,1.7081123591434177,affine,0.056781076836971985,0.11356215367394397,0.9319962481713715,0.06092414743984176,eta_l0_n9_r0,NA,ok
pinn100d_shallow300_medium_hybrid_pz_uncompressed_reverse_symbolic,single_cell,0,1.0,0,9,1,-0.8395677251243506,0.8685446340190671,0.014488454447358246,0.8540561795717089,1.7081123591434177,affine,0.2401571303404774,0.4803142606809548,1.0,0.2401571303404774,eta_l0_n9_r1,NA,ok
pinn100d_shallow300_medium_hybrid_pz_uncompressed_reverse_symbolic,single_cell,0,1.0,0,10,0,-0.80808685285236,0.7839032216460969,-0.01209181560313155,0.7959950372492285,1.591990074498457,affine,0.04786198015530158,0.09572396031060317,0.9319962481713715,0.05135426269065938,eta_l0_n10_r0,NA,ok
pinn100d_shallow300_medium_hybrid_pz_uncompressed_reverse_symbolic,single_cell,0,1.0,0,10,1,-0.80808685285236,0.7839032216460969,-0.01209181560313155,0.7959950372492285,1.591990074498457,affine,0.2189189541178256,0.4378379082356512,1.0,0.2189189541178256,eta_l0_n10_r1,NA,ok
pinn100d_shallow300_medium_hybrid_pz_uncompressed_reverse_symbolic,single_cell,0,1.0,0,11,0,-0.7982094929703913,0.8217535642036398,0.01177203561662421,0.8099815285870156,1.619963057174031,affine,0.049945300875641425,0.09989060175128285,0.9319962481713715,0.05358959435044603,eta_l0_n11_r0,NA,ok
pinn100d_shallow300_medium_hybrid_pz_uncompressed_reverse_symbolic,single_cell,0,1.0,0,11,1,-0.7982094929703913,0.8217535642036398,0.01177203561662421,0.8099815285870156,1.619963057174031,affine,0.22410676447470176,0.44821352894940353,1.0,0.22410676447470176,eta_l0_n11_r1,NA,ok
pinn100d_shallow300_medium_hybrid_pz_uncompressed_reverse_symbolic,single_cell,0,1.0,0,12,0,-0.9067744380742929,0.9399477281012677,0.01658664501348739,0.9233610830877803,1.8467221661755606,affine,0.06823703003790989,0.13647406007581978,0.9319962481713715,0.07321599220146512,eta_l0_n12_r0,NA,ok
pinn100d_shallow300_medium_hybrid_pz_uncompressed_reverse_symbolic,single_cell,0,1.0,0,12,1,-0.9067744380742929,0.9399477281012677,0.01658664501348739,0.9233610830877803,1.8467221661755606,affine,0.26449501696567784,0.5289900339313557,1.0,0.26449501696567784,eta_l0_n12_r1,NA,ok
pinn100d_shallow300_medium_hybrid_pz_uncompressed_reverse_symbolic,single_cell,0,1.0,0,13,0,-0.931364154693545,0.8930929315848278,-0.01913561155435861,0.9122285431391864,1.8244570862783729,affine,0.06636055767389427,0.13272111534778855,0.9319962481713715,0.07120260173160287,eta_l0_n13_r0,NA,ok
pinn100d_shallow300_medium_hybrid_pz_uncompressed_reverse_symbolic,single_cell,0,1.0,0,13,1,-0.931364154693545,0.8930929315848278,-0.01913561155435861,0.9122285431391864,1.8244570862783729,affine,0.26062467619872115,0.5212493523974423,1.0,0.26062467619872115,eta_l0_n13_r1,NA,ok
pinn100d_shallow300_medium_hybrid_pz_uncompressed_reverse_symbolic,single_cell,0,1.0,0,14,0,-1.2211529111329582,1.2547055639860074,0.0167763264265246,1.2379292375594828,2.4758584751189656,affine,0.1281480288819092,0.2562960577638184,0.9319962481713715,0.1374984385756303,eta_l0_n14_r0,NA,ok
pinn100d_shallow300_medium_hybrid_pz_uncompressed_reverse_symbolic,single_cell,0,1.0,0,14,1,-1.2211529111329582,1.2547055639860074,0.0167763264265246,1.2379292375594828,2.4758584751189656,affine,0.3568019908962487,0.7136039817924974,1.0,0.3568019908962487,eta_l0_n14_r1,NA,ok
pinn100d_shallow300_medium_hybrid_pz_uncompressed_reverse_symbolic,single_cell,0,1.0,0,15,0,-0.858538760091075,0.829128620847134,-0.01470506962197049,0.8438336904691045,1.687667380938209,affine,0.055167049976694256,0.11033409995338851,0.9319962481713715,0.059192351991689963,eta_l0_n15_r0,NA,ok
pinn100d_shallow300_medium_hybrid_pz_uncompressed_reverse_symbolic,single_cell,0,1.0,0,15,1,-0.858538760091075,0.829128620847134,-0.01470506962197049,0.8438336904691045,1.687667380938209,affine,0.23646121014237306,0.4729224202847461,1.0,0.23646121014237306,eta_l0_n15_r1,NA,ok
pinn100d_shallow300_medium_hybrid_pz_uncompressed_reverse_symbolic,single_cell,0,1.0,0,16,0,-1.5135272447646497,1.5437531980141883,0.015112976624769292,1.528640221389419,3.057280442778838,affine,0.18859813104338555,0.3771962620867711,0.9319962481713715,0.20235932431426154,eta_l0_n16_r0,NA,ok
pinn100d_shallow300_medium_hybrid_pz_uncompressed_reverse_symbolic,single_cell,0,1.0,0,16,1,-1.5135272447646497,1.5437531980141883,0.015112976624769292,1.528640221389419,3.057280442778838,affine,0.4141731440342193,0.8283462880684386,1.0,0.4141731440342193,eta_l0_n16_r1,NA,ok
pinn100d_shallow300_medium_hybrid_pz_uncompressed_reverse_symbolic,single_cell,0,1.0,0,17,0,-0.924974709822734,0.8972162631509851,-0.013879223335874435,0.9110954864868596,1.8221909729737191,affine,0.06613657047259132,0.13227314094518264,0.9319962481713715,0.07096227114900404,eta_l0_n17_r0,NA,ok
pinn100d_shallow300_medium_hybrid_pz_uncompressed_reverse_symbolic,single_cell,0,1.0,0,17,1,-0.924974709822734,0.8972162631509851,-0.013879223335874435,0.9110954864868596,1.8221909729737191,affine,0.2603096831220119,0.5206193662440238,1.0,0.2603096831220119,eta_l0_n17_r1,NA,ok
pinn100d_shallow300_medium_hybrid_pz_uncompressed_reverse_symbolic,single_cell,0,1.0,0,18,0,-1.6733730976128973,1.6691489651366271,-0.0021120662381350908,1.6712610313747622,3.3425220627495245,affine,0.2180433724141755,0.436086744828351,0.9319962481713715,0.23395305811797928,eta_l0_n18_r0,NA,ok
pinn100d_shallow300_medium_hybrid_pz_uncompressed_reverse_symbolic,single_cell,0,1.0,0,18,1,-1.6733730976128973,1.6691489651366271,-0.0021120662381350908,1.6712610313747622,3.3425220627495245,quadratic,0.13549735134988097,0.27099470269976195,1.0,0.13549735134988097,eta_l0_n18_r1,NA,ok
pinn100d_shallow300_medium_hybrid_pz_uncompressed_reverse_symbolic,single_cell,0,1.0,0,19,0,-0.980686547188127,0.9462170674146508,-0.01723473988673807,0.9634518073013889,1.9269036146027778,affine,0.07522189449895324,0.15044378899790647,0.9319962481713715,0.08071051213622671,eta_l0_n19_r0,NA,ok
pinn100d_shallow300_medium_hybrid_pz_uncompressed_reverse_symbolic,single_cell,0,1.0,0,19,1,-0.980686547188127,0.9462170674146508,-0.01723473988673807,0.9634518073013889,1.9269036146027778,affine,0.27798964960046396,0.5559792992009279,1.0,0.27798964960046396,eta_l0_n19_r1,NA,ok
pinn100d_shallow300_medium_hybrid_pz_uncompressed_reverse_symbolic,single_cell,0,1.0,0,20,0,-0.8770094683630917,0.84103632101463,-0.017986573674230844,0.8590228946888608,1.7180457893777217,affine,0.05759508702140571,0.11519017404281141,0.9319962481713715,0.061797552441236185,eta_l0_n20_r0,NA,ok
pinn100d_shallow300_medium_hybrid_pz_uncompressed_reverse_symbolic,single_cell,0,1.0,0,20,1,-0.8770094683630917,0.84103632101463,-0.017986573674230844,0.8590228946888608,1.7180457893777217,affine,0.24189208900710638,0.48378417801421275,1.0,0.24189208900710638,eta_l0_n20_r1,NA,ok
pinn100d_shallow300_medium_hybrid_pz_uncompressed_reverse_symbolic,single_cell,0,1.0,0,21,0,-0.9711358295108825,0.9996589259075812,0.01426154819834935,0.9853973777092319,1.9707947554184637,affine,0.07912843252686426,0.15825686505372852,0.9319962481713715,0.08490209341734867,eta_l0_n21_r0,NA,ok
pinn100d_shallow300_medium_hybrid_pz_uncompressed_reverse_symbolic,single_cell,0,1.0,0,21,1,-0.9711358295108825,0.9996589259075812,0.01426154819834935,0.9853973777092319,1.9707947554184637,affine,0.285222212816681,0.570444425633362,1.0,0.285222212816681,eta_l0_n21_r1,NA,ok
pinn100d_shallow300_medium_hybrid_pz_uncompressed_reverse_symbolic,single_cell,0,1.0,0,22,0,-1.091541462437189,1.130698829634847,0.019578683598828972,1.111120146036018,2.222240292072036,affine,0.10280415066198174,0.2056083013239635,0.9319962481713715,0.1103053267260348,eta_l0_n22_r0,NA,ok
pinn100d_shallow300_medium_hybrid_pz_uncompressed_reverse_symbolic,single_cell,0,1.0,0,22,1,-1.091541462437189,1.130698829634847,0.019578683598828972,1.111120146036018,2.222240292072036,affine,0.323427255172354,0.646854510344708,1.0,0.323427255172354,eta_l0_n22_r1,NA,ok
pinn100d_shallow300_medium_hybrid_pz_uncompressed_reverse_symbolic,single_cell,0,1.0,0,23,0,-1.0995505666712748,1.068345283359666,-0.015602641655804383,1.0839479250154704,2.167895850030941,affine,0.09752239534692254,0.1950447906938451,0.9319962481713715,0.10463818447581405,eta_l0_n23_r0,NA,ok
pinn100d_shallow300_medium_hybrid_pz_uncompressed_reverse_symbolic,single_cell,0,1.0,0,23,1,-1.0995505666712748,1.068345283359666,-0.015602641655804383,1.0839479250154704,2.167895850030941,affine,0.31564410377407026,0.6312882075481405,1.0,0.31564410377407026,eta_l0_n23_r1,NA,ok
pinn100d_shallow300_medium_hybrid_pz_uncompressed_reverse_symbolic,single_cell,0,1.0,0,24,0,-1.2523324641820424,1.2922888533963237,0.019978194607140676,1.272310658789183,2.544621317578366,affine,0.13521015581349047,0.27042031162698094,0.9319962481713715,0.14507585849061122,eta_l0_n24_r0,NA,ok
pinn100d_shallow300_medium_hybrid_pz_uncompressed_reverse_symbolic,single_cell,0,1.0,0,24,1,-1.2523324641820424,1.2922888533963237,0.019978194607140676,1.272310658789183,2.544621317578366,affine,0.36488914114320087,0.7297782822864017,1.0,0.36488914114320087,eta_l0_n24_r1,NA,ok
pinn100d_shallow300_medium_hybrid_pz_uncompressed_reverse_symbolic,single_cell,0,1.0,0,25,0,-1.2223185723825796,1.1844726444174878,-0.018922963982545893,1.2033956084000337,2.4067912168000674,affine,0.12114127036711338,0.24228254073422675,0.9319962481713715,0.12998042707231847,eta_l0_n25_r0,NA,ok
pinn100d_shallow300_medium_hybrid_pz_uncompressed_reverse_symbolic,single_cell,0,1.0,0,25,1,-1.2223185723825796,1.1844726444174878,-0.018922963982545893,1.2033956084000337,2.4067912168000674,affine,0.34822494018929073,0.6964498803785815,1.0,0.34822494018929073,eta_l0_n25_r1,NA,ok
pinn100d_shallow300_medium_hybrid_pz_uncompressed_reverse_symbolic,single_cell,0,1.0,0,26,0,-1.076035332101526,1.0349918026899472,-0.02052176470578937,1.0555135673957365,2.111027134791473,affine,0.09212749605465377,0.18425499210930754,0.9319962481713715,0.09884964261971338,eta_l0_n26_r0,NA,ok
pinn100d_shallow300_medium_hybrid_pz_uncompressed_reverse_symbolic,single_cell,0,1.0,0,26,1,-1.076035332101526,1.0349918026899472,-0.02052176470578937,1.0555135673957365,2.111027134791473,affine,0.3071097487560824,0.6142194975121648,1.0,0.3071097487560824,eta_l0_n26_r1,NA,ok
pinn100d_shallow300_medium_hybrid_pz_uncompressed_reverse_symbolic,single_cell,0,1.0,0,27,0,-1.076575027201125,1.0932061682436136,0.00831557052124432,1.0848905977223693,2.1697811954447386,affine,0.09767678010090204,0.19535356020180408,0.9319962481713715,0.10480383402030782,eta_l0_n27_r0,NA,ok
pinn100d_shallow300_medium_hybrid_pz_uncompressed_reverse_symbolic,single_cell,0,1.0,0,27,1,-1.076575027201125,1.0932061682436136,0.00831557052124432,1.0848905977223693,2.1697811954447386,affine,0.31598948424092793,0.6319789684818559,1.0,0.31598948424092793,eta_l0_n27_r1,NA,ok
pinn100d_shallow300_medium_hybrid_pz_uncompressed_reverse_symbolic,single_cell,0,1.0,0,28,0,-0.834957147551347,0.8610004970616335,0.013021674755143264,0.8479788223064902,1.6959576446129805,affine,0.055810473951034785,0.11162094790206957,0.9319962481713715,0.059882723842009065,eta_l0_n28_r0,NA,ok
pinn100d_shallow300_medium_hybrid_pz_uncompressed_reverse_symbolic,single_cell,0,1.0,0,28,1,-0.834957147551347,0.8610004970616335,0.013021674755143264,0.8479788223064902,1.6959576446129805,affine,0.2379824436138722,0.4759648872277444,1.0,0.2379824436138722,eta_l0_n28_r1,NA,ok
pinn100d_shallow300_medium_hybrid_pz_uncompressed_reverse_symbolic,single_cell,0,1.0,0,29,0,-1.1914992825472055,1.2302241779957934,0.019362447724293963,1.2108617302714995,2.421723460542999,affine,0.1226544191509072,0.2453088383018144,0.9319962481713715,0.13160398380525887,eta_l0_n29_r0,NA,ok
pinn100d_shallow300_medium_hybrid_pz_uncompressed_reverse_symbolic,single_cell,0,1.0,0,29,1,-1.1914992825472055,1.2302241779957934,0.019362447724293963,1.2108617302714995,2.421723460542999,affine,0.35010101640132024,0.7002020328026405,1.0,0.35010101640132024,eta_l0_n29_r1,NA,ok
pinn100d_shallow300_medium_hybrid_pz_uncompressed_reverse_symbolic,single_cell,0,1.0,0,30,0,-0.7475100832928717,0.7212093167911565,-0.0131503832508576,0.7343597000420141,1.4687194000840282,affine,0.03916738782673008,0.07833477565346016,0.9319962481713715,0.042025263410210796,eta_l0_n30_r0,NA,ok
pinn100d_shallow300_medium_hybrid_pz_uncompressed_reverse_symbolic,single_cell,0,1.0,0,30,1,-0.7475100832928717,0.7212093167911565,-0.0131503832508576,0.7343597000420141,1.4687194000840282,affine,0.1956904995319357,0.3913809990638714,1.0,0.1956904995319357,eta_l0_n30_r1,NA,ok
pinn100d_shallow300_medium_hybrid_pz_uncompressed_reverse_symbolic,single_cell,0,1.0,0,31,0,-1.0033698976233736,0.9680875531177244,-0.017641172252824577,0.985728725370549,1.971457450741098,affine,0.07920689094127416,0.15841378188254832,0.9319962481713715,0.08498627660431304,eta_l0_n31_r0,NA,ok
pinn100d_shallow300_medium_hybrid_pz_uncompressed_reverse_symbolic,single_cell,0,1.0,0,31,1,-1.0033698976233736,0.9680875531177244,-0.017641172252824577,0.985728725370549,1.971457450741098,affine,0.2852835771335911,0.5705671542671822,1.0,0.2852835771335911,eta_l0_n31_r1,NA,ok
pinn100d_shallow300_medium_hybrid_pz_uncompressed_reverse_symbolic,single_cell,0,1.0,0,32,0,-1.2946227610182184,1.251499462932461,-0.021561649042878717,1.2730611119753397,2.5461222239506793,affine,0.1353723538326648,0.2707447076653296,0.9319962481713715,0.1452498914006069,eta_l0_n32_r0,NA,ok
pinn100d_shallow300_medium_hybrid_pz_uncompressed_reverse_symbolic,single_cell,0,1.0,0,32,1,-1.2946227610182184,1.251499462932461,-0.021561649042878717,1.2730611119753397,2.5461222239506793,affine,0.3650408857692888,0.7300817715385776,1.0,0.3650408857692888,eta_l0_n32_r1,NA,ok
pinn100d_shallow300_medium_hybrid_pz_uncompressed_reverse_symbolic,single_cell,0,1.0,0,33,0,-0.8320043509056438,0.8630198990126956,0.01550777405352588,0.8475121249591697,1.6950242499183394,affine,0.05575080421097712,0.11150160842195424,0.9319962481713715,0.05981870025803569,eta_l0_n33_r0,NA,ok
pinn100d_shallow300_medium_hybrid_pz_uncompressed_reverse_symbolic,single_cell,0,1.0,0,33,1,-0.8320043509056438,0.8630198990126956,0.01550777405352588,0.8475121249591697,1.6950242499183394,affine,0.23778197001319681,0.47556394002639363,1.0,0.23778197001319681,eta_l0_n33_r1,NA,ok
pinn100d_shallow300_medium_hybrid_pz_uncompressed_reverse_symbolic,single_cell,0,1.0,0,34,0,-0.9062201538536023,0.9391835025457023,0.016481674346049968,0.9227018281996523,1.8454036563993046,affine,0.06812369722603763,0.13624739445207526,0.9319962481713715,0.07309438998247055,eta_l0_n34_r0,NA,ok
pinn100d_shallow300_medium_hybrid_pz_uncompressed_reverse_symbolic,single_cell,0,1.0,0,34,1,-0.9062201538536023,0.9391835025457023,0.016481674346049968,0.9227018281996523,1.8454036563993046,affine,0.2642706782631371,0.5285413565262742,1.0,0.2642706782631371,eta_l0_n34_r1,NA,ok
pinn100d_shallow300_medium_hybrid_pz_uncompressed_reverse_symbolic,single_cell,0,1.0,0,35,0,-0.9404150670737784,0.9548630677126783,0.007224000319449919,0.9476390673932283,1.8952781347864567,affine,0.07239481230028884,0.14478962460057768,0.9319962481713715,0.07767714992665635,eta_l0_n35_r0,NA,ok
pinn100d_shallow300_medium_hybrid_pz_uncompressed_reverse_symbolic,single_cell,0,1.0,0,35,1,-0.9404150670737784,0.9548630677126783,0.007224000319449919,0.9476390673932283,1.8952781347864567,affine,0.2728251996328844,0.5456503992657687,1.0,0.2728251996328844,eta_l0_n35_r1,NA,ok
pinn100d_shallow300_medium_hybrid_pz_uncompressed_reverse_symbolic,single_cell,0,1.0,0,36,0,-1.2437303274076266,1.2791681800370145,0.01771892631469396,1.2614492537223205,2.522898507444641,affine,0.1329675800582422,0.2659351601164844,0.9319962481713715,0.1426696516419803,eta_l0_n36_r0,NA,ok
pinn100d_shallow300_medium_hybrid_pz_uncompressed_reverse_symbolic,single_cell,0,1.0,0,36,1,-1.2437303274076266,1.2791681800370145,0.01771892631469396,1.2614492537223205,2.522898507444641,affine,0.3623911650694393,0.7247823301388786,1.0,0.3623911650694393,eta_l0_n36_r1,NA,ok
pinn100d_shallow300_medium_hybrid_pz_uncompressed_reverse_symbolic,single_cell,0,1.0,0,37,0,-1.1019913101592171,1.133740148975588,0.01587441940818546,1.1178657295674026,2.235731459134805,affine,0.10410160451057877,0.20820320902115755,0.9319962481713715,0.11169745019342289,eta_l0_n37_r0,NA,ok
pinn100d_shallow300_medium_hybrid_pz_uncompressed_reverse_symbolic,single_cell,0,1.0,0,37,1,-1.1019913101592171,1.133740148975588,0.01587441940818546,1.1178657295674026,2.235731459134805,affine,0.3253861193108079,0.6507722386216158,1.0,0.3253861193108079,eta_l0_n37_r1,NA,ok
pinn100d_shallow300_medium_hybrid_pz_uncompressed_reverse_symbolic,single_cell,0,1.0,0,38,0,-0.7748642347846237,0.7429797929158601,-0.0159422209343818,0.7589220138502419,1.5178440277004839,affine,0.04255388603436006,0.08510777206872013,0.9319962481713715,0.04565885980534058,eta_l0_n38_r0,NA,ok
pinn100d_shallow300_medium_hybrid_pz_uncompressed_reverse_symbolic,single_cell,0,1.0,0,38,1,-0.7748642347846237,0.7429797929158601,-0.0159422209343818,0.7589220138502419,1.5178440277004839,affine,0.2049704217776224,0.4099408435552448,1.0,0.2049704217776224,eta_l0_n38_r1,NA,ok
pinn100d_shallow300_medium_hybrid_pz_uncompressed_reverse_symbolic,single_cell,0,1.0,0,39,0,-1.0441939899867647,1.0106362591533828,-0.016778865416690936,1.0274151245700738,2.0548302491401476,affine,0.08683626610744645,0.1736725322148929,0.9319962481713715,0.09317233441424688,eta_l0_n39_r0,NA,ok
pinn100d_shallow300_medium_hybrid_pz_uncompressed_reverse_symbolic,single_cell,0,1.0,0,39,1,-1.0441939899867647,1.0106362591533828,-0.016778865416690936,1.0274151245700738,2.0548302491401476,affine,0.2985464348510089,0.5970928697020178,1.0,0.2985464348510089,eta_l0_n39_r1,NA,ok
pinn100d_shallow300_medium_hybrid_pz_uncompressed_reverse_symbolic,single_cell,0,1.0,0,40,0,-1.0016438696095074,0.9635624254813991,-0.019040722064054105,0.9826031475454533,1.9652062950909066,affine,0.07865281463649128,0.15730562927298256,0.9319962481713715,0.08439177173815074,eta_l0_n40_r0,NA,ok
pinn100d_shallow300_medium_hybrid_pz_uncompressed_reverse_symbolic,single_cell,0,1.0,0,40,1,-1.0016438696095074,0.9635624254813991,-0.019040722064054105,0.9826031475454533,1.9652062950909066,affine,0.2842463860855686,0.5684927721711373,1.0,0.2842463860855686,eta_l0_n40_r1,NA,ok
pinn100d_shallow300_medium_hybrid_pz_uncompressed_reverse_symbolic,single_cell,0,1.0,0,41,0,-0.811573872058711,0.8429313111060707,0.01567871952367983,0.8272525915823908,1.6545051831647817,affine,0.052595132871832324,0.10519026574366465,0.9319962481713715,0.056432773173740666,eta_l0_n41_r0,NA,ok
pinn100d_shallow300_medium_hybrid_pz_uncompressed_reverse_symbolic,single_cell,0,1.0,0,41,1,-0.811573872058711,0.8429313111060707,0.01567871952367983,0.8272525915823908,1.6545051831647817,affine,0.23040909991814082,0.46081819983628164,1.0,0.23040909991814082,eta_l0_n41_r1,NA,ok
pinn100d_shallow300_medium_hybrid_pz_uncompressed_reverse_symbolic,single_cell,0,1.0,0,42,0,-0.8258438072260422,0.7979791433617528,-0.013932331932144715,0.8119114752938975,1.623822950587795,affine,0.05024729084278002,0.10049458168556004,0.9319962481713715,0.05391361922472113,eta_l0_n42_r0,NA,ok
pinn100d_shallow300_medium_hybrid_pz_uncompressed_reverse_symbolic,single_cell,0,1.0,0,42,1,-0.8258438072260422,0.7979791433617528,-0.013932331932144715,0.8119114752938975,1.623822950587795,affine,0.2247944505364546,0.4495889010729092,1.0,0.2247944505364546,eta_l0_n42_r1,NA,ok
pinn100d_shallow300_medium_hybrid_pz_uncompressed_reverse_symbolic,single_cell,0,1.0,0,43,0,-1.5065542104519747,1.5398009931369268,0.016623391342476035,1.5231776017944507,3.0463552035889014,affine,0.18746340190277452,0.37492680380554905,0.9319962481713715,0.20114179887589478,eta_l0_n43_r0,NA,ok
pinn100d_shallow300_medium_hybrid_pz_uncompressed_reverse_symbolic,single_cell,0,1.0,0,43,1,-1.5065542104519747,1.5398009931369268,0.016623391342476035,1.5231776017944507,3.0463552035889014,affine,0.4133050751389223,0.8266101502778446,1.0,0.4133050751389223,eta_l0_n43_r1,NA,ok
pinn100d_shallow300_medium_hybrid_pz_uncompressed_reverse_symbolic,single_cell,0,1.0,0,44,0,-1.2988952400105458,1.2544908389724558,-0.02220220051904498,1.2766930394915008,2.5533860789830016,affine,0.13612331689707471,0.27224663379414943,0.9319962481713715,0.14605564900519313,eta_l0_n44_r0,NA,ok
pinn100d_shallow300_medium_hybrid_pz_uncompressed_reverse_symbolic,single_cell,0,1.0,0,44,1,-1.2988952400105458,1.2544908389724558,-0.02220220051904498,1.2766930394915008,2.5533860789830016,affine,0.3658672600173671,0.7317345200347342,1.0,0.3658672600173671,eta_l0_n44_r1,NA,ok
pinn100d_shallow300_medium_hybrid_pz_uncompressed_reverse_symbolic,single_cell,0,1.0,0,45,0,-0.6773605002971812,0.6675984405014699,-0.00488102989785566,0.6724794703993255,1.344958940798651,affine,0.031247814786823872,0.062495629573647744,0.9319962481713715,0.03352783323767003,eta_l0_n45_r0,NA,ok
pinn100d_shallow300_medium_hybrid_pz_uncompressed_reverse_symbolic,single_cell,0,1.0,0,45,1,-0.6773605002971812,0.6675984405014699,-0.00488102989785566,0.6724794703993255,1.344958940798651,affine,0.17204478770874512,0.34408957541749025,1.0,0.17204478770874512,eta_l0_n45_r1,NA,ok
pinn100d_shallow300_medium_hybrid_pz_uncompressed_reverse_symbolic,single_cell,0,1.0,0,46,0,-0.8663927459559604,0.901336093049574,0.017471673546806787,0.8838644195027672,1.7677288390055343,affine,0.06161881063103398,0.12323762126206796,0.9319962481713715,0.06611486983121823,eta_l0_n46_r0,NA,ok
pinn100d_shallow300_medium_hybrid_pz_uncompressed_reverse_symbolic,single_cell,0,1.0,0,46,1,-0.8663927459559604,0.901336093049574,0.017471673546806787,0.8838644195027672,1.7677288390055343,affine,0.25074390701983446,0.5014878140396689,1.0,0.25074390701983446,eta_l0_n46_r1,NA,ok
pinn100d_shallow300_medium_hybrid_pz_uncompressed_reverse_symbolic,single_cell,0,1.0,0,47,0,-0.8527698834317738,0.8310757190829281,-0.010847082174422873,0.841922801257351,1.683845602514702,affine,0.054847789658709296,0.10969557931741859,0.9319962481713715,0.05884979662345606,eta_l0_n47_r0,NA,ok
pinn100d_shallow300_medium_hybrid_pz_uncompressed_reverse_symbolic,single_cell,0,1.0,0,47,1,-0.8527698834317738,0.8310757190829281,-0.010847082174422873,0.841922801257351,1.683845602514702,affine,0.23581240905165804,0.4716248181033161,1.0,0.23581240905165804,eta_l0_n47_r1,NA,ok
pinn100d_shallow300_medium_hybrid_pz_uncompressed_reverse_symbolic,single_cell,0,1.0,0,48,0,-1.0115982611523096,1.0428605240202085,0.015631131433949452,1.027229392586259,2.054458785172518,affine,0.0867955966979921,0.1735911933959842,0.9319962481713715,0.09312869753316055,eta_l0_n48_r0,NA,ok
pinn100d_shallow300_medium_hybrid_pz_uncompressed_reverse_symbolic,single_cell,0,1.0,0,48,1,-1.0115982611523096,1.0428605240202085,0.015631131433949452,1.027229392586259,2.054458785172518,affine,0.2985041035683372,0.5970082071366744,1.0,0.2985041035683372,eta_l0_n48_r1,NA,ok
pinn100d_shallow300_medium_hybrid_pz_uncompressed_reverse_symbolic,single_cell,0,1.0,0,49,0,-0.8165600505003641,0.8478715991858072,0.015655774342721585,0.8322158248430856,1.6644316496861713,affine,0.053361052968857854,0.10672210593771571,0.9319962481713715,0.057254579161187834,eta_l0_n49_r0,NA,ok
pinn100d_shallow300_medium_hybrid_pz_uncompressed_reverse_symbolic,single_cell,0,1.0,0,49,1,-0.8165600505003641,0.8478715991858072,0.015655774342721585,0.8322158248430856,1.6644316496861713,affine,0.23222316361302534,0.46444632722605067,1.0,0.23222316361302534,eta_l0_n49_r1,NA,ok
pinn100d_shallow300_medium_hybrid_pz_uncompressed_reverse_symbolic,single_cell,0,1.0,0,50,0,-1.1685921066522977,1.2049616256427138,0.018184759495208036,1.1867768661475058,2.3735537322950115,affine,0.11778720959870133,0.23557441919740266,0.9319962481713715,0.1263816349366281,eta_l0_n50_r0,NA,ok
pinn100d_shallow300_medium_hybrid_pz_uncompressed_reverse_symbolic,single_cell,0,1.0,0,50,1,-1.1685921066522977,1.2049616256427138,0.018184759495208036,1.1867768661475058,2.3735537322950115,affine,0.34397954463048364,0.6879590892609673,1.0,0.34397954463048364,eta_l0_n50_r1,NA,ok
pinn100d_shallow300_medium_hybrid_pz_uncompressed_reverse_symbolic,single_cell,0,1.0,0,51,0,-0.8006207796149771,0.8344702881968005,0.01692475429091167,0.8175455339058888,1.6350910678117776,affine,0.05111893061710033,0.10223786123420066,0.9319962481713715,0.054848858798947436,eta_l0_n51_r0,NA,ok
pinn100d_shallow300_medium_hybrid_pz_uncompressed_reverse_symbolic,single_cell,0,1.0,0,51,1,-0.8006207796149771,0.8344702881968005,0.01692475429091167,0.8175455339058888,1.6350910678117776,affine,0.22682905751238872,0.45365811502477743,1.0,0.22682905751238872,eta_l0_n51_r1,NA,ok
pinn100d_shallow300_medium_hybrid_pz_uncompressed_reverse_symbolic,single_cell,0,1.0,0,52,0,-0.7420477599644351,0.7703028121308593,0.014127526083212105,0.7561752860476472,1.5123505720952943,affine,0.04215920397663842,0.08431840795327684,0.9319962481713715,0.04523537949788653,eta_l0_n52_r0,NA,ok
pinn100d_shallow300_medium_hybrid_pz_uncompressed_reverse_symbolic,single_cell,0,1.0,0,52,1,-0.7420477599644351,0.7703028121308593,0.014127526083212105,0.7561752860476472,1.5123505720952943,affine,0.20395651747432283,0.40791303494864567,1.0,0.20395651747432283,eta_l0_n52_r1,NA,ok
pinn100d_shallow300_medium_hybrid_pz_uncompressed_reverse_symbolic,single_cell,0,1.0,0,53,0,-1.090911376884629,1.0503864671686705,-0.020262454857979284,1.0706489220266497,2.1412978440532995,affine,0.09500119573358663,0.19000239146717326,0.9319962481713715,0.10193302378629127,eta_l0_n53_r0,NA,ok
pinn100d_shallow300_medium_hybrid_pz_uncompressed_reverse_symbolic,single_cell,0,1.0,0,53,1,-1.090911376884629,1.0503864671686705,-0.020262454857979284,1.0706489220266497,2.1412978440532995,affine,0.3116520262051116,0.6233040524102232,1.0,0.3116520262051116,eta_l0_n53_r1,NA,ok
pinn100d_shallow300_medium_hybrid_pz_uncompressed_reverse_symbolic,single_cell,0,1.0,0,54,0,-1.2066771566490582,1.1738953830218986,-0.016390886813579808,1.1902862698354784,2.3805725396709567,affine,0.11848491224053499,0.23696982448106998,0.9319962481713715,0.12713024593501207,eta_l0_n54_r0,NA,ok
pinn100d_shallow300_medium_hybrid_pz_uncompressed_reverse_symbolic,single_cell,0,1.0,0,54,1,-1.2066771566490582,1.1738953830218986,-0.016390886813579808,1.1902862698354784,2.3805725396709567,affine,0.34490796924504924,0.6898159384900985,1.0,0.34490796924504924,eta_l0_n54_r1,NA,ok
pinn100d_shallow300_medium_hybrid_pz_uncompressed_reverse_symbolic,single_cell,0,1.0,0,55,0,-0.6654554261844666,0.6941495666632106,0.014347070239371984,0.6798024964238386,1.3596049928476772,affine,0.03217402595959646,0.06434805191919292,0.9319962481713715,0.03452162605023753,eta_l0_n55_r0,NA,ok
pinn100d_shallow300_medium_hybrid_pz_uncompressed_reverse_symbolic,single_cell,0,1.0,0,55,1,-0.6654554261844666,0.6941495666632106,0.014347070239371984,0.6798024964238386,1.3596049928476772,affine,0.17478486104675103,0.34956972209350207,1.0,0.17478486104675103,eta_l0_n55_r1,NA,ok
pinn100d_shallow300_medium_hybrid_pz_uncompressed_reverse_symbolic,single_cell,0,1.0,0,56,0,-0.7083442383527362,0.7036147618286083,-0.002364738262063959,0.7059795000906722,1.4119590001813445,affine,0.03540540227173134,0.07081080454346268,0.9319962481713715,0.03798878197331664,eta_l0_n56_r0,NA,ok
pinn100d_shallow300_medium_hybrid_pz_uncompressed_reverse_symbolic,single_cell,0,1.0,0,56,1,-0.7083442383527362,0.7036147618286083,-0.002364738262063959,0.7059795000906722,1.4119590001813445,quadratic,0.01435081539743612,0.02870163079487224,1.0,0.01435081539743612,eta_l0_n56_r1,NA,ok
pinn100d_shallow300_medium_hybrid_pz_uncompressed_reverse_symbolic,single_cell,0,1.0,0,57,0,-1.2329296305415842,1.1932285191339407,-0.01985055570382177,1.2130790748377624,2.426158149675525,affine,0.1231062852532452,0.2462125705064904,0.9319962481713715,0.1320888206307553,eta_l0_n57_r0,NA,ok
pinn100d_shallow300_medium_hybrid_pz_uncompressed_reverse_symbolic,single_cell,0,1.0,0,57,1,-1.2329296305415842,1.1932285191339407,-0.01985055570382177,1.2130790748377624,2.426158149675525,affine,0.3506497194153905,0.701299438830781,1.0,0.3506497194153905,eta_l0_n57_r1,NA,ok
pinn100d_shallow300_medium_hybrid_pz_uncompressed_reverse_symbolic,single_cell,0,1.0,0,58,0,-0.7334941393710497,0.7131942540621978,-0.010149942654425925,0.7233441967166238,1.4466883934332475,affine,0.037684701643931236,0.07536940328786247,0.9319962481713715,0.04043439200304799,eta_l0_n58_r0,NA,ok
pinn100d_shallow300_medium_hybrid_pz_uncompressed_reverse_symbolic,single_cell,0,1.0,0,58,1,-0.7334941393710497,0.7131942540621978,-0.010149942654425925,0.7233441967166238,1.4466883934332475,affine,0.19152118340627797,0.38304236681255593,1.0,0.19152118340627797,eta_l0_n58_r1,NA,ok
pinn100d_shallow300_medium_hybrid_pz_uncompressed_reverse_symbolic,single_cell,0,1.0,0,59,0,-0.9466935748263166,0.9255364543021678,-0.010578560262074377,0.9361150145642422,1.8722300291284844,affine,0.07040104306089869,0.14080208612179737,0.9319962481713715,0.07553790393365795,eta_l0_n59_r0,NA,ok
pinn100d_shallow300_medium_hybrid_pz_uncompressed_reverse_symbolic,single_cell,0,1.0,0,59,1,-0.9466935748263166,0.9255364543021678,-0.010578560262074377,0.9361150145642422,1.8722300291284844,affine,0.26891234934821284,0.5378246986964257,1.0,0.26891234934821284,eta_l0_n59_r1,NA,ok
pinn100d_shallow300_medium_hybrid_pz_uncompressed_reverse_symbolic,single_cell,0,1.0,0,60,0,-1.5860529702984412,1.5733837593858007,-0.0063346054563202525,1.579718364842121,3.159436729684242,affine,0.1992008157072346,0.3984016314144692,0.9319962481713715,0.21373564120894015,eta_l0_n60_r0,NA,ok
pinn100d_shallow300_medium_hybrid_pz_uncompressed_reverse_symbolic,single_cell,0,1.0,0,60,1,-1.5860529702984412,1.5733837593858007,-0.0063346054563202525,1.579718364842121,3.159436729684242,quadratic,0.12300515623212518,0.24601031246425037,1.0,0.12300515623212518,eta_l0_n60_r1,NA,ok
pinn100d_shallow300_medium_hybrid_pz_uncompressed_reverse_symbolic,single_cell,0,1.0,0,61,0,-1.1365766537137105,1.1040485548774308,-0.01626404941813986,1.1203126042955707,2.2406252085911413,affine,0.10458222490461823,0.20916444980923646,0.9319962481713715,0.11221313938743249,eta_l0_n61_r0,NA,ok
pinn100d_shallow300_medium_hybrid_pz_uncompressed_reverse_symbolic,single_cell,0,1.0,0,61,1,-1.1365766537137105,1.1040485548774308,-0.01626404941813986,1.1203126042955707,2.2406252085911413,affine,0.3260695819670721,0.6521391639341442,1.0,0.3260695819670721,eta_l0_n61_r1,NA,ok
pinn100d_shallow300_medium_hybrid_pz_uncompressed_reverse_symbolic,single_cell,0,1.0,0,62,0,-1.0643707508376146,1.0985694149464216,0.017099332054403504,1.081470082892018,2.162940165784036,affine,0.09705393191182805,0.1941078638236561,0.9319962481713715,0.1041355392816798,eta_l0_n62_r0,NA,ok
pinn100d_shallow300_medium_hybrid_pz_uncompressed_reverse_symbolic,single_cell,0,1.0,0,62,1,-1.0643707508376146,1.0985694149464216,0.017099332054403504,1.081470082892018,2.162940165784036,affine,0.3148977187880975,0.629795437576195,1.0,0.3148977187880975,eta_l0_n62_r1,NA,ok
pinn100d_shallow300_medium_hybrid_pz_uncompressed_reverse_symbolic,single_cell,0,1.0,0,63,0,-1.4015171493211271,1.3643005656294993,-0.018608291845813918,1.3829088574753132,2.7658177149506264,affine,0.15815871965502917,0.31631743931005835,0.9319962481713715,0.16969888018899795,eta_l0_n63_r0,NA,ok
pinn100d_shallow300_medium_hybrid_pz_uncompressed_reverse_symbolic,single_cell,0,1.0,0,63,1,-1.4015171493211271,1.3643005656294993,-0.018608291845813918,1.3829088574753132,2.7658177149506264,affine,0.3885130831309808,0.7770261662619616,1.0,0.3885130831309808,eta_l0_n63_r1,NA,ok
pinn100d_shallow300_medium_hybrid_pz_uncompressed_reverse_symbolic,single_cell,0,1.0,0,64,0,-0.8850519189924944,0.8509091370870554,-0.01707139095271948,0.8679805280397749,1.7359610560795498,affine,0.05902823505223593,0.11805647010447186,0.9319962481713715,0.0633352711108576,eta_l0_n64_r0,NA,ok
pinn100d_shallow300_medium_hybrid_pz_uncompressed_reverse_symbolic,single_cell,0,1.0,0,64,1,-0.8850519189924944,0.8509091370870554,-0.01707139095271948,0.8679805280397749,1.7359610560795498,affine,0.2451125389514658,0.4902250779029316,1.0,0.2451125389514658,eta_l0_n64_r1,NA,ok
pinn100d_shallow300_medium_hybrid_pz_uncompressed_reverse_symbolic,single_cell,0,1.0,0,65,0,-0.8429087446687176,0.865827317741177,0.01145928653622974,0.8543680312049473,1.7087360624098946,affine,0.05681525626691875,0.1136305125338375,0.9319962481713715,0.060960820795570206,eta_l0_n65_r0,NA,ok
pinn100d_shallow300_medium_hybrid_pz_uncompressed_reverse_symbolic,single_cell,0,1.0,0,65,1,-0.8429087446687176,0.865827317741177,0.01145928653622974,0.8543680312049473,1.7087360624098946,affine,0.24030458215024156,0.4806091643004831,1.0,0.24030458215024156,eta_l0_n65_r1,NA,ok
pinn100d_shallow300_medium_hybrid_pz_uncompressed_reverse_symbolic,single_cell,0,1.0,0,66,0,-0.9905468239121494,0.9617857365141983,-0.014380543698975568,0.9761662802131739,1.9523325604263477,affine,0.0774704270215625,0.154940854043125,0.9319962481713715,0.08312311039187527,eta_l0_n66_r0,NA,ok
pinn100d_shallow300_medium_hybrid_pz_uncompressed_reverse_symbolic,single_cell,0,1.0,0,66,1,-0.9905468239121494,0.9617857365141983,-0.014380543698975568,0.9761662802131739,1.9523325604263477,affine,0.2822132019188917,0.5644264038377834,1.0,0.2822132019188917,eta_l0_n66_r1,NA,ok
pinn100d_shallow300_medium_hybrid_pz_uncompressed_reverse_symbolic,single_cell,0,1.0,0,67,0,-0.8810449969340859,0.912044788908644,0.015499895987279078,0.896544892921365,1.79308978584273,affine,0.06370430392497341,0.12740860784994681,0.9319962481713715,0.06835253258794206,eta_l0_n67_r0,NA,ok
pinn100d_shallow300_medium_hybrid_pz_uncompressed_reverse_symbolic,single_cell,0,1.0,0,67,1,-0.8810449969340859,0.912044788908644,0.015499895987279078,0.896544892921365,1.79308978584273,affine,0.2552280030625681,0.5104560061251362,1.0,0.2552280030625681,eta_l0_n67_r1,NA,ok
pinn100d_shallow300_medium_hybrid_pz_uncompressed_reverse_symbolic,single_cell,0,1.0,0,68,0,-1.0577074974769156,1.0951935167927764,0.01874300965793041,1.076450507134846,2.152901014269692,affine,0.0961007655593182,0.1922015311186364,0.9319962481713715,0.10311282448601401,eta_l0_n68_r0,NA,ok
pinn100d_shallow300_medium_hybrid_pz_uncompressed_reverse_symbolic,single_cell,0,1.0,0,68,1,-1.0577074974769156,1.0951935167927764,0.01874300965793041,1.076450507134846,2.152901014269692,affine,0.313395395818585,0.62679079163717,1.0,0.313395395818585,eta_l0_n68_r1,NA,ok
pinn100d_shallow300_medium_hybrid_pz_uncompressed_reverse_symbolic,single_cell,0,1.0,0,69,0,-1.379178420726976,1.4222829218948303,0.02155225058392718,1.4007306713109031,2.8014613426218062,affine,0.16189286350766371,0.32378572701532743,0.9319962481713715,0.17370548843442934,eta_l0_n69_r0,NA,ok
pinn100d_shallow300_medium_hybrid_pz_uncompressed_reverse_symbolic,single_cell,0,1.0,0,69,1,-1.379178420726976,1.4222829218948303,0.02155225058392718,1.4007306713109031,2.8014613426218062,affine,0.39193665167048064,0.7838733033409613,1.0,0.39193665167048064,eta_l0_n69_r1,NA,ok
pinn100d_shallow300_medium_hybrid_pz_uncompressed_reverse_symbolic,single_cell,0,1.0,0,70,0,-0.9308513790946809,0.9636725950147775,0.01641060796004834,0.9472619870547292,1.8945239741094584,affine,0.07236808784580497,0.14473617569160993,0.9319962481713715,0.0776484755038394,eta_l0_n70_r0,NA,ok
pinn100d_shallow300_medium_hybrid_pz_uncompressed_reverse_symbolic,single_cell,0,1.0,0,70,1,-0.9308513790946809,0.9636725950147775,0.01641060796004834,0.9472619870547292,1.8945239741094584,affine,0.2726039266590258,0.5452078533180515,1.0,0.2726039266590258,eta_l0_n70_r1,NA,ok
pinn100d_shallow300_medium_hybrid_pz_uncompressed_reverse_symbolic,single_cell,0,1.0,0,71,0,-1.4388858973944985,1.394990236741566,-0.02194783032646619,1.4169380670680323,2.8338761341360645,affine,0.16528217318108282,0.33056434636216564,0.9319962481713715,0.17734210143589701,eta_l0_n71_r0,NA,ok
pinn100d_shallow300_medium_hybrid_pz_uncompressed_reverse_symbolic,single_cell,0,1.0,0,71,1,-1.4388858973944985,1.394990236741566,-0.02194783032646619,1.4169380670680323,2.8338761341360645,affine,0.3949950653074476,0.7899901306148952,1.0,0.3949950653074476,eta_l0_n71_r1,NA,ok
pinn100d_shallow300_medium_hybrid_pz_uncompressed_reverse_symbolic,single_cell,0,1.0,0,72,0,-1.1711538278994706,1.2088264922154854,0.018836332158007396,1.189990160057478,2.379980320114956,affine,0.11843682940143908,0.23687365880287817,0.9319962481713715,0.12707865469825522,eta_l0_n72_r0,NA,ok
pinn100d_shallow300_medium_hybrid_pz_uncompressed_reverse_symbolic,single_cell,0,1.0,0,72,1,-1.1711538278994706,1.2088264922154854,0.018836332158007396,1.189990160057478,2.379980320114956,affine,0.3448007599664115,0.689601519932823,1.0,0.3448007599664115,eta_l0_n72_r1,NA,ok
pinn100d_shallow300_medium_hybrid_pz_uncompressed_reverse_symbolic,single_cell,0,1.0,0,73,0,-1.174538707187349,1.210071346678575,0.017766319745613046,1.192305026932962,2.384610053865924,affine,0.11889769438589372,0.23779538877178744,0.9319962481713715,0.12757314701553532,eta_l0_n73_r0,NA,ok
pinn100d_shallow300_medium_hybrid_pz_uncompressed_reverse_symbolic,single_cell,0,1.0,0,73,1,-1.174538707187349,1.210071346678575,0.017766319745613046,1.192305026932962,2.384610053865924,affine,0.3454105213869703,0.6908210427739406,1.0,0.3454105213869703,eta_l0_n73_r1,NA,ok
pinn100d_shallow300_medium_hybrid_pz_uncompressed_reverse_symbolic,single_cell,0,1.0,0,74,0,-0.9300731152852422,0.8929332780733101,-0.018569918605966018,0.9115031966792762,1.8230063933585523,affine,0.06623391994248702,0.13246783988497404,0.9319962481713715,0.0710667237904033,eta_l0_n74_r0,NA,ok
pinn100d_shallow300_medium_hybrid_pz_uncompressed_reverse_symbolic,single_cell,0,1.0,0,74,1,-0.9300731152852422,0.8929332780733101,-0.018569918605966018,0.9115031966792762,1.8230063933585523,affine,0.26038337545599266,0.5207667509119853,1.0,0.26038337545599266,eta_l0_n74_r1,NA,ok
pinn100d_shallow300_medium_hybrid_pz_uncompressed_reverse_symbolic,single_cell,0,1.0,0,75,0,-0.8829617050674683,0.9081151180277416,0.012576706480136646,0.8955384115476049,1.7910768230952099,affine,0.06352122059880379,0.12704244119760758,0.9319962481713715,0.0681560904600592,eta_l0_n75_r0,NA,ok
pinn100d_shallow300_medium_hybrid_pz_uncompressed_reverse_symbolic,single_cell,0,1.0,0,75,1,-0.8829617050674683,0.9081151180277416,0.012576706480136646,0.8955384115476049,1.7910768230952099,affine,0.25491234963215764,0.5098246992643153,1.0,0.25491234963215764,eta_l0_n75_r1,NA,ok
pinn100d_shallow300_medium_hybrid_pz_uncompressed_reverse_symbolic,single_cell,0,1.0,0,76,0,-1.1805875736327947,1.1488019022058173,-0.01589283571348865,1.164694737919306,2.329389475838612,affine,0.1133540174298754,0.2267080348597508,0.9319962481713715,0.1216249718303934,eta_l0_n76_r0,NA,ok
pinn100d_shallow300_medium_hybrid_pz_uncompressed_reverse_symbolic,single_cell,0,1.0,0,76,1,-1.1805875736327947,1.1488019022058173,-0.01589283571348865,1.164694737919306,2.329389475838612,affine,0.3382125951197492,0.6764251902394984,1.0,0.3382125951197492,eta_l0_n76_r1,NA,ok
pinn100d_shallow300_medium_hybrid_pz_uncompressed_reverse_symbolic,single_cell,0,1.0,0,77,0,-1.3659675145450214,1.3314526620255036,-0.0172574262597589,1.3487100882852625,2.697420176570525,affine,0.1510226319798477,0.3020452639596954,0.9319962481713715,0.16204210293352844,eta_l0_n77_r0,NA,ok
pinn100d_shallow300_medium_hybrid_pz_uncompressed_reverse_symbolic,single_cell,0,1.0,0,77,1,-1.3659675145450214,1.3314526620255036,-0.0172574262597589,1.3487100882852625,2.697420176570525,affine,0.3816306101926488,0.7632612203852976,1.0,0.3816306101926488,eta_l0_n77_r1,NA,ok
pinn100d_shallow300_medium_hybrid_pz_uncompressed_reverse_symbolic,single_cell,0,1.0,0,78,0,-0.6125577319415737,0.6569759697827166,0.022209118920571425,0.6347668508621451,1.2695337017242903,affine,0.026981033085969944,0.05396206617193989,0.9319962481713715,0.028949722854473108,eta_l0_n78_r0,NA,ok
pinn100d_shallow300_medium_hybrid_pz_uncompressed_reverse_symbolic,single_cell,0,1.0,0,78,1,-0.6125577319415737,0.6569759697827166,0.022209118920571425,0.6347668508621451,1.2695337017242903,affine,0.15734440236877792,0.31468880473755584,1.0,0.15734440236877792,eta_l0_n78_r1,NA,ok
pinn100d_shallow300_medium_hybrid_pz_uncompressed_reverse_symbolic,single_cell,0,1.0,0,79,0,-0.8548400889214127,0.8380958072828195,-0.008372140819296603,0.8464679481021161,1.6929358962042322,affine,0.05555260530301887,0.11110521060603774,0.9319962481713715,0.05960603962946865,eta_l0_n79_r0,NA,ok
pinn100d_shallow300_medium_hybrid_pz_uncompressed_reverse_symbolic,single_cell,0,1.0,0,79,1,-0.8548400889214127,0.8380958072828195,-0.008372140819296603,0.8464679481021161,1.6929358962042322,affine,0.237480546051433,0.474961092102866,1.0,0.237480546051433,eta_l0_n79_r1,NA,ok
pinn100d_shallow300_medium_hybrid_pz_uncompressed_reverse_symbolic,single_cell,0,1.0,0,80,0,-1.2719651427464118,1.2295099902121156,-0.021227576267148107,1.2507375664792637,2.5014751329585274,affine,0.13078781192491887,0.26157562384983774,0.9319962481713715,0.14033083521691406,eta_l0_n80_r0,NA,ok
pinn100d_shallow300_medium_hybrid_pz_uncompressed_reverse_symbolic,single_cell,0,1.0,0,80,1,-1.2719651427464118,1.2295099902121156,-0.021227576267148107,1.2507375664792637,2.5014751329585274,affine,0.3598172673204267,0.7196345346408534,1.0,0.3598172673204267,eta_l0_n80_r1,NA,ok
pinn100d_shallow300_medium_hybrid_pz_uncompressed_reverse_symbolic,single_cell,0,1.0,0,81,0,-0.6323568266861044,0.5723896197843605,-0.02998360345087192,0.6023732232352325,1.204746446470465,affine,0.023591200034515373,0.047182400069030746,0.9319962481713715,0.025312548286329072,eta_l0_n81_r0,NA,ok
pinn100d_shallow300_medium_hybrid_pz_uncompressed_reverse_symbolic,single_cell,0,1.0,0,81,1,-0.6323568266861044,0.5723896197843605,-0.02998360345087192,0.6023732232352325,1.204746446470465,affine,0.1447703056170632,0.2895406112341264,1.0,0.1447703056170632,eta_l0_n81_r1,NA,ok
pinn100d_shallow300_medium_hybrid_pz_uncompressed_reverse_symbolic,single_cell,0,1.0,0,82,0,-0.7707737858392829,0.7995670803645063,0.014396647262611695,0.7851704331018946,1.5703408662037892,affine,0.046288370646411676,0.09257674129282335,0.9319962481713715,0.049665833673935955,eta_l0_n82_r0,NA,ok
pinn100d_shallow300_medium_hybrid_pz_uncompressed_reverse_symbolic,single_cell,0,1.0,0,82,1,-0.7707737858392829,0.7995670803645063,0.014396647262611695,0.7851704331018946,1.5703408662037892,affine,0.21485561047209326,0.4297112209441865,1.0,0.21485561047209326,eta_l0_n82_r1,NA,ok
pinn100d_shallow300_medium_hybrid_pz_uncompressed_reverse_symbolic,single_cell,0,1.0,0,83,0,-0.8932013736751797,0.8717751463069091,-0.0107131136841353,0.8824882599910444,1.7649765199820888,affine,0.06135632904886263,0.12271265809772526,0.9319962481713715,0.0658332360985864,eta_l0_n83_r0,NA,ok
pinn100d_shallow300_medium_hybrid_pz_uncompressed_reverse_symbolic,single_cell,0,1.0,0,83,1,-0.8932013736751797,0.8717751463069091,-0.0107131136841353,0.8824882599910444,1.7649765199820888,affine,0.25034280413540316,0.5006856082708063,1.0,0.25034280413540316,eta_l0_n83_r1,NA,ok
pinn100d_shallow300_medium_hybrid_pz_uncompressed_reverse_symbolic,single_cell,0,1.0,0,84,0,-0.7976625548491153,0.8270409447667989,0.0146891949588418,0.8123517498079571,1.6247034996159142,affine,0.05031809937737942,0.10063619875475883,0.9319962481713715,0.05398959435309566,eta_l0_n84_r0,NA,ok
pinn100d_shallow300_medium_hybrid_pz_uncompressed_reverse_symbolic,single_cell,0,1.0,0,84,1,-0.7976625548491153,0.8270409447667989,0.0146891949588418,0.8123517498079571,1.6247034996159142,affine,0.2249472072371165,0.449894414474233,1.0,0.2249472072371165,eta_l0_n84_r1,NA,ok
pinn100d_shallow300_medium_hybrid_pz_uncompressed_reverse_symbolic,single_cell,0,1.0,0,85,0,-0.9348748672197601,0.9034342047802039,-0.015720331219778116,0.919154535999982,1.838309071999964,affine,0.06751399250682856,0.13502798501365712,0.9319962481713715,0.07244019773609044,eta_l0_n85_r0,NA,ok
pinn100d_shallow300_medium_hybrid_pz_uncompressed_reverse_symbolic,single_cell,0,1.0,0,85,1,-0.9348748672197601,0.9034342047802039,-0.015720331219778116,0.919154535999982,1.838309071999964,affine,0.2630640987443081,0.5261281974886162,1.0,0.2630640987443081,eta_l0_n85_r1,NA,ok
pinn100d_shallow300_medium_hybrid_pz_uncompressed_reverse_symbolic,single_cell,0,1.0,0,86,0,-1.1100026096220488,1.1489145687805895,0.019455979579270366,1.1294585892013191,2.2589171784026383,affine,0.1063931461831313,0.2127862923662626,0.9319962481713715,0.11415619579143217,eta_l0_n86_r0,NA,ok
pinn100d_shallow300_medium_hybrid_pz_uncompressed_reverse_symbolic,single_cell,0,1.0,0,86,1,-1.1100026096220488,1.1489145687805895,0.019455979579270366,1.1294585892013191,2.2589171784026383,affine,0.3285811233329349,0.6571622466658698,1.0,0.3285811233329349,eta_l0_n86_r1,NA,ok
pinn100d_shallow300_medium_hybrid_pz_uncompressed_reverse_symbolic,single_cell,0,1.0,0,87,0,-1.2789544097029164,1.23404014812509,-0.022457130788913204,1.2564972789140032,2.5129945578280064,affine,0.13197455335417327,0.26394910670834654,0.9319962481713715,0.14160416805659323,eta_l0_n87_r0,NA,ok
pinn100d_shallow300_medium_hybrid_pz_uncompressed_reverse_symbolic,single_cell,0,1.0,0,87,1,-1.2789544097029164,1.23404014812509,-0.022457130788913204,1.2564972789140032,2.5129945578280064,affine,0.3611638067539205,0.722327613507841,1.0,0.3611638067539205,eta_l0_n87_r1,NA,ok
pinn100d_shallow300_medium_hybrid_pz_uncompressed_reverse_symbolic,single_cell,0,1.0,0,88,0,-0.8196835402297237,0.8511525501491991,0.015734504959737716,0.8354180451894614,1.6708360903789228,affine,0.053858323789688196,0.10771664757937639,0.9319962481713715,0.05778813369191263,eta_l0_n88_r0,NA,ok
pinn100d_shallow300_medium_hybrid_pz_uncompressed_reverse_symbolic,single_cell,0,1.0,0,88,1,-0.8196835402297237,0.8511525501491991,0.015734504959737716,0.8354180451894614,1.6708360903789228,affine,0.23338951812693723,0.46677903625387446,1.0,0.23338951812693723,eta_l0_n88_r1,NA,ok
pinn100d_shallow300_medium_hybrid_pz_uncompressed_reverse_symbolic,single_cell,0,1.0,0,89,0,-0.8579518670180815,0.8906473389988188,0.01634773599036865,0.8742996030084501,1.7485992060169002,affine,0.06004773422309601,0.12009546844619202,0.9319962481713715,0.06442915874491234,eta_l0_n89_r0,NA,ok
pinn100d_shallow300_medium_hybrid_pz_uncompressed_reverse_symbolic,single_cell,0,1.0,0,89,1,-0.8579518670180815,0.8906473389988188,0.01634773599036865,0.8742996030084501,1.7485992060169002,affine,0.24737350884828138,0.49474701769656276,1.0,0.24737350884828138,eta_l0_n89_r1,NA,ok
pinn100d_shallow300_medium_hybrid_pz_uncompressed_reverse_symbolic,single_cell,0,1.0,0,90,0,-0.8207744817317321,0.7924840586718497,-0.014145211529941193,0.8066292702017909,1.6132585404035817,affine,0.04945446424308742,0.09890892848617484,0.9319962481713715,0.05306294348300203,eta_l0_n90_r0,NA,ok
pinn100d_shallow300_medium_hybrid_pz_uncompressed_reverse_symbolic,single_cell,0,1.0,0,90,1,-0.8207744817317321,0.7924840586718497,-0.014145211529941193,0.8066292702017909,1.6132585404035817,affine,0.22283997146248544,0.4456799429249709,1.0,0.22283997146248544,eta_l0_n90_r1,NA,ok
pinn100d_shallow300_medium_hybrid_pz_uncompressed_reverse_symbolic,single_cell,0,1.0,0,91,0,-1.289402589613948,1.2579584264319819,-0.015722081590983095,1.273680508022965,2.54736101604593,affine,0.13547413367370534,0.2709482673474107,0.9319962481713715,0.14535909767825045,eta_l0_n91_r0,NA,ok
pinn100d_shallow300_medium_hybrid_pz_uncompressed_reverse_symbolic,single_cell,0,1.0,0,91,1,-1.289402589613948,1.2579584264319819,-0.015722081590983095,1.273680508022965,2.54736101604593,affine,0.36525440639843126,0.7305088127968625,1.0,0.36525440639843126,eta_l0_n91_r1,NA,ok
pinn100d_shallow300_medium_hybrid_pz_uncompressed_reverse_symbolic,single_cell,0,1.0,0,92,0,-1.124946905632745,1.08585988447044,-0.019543510581152557,1.1054033950515925,2.210806790103185,affine,0.10169126819839032,0.20338253639678064,0.9319962481713715,0.10911124202260926,eta_l0_n92_r0,NA,ok
pinn100d_shallow300_medium_hybrid_pz_uncompressed_reverse_symbolic,single_cell,0,1.0,0,92,1,-1.124946905632745,1.08585988447044,-0.019543510581152557,1.1054033950515925,2.210806790103185,affine,0.3217988766221556,0.6435977532443112,1.0,0.3217988766221556,eta_l0_n92_r1,NA,ok
pinn100d_shallow300_medium_hybrid_pz_uncompressed_reverse_symbolic,single_cell,0,1.0,0,93,0,-0.646894182625127,0.6720388239177192,0.012572320646296098,0.6594665032714231,1.3189330065428462,affine,0.02973109792160489,0.05946219584320978,0.9319962481713715,0.03190044807577172,eta_l0_n93_r0,NA,ok
pinn100d_shallow300_medium_hybrid_pz_uncompressed_reverse_symbolic,single_cell,0,1.0,0,93,1,-0.646894182625127,0.6720388239177192,0.012572320646296098,0.6594665032714231,1.3189330065428462,affine,0.16698133324584755,0.3339626664916951,1.0,0.16698133324584755,eta_l0_n93_r1,NA,ok
pinn100d_shallow300_medium_hybrid_pz_uncompressed_reverse_symbolic,single_cell,0,1.0,0,94,0,-1.1891179119541306,1.2318600758063354,0.021371081926102375,1.210488993880233,2.420977987760466,affine,0.12258952797033353,0.24517905594066705,0.9319962481713715,0.13153435779474543,eta_l0_n94_r0,NA,ok
pinn100d_shallow300_medium_hybrid_pz_uncompressed_reverse_symbolic,single_cell,0,1.0,0,94,1,-1.1891179119541306,1.2318600758063354,0.021371081926102375,1.210488993880233,2.420977987760466,affine,0.34997880388507535,0.6999576077701507,1.0,0.34997880388507535,eta_l0_n94_r1,NA,ok
pinn100d_shallow300_medium_hybrid_pz_uncompressed_reverse_symbolic,single_cell,0,1.0,0,95,0,-0.842527144443055,0.8784439097769786,0.017958382666961814,0.8604855271100168,1.7209710542200336,affine,0.05782891292611981,0.11565782585223962,0.9319962481713715,0.0620484396150557,eta_l0_n95_r0,NA,ok
pinn100d_shallow300_medium_hybrid_pz_uncompressed_reverse_symbolic,single_cell,0,1.0,0,95,1,-0.842527144443055,0.8784439097769786,0.017958382666961814,0.8604855271100168,1.7209710542200336,affine,0.2424173386872114,0.4848346773744228,1.0,0.2424173386872114,eta_l0_n95_r1,NA,ok
pinn100d_shallow300_medium_hybrid_pz_uncompressed_reverse_symbolic,single_cell,0,1.0,0,96,0,-0.6659994683686797,0.6358673961792188,-0.01506603609473045,0.6509334322739493,1.3018668645478986,affine,0.0287543739277934,0.0575087478555868,0.9319962481713715,0.030852456739188686,eta_l0_n96_r0,NA,ok
pinn100d_shallow300_medium_hybrid_pz_uncompressed_reverse_symbolic,single_cell,0,1.0,0,96,1,-0.6659994683686797,0.6358673961792188,-0.01506603609473045,0.6509334322739493,1.3018668645478986,affine,0.1636693252431171,0.3273386504862342,1.0,0.1636693252431171,eta_l0_n96_r1,NA,ok
pinn100d_shallow300_medium_hybrid_pz_uncompressed_reverse_symbolic,single_cell,0,1.0,0,97,0,-1.2151238777579998,1.1786727174263016,-0.018225580165849076,1.1968982975921507,2.3937965951843014,affine,0.11982580429260405,0.2396516085852081,0.9319962481713715,0.12856897710447757,eta_l0_n97_r0,NA,ok
pinn100d_shallow300_medium_hybrid_pz_uncompressed_reverse_symbolic,single_cell,0,1.0,0,97,1,-1.2151238777579998,1.1786727174263016,-0.018225580165849076,1.1968982975921507,2.3937965951843014,affine,0.34658140653981434,0.6931628130796287,1.0,0.34658140653981434,eta_l0_n97_r1,NA,ok
pinn100d_shallow300_medium_hybrid_pz_uncompressed_reverse_symbolic,single_cell,0,1.0,0,98,0,-1.273373259798392,1.3090285069017624,0.017827623551685212,1.2912008833500772,2.5824017667001544,affine,0.13909500430324453,0.27819000860648907,0.9319962481713715,0.14924416764140055,eta_l0_n98_r0,NA,ok
pinn100d_shallow300_medium_hybrid_pz_uncompressed_reverse_symbolic,single_cell,0,1.0,0,98,1,-1.273373259798392,1.3090285069017624,0.017827623551685212,1.2912008833500772,2.5824017667001544,affine,0.3692182011977751,0.7384364023955502,1.0,0.3692182011977751,eta_l0_n98_r1,NA,ok
pinn100d_shallow300_medium_hybrid_pz_uncompressed_reverse_symbolic,single_cell,0,1.0,0,99,0,-0.913575753766706,0.8771689762111494,-0.018203388777778273,0.8953723649889277,1.7907447299778554,affine,0.06352641759977425,0.1270528351995485,0.9319962481713715,0.06816166666380537,eta_l0_n99_r0,NA,ok
pinn100d_shallow300_medium_hybrid_pz_uncompressed_reverse_symbolic,single_cell,0,1.0,0,99,1,-0.913575753766706,0.8771689762111494,-0.018203388777778273,0.8953723649889277,1.7907447299778554,affine,0.2547773127854502,0.5095546255709004,1.0,0.2547773127854502,eta_l0_n99_r1,NA,ok
pinn100d_shallow300_medium_hybrid_pz_uncompressed_reverse_symbolic,single_cell,0,1.0,0,100,0,-1.4400569326913257,1.4673384738386845,0.013640770573679406,1.4536977032650051,2.9073954065300103,affine,0.17294317701844078,0.34588635403688156,0.9319962481713715,0.18556209572491833,eta_l0_n100_r0,NA,ok
pinn100d_shallow300_medium_hybrid_pz_uncompressed_reverse_symbolic,single_cell,0,1.0,0,100,1,-1.4400569326913257,1.4673384738386845,0.013640770573679406,1.4536977032650051,2.9073954065300103,affine,0.4017389057098899,0.8034778114197798,1.0,0.4017389057098899,eta_l0_n100_r1,NA,ok
pinn100d_shallow300_medium_hybrid_pz_uncompressed_reverse_symbolic,single_cell,0,1.0,0,101,0,-1.5837879660157446,1.5801226097140428,-0.0018326781508508638,1.5819552878648937,3.1639105757297874,affine,0.1996618192557774,0.3993236385115548,0.9319962481713715,0.2142302822007331,eta_l0_n101_r0,NA,ok
pinn100d_shallow300_medium_hybrid_pz_uncompressed_reverse_symbolic,single_cell,0,1.0,0,101,1,-1.5837879660157446,1.5801226097140428,-0.0018326781508508638,1.5819552878648937,3.1639105757297874,quadratic,0.12229427866343806,0.24458855732687612,1.0,0.12229427866343806,eta_l0_n101_r1,NA,ok
pinn100d_shallow300_medium_hybrid_pz_uncompressed_reverse_symbolic,single_cell,0,1.0,0,102,0,-1.058315031825715,1.0262563408124221,-0.016029345506646475,1.0422856863190686,2.084571372638137,affine,0.08960906604109521,0.17921813208219042,0.9319962481713715,0.09614745361573417,eta_l0_n102_r0,NA,ok
pinn100d_shallow300_medium_hybrid_pz_uncompressed_reverse_symbolic,single_cell,0,1.0,0,102,1,-1.058315031825715,1.0262563408124221,-0.016029345506646475,1.0422856863190686,2.084571372638137,affine,0.303150340466033,0.606300680932066,1.0,0.303150340466033,eta_l0_n102_r1,NA,ok
pinn100d_shallow300_medium_hybrid_pz_uncompressed_reverse_symbolic,single_cell,0,1.0,0,103,0,-1.1476452573399847,1.1090705510943306,-0.019287353122827033,1.1283579042171576,2.2567158084343153,affine,0.10617588471459573,0.21235176942919146,0.9319962481713715,0.11392308168935092,eta_l0_n103_r0,NA,ok
pinn100d_shallow300_medium_hybrid_pz_uncompressed_reverse_symbolic,single_cell,0,1.0,0,103,1,-1.1476452573399847,1.1090705510943306,-0.019287353122827033,1.1283579042171576,2.2567158084343153,affine,0.3282775513507246,0.6565551027014492,1.0,0.3282775513507246,eta_l0_n103_r1,NA,ok
pinn100d_shallow300_medium_hybrid_pz_uncompressed_reverse_symbolic,single_cell,0,1.0,0,104,0,-0.8577016693145988,0.8877385522479758,0.015018441466688515,0.8727201107812873,1.7454402215625746,affine,0.05978300541739091,0.11956601083478181,0.9319962481713715,0.06414511381852502,eta_l0_n104_r0,NA,ok
pinn100d_shallow300_medium_hybrid_pz_uncompressed_reverse_symbolic,single_cell,0,1.0,0,104,1,-0.8577016693145988,0.8877385522479758,0.015018441466688515,0.8727201107812873,1.7454402215625746,affine,0.24683057948606554,0.4936611589721311,1.0,0.24683057948606554,eta_l0_n104_r1,NA,ok
pinn100d_shallow300_medium_hybrid_pz_uncompressed_reverse_symbolic,single_cell,0,1.0,0,105,0,-1.1779127957269424,1.2185421121727302,0.02031465822289391,1.1982274539498363,2.3964549078996726,affine,0.12010463419158925,0.2402092683831785,0.9319962481713715,0.12886815202018378,eta_l0_n105_r0,NA,ok
pinn100d_shallow300_medium_hybrid_pz_uncompressed_reverse_symbolic,single_cell,0,1.0,0,105,1,-1.1779127957269424,1.2185421121727302,0.02031465822289391,1.1982274539498363,2.3964549078996726,affine,0.34689200531234765,0.6937840106246953,1.0,0.34689200531234765,eta_l0_n105_r1,NA,ok
pinn100d_shallow300_medium_hybrid_pz_uncompressed_reverse_symbolic,single_cell,0,1.0,0,106,0,-0.7436028604158079,0.7107002167910171,-0.016451321812395392,0.7271515386034125,1.454303077206825,affine,0.03822436614129144,0.07644873228258288,0.9319962481713715,0.04101343349427616,eta_l0_n106_r0,NA,ok
pinn100d_shallow300_medium_hybrid_pz_uncompressed_reverse_symbolic,single_cell,0,1.0,0,106,1,-0.7436028604158079,0.7107002167910171,-0.016451321812395392,0.7271515386034125,1.454303077206825,affine,0.19290116812859956,0.3858023362571991,1.0,0.19290116812859956,eta_l0_n106_r1,NA,ok
pinn100d_shallow300_medium_hybrid_pz_uncompressed_reverse_symbolic,single_cell,0,1.0,0,107,0,-0.636446391775374,0.5633476109147433,-0.036549390430315354,0.5998970013450586,1.1997940026901173,affine,0.023429717443423096,0.04685943488684619,0.9319962481713715,0.02513928300612101,eta_l0_n107_r0,NA,ok
pinn100d_shallow300_medium_hybrid_pz_uncompressed_reverse_symbolic,single_cell,0,1.0,0,107,1,-0.636446391775374,0.5633476109147433,-0.036549390430315354,0.5998970013450586,1.1997940026901173,affine,0.14365662849300706,0.2873132569860141,1.0,0.14365662849300706,eta_l0_n107_r1,NA,ok
pinn100d_shallow300_medium_hybrid_pz_uncompressed_reverse_symbolic,single_cell,0,1.0,0,108,0,-1.0426471018400014,1.0803325368651482,0.01884271751257338,1.0614898193525748,2.1229796387051496,affine,0.09324930213724093,0.18649860427448187,0.9319962481713715,0.10005330206017594,eta_l0_n108_r0,NA,ok
pinn100d_shallow300_medium_hybrid_pz_uncompressed_reverse_symbolic,single_cell,0,1.0,0,108,1,-1.0426471018400014,1.0803325368651482,0.01884271751257338,1.0614898193525748,2.1229796387051496,affine,0.30893735262813343,0.6178747052562669,1.0,0.30893735262813343,eta_l0_n108_r1,NA,ok
pinn100d_shallow300_medium_hybrid_pz_uncompressed_reverse_symbolic,single_cell,0,1.0,0,109,0,-0.9134574422361407,0.9473867494974705,0.016964653630664905,0.9304220958668056,1.8608441917336112,affine,0.06945072467805004,0.13890144935610008,0.9319962481713715,0.07451824491173245,eta_l0_n109_r0,NA,ok
pinn100d_shallow300_medium_hybrid_pz_uncompressed_reverse_symbolic,single_cell,0,1.0,0,109,1,-0.9134574422361407,0.9473867494974705,0.016964653630664905,0.9304220958668056,1.8608441917336112,affine,0.2669010613614465,0.533802122722893,1.0,0.2669010613614465,eta_l0_n109_r1,NA,ok
pinn100d_shallow300_medium_hybrid_pz_uncompressed_reverse_symbolic,single_cell,0,1.0,0,110,0,-1.2677004222053614,1.222903813557143,-0.022398304324109164,1.2453021178812522,2.4906042357625044,affine,0.1296818009212755,0.259363601842551,0.9319962481713715,0.13914412335427143,eta_l0_n110_r0,NA,ok
pinn100d_shallow300_medium_hybrid_pz_uncompressed_reverse_symbolic,single_cell,0,1.0,0,110,1,-1.2677004222053614,1.222903813557143,-0.022398304324109164,1.2453021178812522,2.4906042357625044,affine,0.35850263978940383,0.7170052795788077,1.0,0.35850263978940383,eta_l0_n110_r1,NA,ok
pinn100d_shallow300_medium_hybrid_pz_uncompressed_reverse_symbolic,single_cell,0,1.0,0,111,0,-0.9581578905614648,0.9243831398125947,-0.016887375374435076,0.9412705151870298,1.8825410303740595,affine,0.07132673835576632,0.14265347671153264,0.9319962481713715,0.07653114322693182,eta_l0_n111_r0,NA,ok
pinn100d_shallow300_medium_hybrid_pz_uncompressed_reverse_symbolic,single_cell,0,1.0,0,111,1,-0.9581578905614648,0.9243831398125947,-0.016887375374435076,0.9412705151870298,1.8825410303740595,affine,0.2705801126588765,0.541160225317753,1.0,0.2705801126588765,eta_l0_n111_r1,NA,ok
pinn100d_shallow300_medium_hybrid_pz_uncompressed_reverse_symbolic,single_cell,0,1.0,0,112,0,-0.7914234807966221,0.8188916681191158,0.013734093661246893,0.805157574457869,1.610315148915738,affine,0.04923190847633619,0.09846381695267238,0.9319962481713715,0.05282414878056852,eta_l0_n112_r0,NA,ok
pinn100d_shallow300_medium_hybrid_pz_uncompressed_reverse_symbolic,single_cell,0,1.0,0,112,1,-0.7914234807966221,0.8188916681191158,0.013734093661246893,0.805157574457869,1.610315148915738,affine,0.2223003589928226,0.4446007179856452,1.0,0.2223003589928226,eta_l0_n112_r1,NA,ok
pinn100d_shallow300_medium_hybrid_pz_uncompressed_reverse_symbolic,single_cell,0,1.0,0,113,0,-0.8496861508209819,0.8720170059064729,0.01116542754274552,0.8608515783637274,1.7217031567274548,affine,0.05784896434081916,0.11569792868163832,0.9319962481713715,0.062069954095117924,eta_l0_n113_r0,NA,ok
pinn100d_shallow300_medium_hybrid_pz_uncompressed_reverse_symbolic,single_cell,0,1.0,0,113,1,-0.8496861508209819,0.8720170059064729,0.01116542754274552,0.8608515783637274,1.7217031567274548,affine,0.24263703680786106,0.4852740736157221,1.0,0.24263703680786106,eta_l0_n113_r1,NA,ok
pinn100d_shallow300_medium_hybrid_pz_uncompressed_reverse_symbolic,single_cell,0,1.0,0,114,0,-0.6630886315286886,0.6437069553096089,-0.009690838109539857,0.6533977934191487,1.3067955868382974,affine,0.029010392935394484,0.05802078587078897,0.9319962481713715,0.031127156351020178,eta_l0_n114_r0,NA,ok
pinn100d_shallow300_medium_hybrid_pz_uncompressed_reverse_symbolic,single_cell,0,1.0,0,114,1,-0.6630886315286886,0.6437069553096089,-0.009690838109539857,0.6533977934191487,1.3067955868382974,affine,0.16467230951589704,0.3293446190317941,1.0,0.16467230951589704,eta_l0_n114_r1,NA,ok
pinn100d_shallow300_medium_hybrid_pz_uncompressed_reverse_symbolic,single_cell,0,1.0,0,115,0,-0.7285481849997572,0.7485975228590082,0.010024668929625502,0.7385728539293827,1.4771457078587653,affine,0.039720764451005815,0.07944152890201163,0.9319962481713715,0.04261901754319308,eta_l0_n115_r0,NA,ok
pinn100d_shallow300_medium_hybrid_pz_uncompressed_reverse_symbolic,single_cell,0,1.0,0,115,1,-0.7285481849997572,0.7485975228590082,0.010024668929625502,0.7385728539293827,1.4771457078587653,affine,0.1973252022617025,0.394650404523405,1.0,0.1973252022617025,eta_l0_n115_r1,NA,ok
pinn100d_shallow300_medium_hybrid_pz_uncompressed_reverse_symbolic,single_cell,0,1.0,0,116,0,-0.8744698086050322,0.9089145327376147,0.01722236206629124,0.8916921706713234,1.783384341342647,affine,0.0629088693592051,0.1258177387184102,0.9319962481713715,0.06749905858809604,eta_l0_n116_r0,NA,ok
pinn100d_shallow300_medium_hybrid_pz_uncompressed_reverse_symbolic,single_cell,0,1.0,0,116,1,-0.8744698086050322,0.9089145327376147,0.01722236206629124,0.8916921706713234,1.783384341342647,affine,0.25350285914249493,0.5070057182849899,1.0,0.25350285914249493,eta_l0_n116_r1,NA,ok
pinn100d_shallow300_medium_hybrid_pz_uncompressed_reverse_symbolic,single_cell,0,1.0,0,117,0,-1.374050756910884,1.4125160594440571,0.019232651266586576,1.3932834081774705,2.786566816354941,affine,0.1603277382012225,0.320655476402445,0.9319962481713715,0.17202616267586318,eta_l0_n117_r0,NA,ok
pinn100d_shallow300_medium_hybrid_pz_uncompressed_reverse_symbolic,single_cell,0,1.0,0,117,1,-1.374050756910884,1.4125160594440571,0.019232651266586576,1.3932834081774705,2.786566816354941,affine,0.3905296760644244,0.7810593521288488,1.0,0.3905296760644244,eta_l0_n117_r1,NA,ok
pinn100d_shallow300_medium_hybrid_pz_uncompressed_reverse_symbolic,single_cell,0,1.0,0,118,0,-0.7114293139660042,0.684661120813965,-0.013384096576019577,0.6980452173899846,1.3960904347799692,affine,0.03443316994739421,0.06886633989478842,0.9319962481713715,0.03694561004398248,eta_l0_n118_r0,NA,ok
pinn100d_shallow300_medium_hybrid_pz_uncompressed_reverse_symbolic,single_cell,0,1.0,0,118,1,-0.7114293139660042,0.684661120813965,-0.013384096576019577,0.6980452173899846,1.3960904347799692,affine,0.18180360596996578,0.36360721193993156,1.0,0.18180360596996578,eta_l0_n118_r1,NA,ok
pinn100d_shallow300_medium_hybrid_pz_uncompressed_reverse_symbolic,single_cell,0,1.0,0,119,0,-1.168735262508867,1.1298298900732502,-0.01945268621780838,1.1492825762910586,2.298565152582117,affine,0.11030672337739635,0.2206134467547927,0.9319962481713715,0.11835532985655713,eta_l0_n119_r0,NA,ok
pinn100d_shallow300_medium_hybrid_pz_uncompressed_reverse_symbolic,single_cell,0,1.0,0,119,1,-1.168735262508867,1.1298298900732502,-0.01945268621780838,1.1492825762910586,2.298565152582117,affine,0.3340246272819402,0.6680492545638804,1.0,0.3340246272819402,eta_l0_n119_r1,NA,ok
pinn100d_shallow300_medium_hybrid_pz_uncompressed_reverse_symbolic,single_cell,0,1.0,0,120,0,-0.7639812920130188,0.7365572828456631,-0.013712004583677828,0.750269287429341,1.500538574858682,affine,0.041338081872310646,0.08267616374462129,0.9319962481713715,0.044354343650436646,eta_l0_n120_r0,NA,ok
pinn100d_shallow300_medium_hybrid_pz_uncompressed_reverse_symbolic,single_cell,0,1.0,0,120,1,-0.7639812920130188,0.7365572828456631,-0.013712004583677828,0.750269287429341,1.500538574858682,affine,0.20172634433294964,0.4034526886658993,1.0,0.20172634433294964,eta_l0_n120_r1,NA,ok
pinn100d_shallow300_medium_hybrid_pz_uncompressed_reverse_symbolic,single_cell,0,1.0,0,121,0,-0.6662127062570723,0.690696927749146,0.012242110746036872,0.6784548170031092,1.3569096340062183,affine,0.03199782957754133,0.06399565915508267,0.9319962481713715,0.034332573377116975,eta_l0_n121_r0,NA,ok
pinn100d_shallow300_medium_hybrid_pz_uncompressed_reverse_symbolic,single_cell,0,1.0,0,121,1,-0.6662127062570723,0.690696927749146,0.012242110746036872,0.6784548170031092,1.3569096340062183,affine,0.17429024028187626,0.3485804805637525,1.0,0.17429024028187626,eta_l0_n121_r1,NA,ok
pinn100d_shallow300_medium_hybrid_pz_uncompressed_reverse_symbolic,single_cell,0,1.0,0,122,0,-0.896479261260048,0.9290067815766617,0.016263760158306884,0.9127430214183548,1.8254860428367097,affine,0.06642863621157087,0.13285727242314174,0.9319962481713715,0.0712756476669381,eta_l0_n122_r0,NA,ok
pinn100d_shallow300_medium_hybrid_pz_uncompressed_reverse_symbolic,single_cell,0,1.0,0,122,1,-0.896479261260048,0.9290067815766617,0.016263760158306884,0.9127430214183548,1.8254860428367097,affine,0.26084735534552267,0.5216947106910453,1.0,0.26084735534552267,eta_l0_n122_r1,NA,ok
pinn100d_shallow300_medium_hybrid_pz_uncompressed_reverse_symbolic,single_cell,0,1.0,0,123,0,-1.104167563368715,1.1420328248526197,0.018932630741952394,1.1231001941106673,2.2462003882213346,affine,0.10514210954629312,0.21028421909258624,0.9319962481713715,0.11281387639981147,eta_l0_n123_r0,NA,ok
pinn100d_shallow300_medium_hybrid_pz_uncompressed_reverse_symbolic,single_cell,0,1.0,0,123,1,-1.104167563368715,1.1420328248526197,0.018932630741952394,1.1231001941106673,2.2462003882213346,affine,0.3268151844988936,0.6536303689977871,1.0,0.3268151844988936,eta_l0_n123_r1,NA,ok
pinn100d_shallow300_medium_hybrid_pz_uncompressed_reverse_symbolic,single_cell,0,1.0,0,124,0,-0.7854236701342574,0.7505279392833626,-0.017447865425447406,0.76797580470881,1.53595160941762,affine,0.04383925134039441,0.08767850268078882,0.9319962481713715,0.04703801268128435,eta_l0_n124_r0,NA,ok
pinn100d_shallow300_medium_hybrid_pz_uncompressed_reverse_symbolic,single_cell,0,1.0,0,124,1,-0.7854236701342574,0.7505279392833626,-0.017447865425447406,0.76797580470881,1.53595160941762,affine,0.20836219466955877,0.41672438933911754,1.0,0.20836219466955877,eta_l0_n124_r1,NA,ok
pinn100d_shallow300_medium_hybrid_pz_uncompressed_reverse_symbolic,single_cell,0,1.0,0,125,0,-1.3977310453244938,1.3621603770086215,-0.01778533415793615,1.3799457111665576,2.7598914223331152,affine,0.1575371349875396,0.3150742699750792,0.9319962481713715,0.16903194116568196,eta_l0_n125_r0,NA,ok
pinn100d_shallow300_medium_hybrid_pz_uncompressed_reverse_symbolic,single_cell,0,1.0,0,125,1,-1.3977310453244938,1.3621603770086215,-0.01778533415793615,1.3799457111665576,2.7598914223331152,affine,0.387937826162168,0.775875652324336,1.0,0.387937826162168,eta_l0_n125_r1,NA,ok
pinn100d_shallow300_medium_hybrid_pz_uncompressed_reverse_symbolic,single_cell,0,1.0,0,126,0,-1.1455060830246946,1.1862496927259263,0.02037180485061585,1.1658778878753104,2.331755775750621,affine,0.11361256119173553,0.22722512238347106,0.9319962481713715,0.12190238041692732,eta_l0_n126_r0,NA,ok
pinn100d_shallow300_medium_hybrid_pz_uncompressed_reverse_symbolic,single_cell,0,1.0,0,126,1,-1.1455060830246946,1.1862496927259263,0.02037180485061585,1.1658778878753104,2.331755775750621,affine,0.338467378434341,0.676934756868682,1.0,0.338467378434341,eta_l0_n126_r1,NA,ok
pinn100d_shallow300_medium_hybrid_pz_uncompressed_reverse_symbolic,single_cell,0,1.0,0,127,0,-1.1653861727789863,1.1295881895992126,-0.017898991589886837,1.1474871811890994,2.294974362378199,affine,0.10994269110721135,0.2198853822144227,0.9319962481713715,0.11796473571961799,eta_l0_n127_r0,NA,ok
pinn100d_shallow300_medium_hybrid_pz_uncompressed_reverse_symbolic,single_cell,0,1.0,0,127,1,-1.1653861727789863,1.1295881895992126,-0.017898991589886837,1.1474871811890994,2.294974362378199,affine,0.33355880708885166,0.6671176141777033,1.0,0.33355880708885166,eta_l0_n127_r1,NA,ok
pinn100d_shallow300_medium_hybrid_pz_uncompressed_reverse_symbolic,single_cell,0,1.0,0,128,0,-0.918369695032508,0.9538988826345167,0.01776459380100437,0.9361342888335124,1.8722685776670247,affine,0.07044155189568786,0.14088310379137572,0.9319962481713715,0.07558136852363742,eta_l0_n128_r0,NA,ok
pinn100d_shallow300_medium_hybrid_pz_uncompressed_reverse_symbolic,single_cell,0,1.0,0,128,1,-0.918369695032508,0.9538988826345167,0.01776459380100437,0.9361342888335124,1.8722685776670247,affine,0.26882962869842364,0.5376592573968473,1.0,0.26882962869842364,eta_l0_n128_r1,NA,ok
pinn100d_shallow300_medium_hybrid_pz_uncompressed_reverse_symbolic,single_cell,0,1.0,0,129,0,-0.8382147723907124,0.8049901321285019,-0.01661232013110525,0.8216024522596072,1.6432049045192143,affine,0.0517349305265229,0.1034698610530458,0.9319962481713715,0.05550980556845558,eta_l0_n129_r0,NA,ok
pinn100d_shallow300_medium_hybrid_pz_uncompressed_reverse_symbolic,single_cell,0,1.0,0,129,1,-0.8382147723907124,0.8049901321285019,-0.01661232013110525,0.8216024522596072,1.6432049045192143,affine,0.2283246773501362,0.4566493547002724,1.0,0.2283246773501362,eta_l0_n129_r1,NA,ok
pinn100d_shallow300_medium_hybrid_pz_uncompressed_reverse_symbolic,single_cell,0,1.0,0,130,0,-1.0156344504627692,1.0500586106082936,0.017212080072762204,1.0328465305355314,2.065693061071063,affine,0.08784979328981053,0.17569958657962106,0.9319962481713715,0.0942598143095283,eta_l0_n130_r0,NA,ok
pinn100d_shallow300_medium_hybrid_pz_uncompressed_reverse_symbolic,single_cell,0,1.0,0,130,1,-1.0156344504627692,1.0500586106082936,0.017212080072762204,1.0328465305355314,2.065693061071063,affine,0.3002263934712634,0.6004527869425268,1.0,0.3002263934712634,eta_l0_n130_r1,NA,ok
pinn100d_shallow300_medium_hybrid_pz_uncompressed_reverse_symbolic,single_cell,0,1.0,0,131,0,-1.0474500720898494,1.017922602848839,-0.014763734620505176,1.0326863374693442,2.0653726749386885,affine,0.08780704324716622,0.17561408649433244,0.9319962481713715,0.09421394498041008,eta_l0_n131_r0,NA,ok
pinn100d_shallow300_medium_hybrid_pz_uncompressed_reverse_symbolic,single_cell,0,1.0,0,131,1,-1.0474500720898494,1.017922602848839,-0.014763734620505176,1.0326863374693442,2.0653726749386885,affine,0.3002092776642887,0.6004185553285774,1.0,0.3002092776642887,eta_l0_n131_r1,NA,ok
pinn100d_shallow300_medium_hybrid_pz_uncompressed_reverse_symbolic,single_cell,0,1.0,0,132,0,-1.0609350410804446,1.0970640029002232,0.018064480909889324,1.0789995219903339,2.1579990439806678,affine,0.09658521996959714,0.19317043993919428,0.9319962481713715,0.10363262744791378,eta_l0_n132_r0,NA,ok
pinn100d_shallow300_medium_hybrid_pz_uncompressed_reverse_symbolic,single_cell,0,1.0,0,132,1,-1.0609350410804446,1.0970640029002232,0.018064480909889324,1.0789995219903339,2.1579990439806678,affine,0.3141573803296545,0.628314760659309,1.0,0.3141573803296545,eta_l0_n132_r1,NA,ok
pinn100d_shallow300_medium_hybrid_pz_uncompressed_reverse_symbolic,single_cell,0,1.0,0,133,0,-1.2534023950114845,1.216564803864441,-0.018418795573521773,1.2349835994379628,2.4699671988759255,affine,0.12755412399079488,0.25510824798158976,0.9319962481713715,0.13686119900274618,eta_l0_n133_r0,NA,ok
pinn100d_shallow300_medium_hybrid_pz_uncompressed_reverse_symbolic,single_cell,0,1.0,0,133,1,-1.2534023950114845,1.216564803864441,-0.018418795573521773,1.2349835994379628,2.4699671988759255,affine,0.3560682692072111,0.7121365384144221,1.0,0.3560682692072111,eta_l0_n133_r1,NA,ok
pinn100d_shallow300_medium_hybrid_pz_uncompressed_reverse_symbolic,single_cell,0,1.0,0,134,0,-1.011433053078495,0.9766652867437465,-0.017383883167374214,0.9940491699111207,1.9880983398222414,affine,0.08071068741298588,0.16142137482597177,0.9319962481713715,0.08659979862724206,eta_l0_n134_r0,NA,ok
pinn100d_shallow300_medium_hybrid_pz_uncompressed_reverse_symbolic,single_cell,0,1.0,0,134,1,-1.011433053078495,0.9766652867437465,-0.017383883167374214,0.9940491699111207,1.9880983398222414,affine,0.28797534903698724,0.5759506980739745,1.0,0.28797534903698724,eta_l0_n134_r1,NA,ok
pinn100d_shallow300_medium_hybrid_pz_uncompressed_reverse_symbolic,single_cell,0,1.0,0,135,0,-1.2832724515737506,1.3273446149675858,0.02203608169691762,1.3053085332706682,2.6106170665413364,affine,0.142031026455352,0.284062052910704,0.9319962481713715,0.15239441868357817,eta_l0_n135_r0,NA,ok
pinn100d_shallow300_medium_hybrid_pz_uncompressed_reverse_symbolic,single_cell,0,1.0,0,135,1,-1.2832724515737506,1.3273446149675858,0.02203608169691762,1.3053085332706682,2.6106170665413364,affine,0.3723051142259512,0.7446102284519024,1.0,0.3723051142259512,eta_l0_n135_r1,NA,ok
pinn100d_shallow300_medium_hybrid_pz_uncompressed_reverse_symbolic,single_cell,0,1.0,0,136,0,-0.8365248390947787,0.8557722052771414,0.009623683091181334,0.84614852218596,1.69229704437192,affine,0.055506724224711264,0.11101344844942253,0.9319962481713715,0.059556810806501145,eta_l0_n136_r0,NA,ok
pinn100d_shallow300_medium_hybrid_pz_uncompressed_reverse_symbolic,single_cell,0,1.0,0,136,1,-0.8365248390947787,0.8557722052771414,0.009623683091181334,0.84614852218596,1.69229704437192,affine,0.23735487630607996,0.4747097526121599,1.0,0.23735487630607996,eta_l0_n136_r1,NA,ok
pinn100d_shallow300_medium_hybrid_pz_uncompressed_reverse_symbolic,single_cell,0,1.0,0,137,0,-1.1299748853383094,1.1721429880236618,0.021084051342676213,1.1510589366809856,2.302117873361971,affine,0.1106683443332991,0.2213366886665982,0.9319962481713715,0.11874333673599712,eta_l0_n137_r0,NA,ok
pinn100d_shallow300_medium_hybrid_pz_uncompressed_reverse_symbolic,single_cell,0,1.0,0,137,1,-1.1299748853383094,1.1721429880236618,0.021084051342676213,1.1510589366809856,2.302117873361971,affine,0.3344812720220745,0.668962544044149,1.0,0.3344812720220745,eta_l0_n137_r1,NA,ok
pinn100d_shallow300_medium_hybrid_pz_uncompressed_reverse_symbolic,single_cell,0,1.0,0,138,0,-1.4795147536405526,1.4449804711042002,-0.01726714126817619,1.4622476123723764,2.924495224744753,affine,0.1747409545584442,0.3494819091168884,0.9319962481713715,0.18749104934842353,eta_l0_n138_r0,NA,ok
pinn100d_shallow300_medium_hybrid_pz_uncompressed_reverse_symbolic,single_cell,0,1.0,0,138,1,-1.4795147536405526,1.4449804711042002,-0.01726714126817619,1.4622476123723764,2.924495224744753,affine,0.4032069921724033,0.8064139843448066,1.0,0.4032069921724033,eta_l0_n138_r1,NA,ok
pinn100d_shallow300_medium_hybrid_pz_uncompressed_reverse_symbolic,single_cell,0,1.0,0,139,0,-1.1846112842973127,1.1451154059873385,-0.01974793915498707,1.1648633451423256,2.329726690284651,affine,0.11340669701661678,0.22681339403323356,0.9319962481713715,0.12168149521967178,eta_l0_n139_r0,NA,ok
pinn100d_shallow300_medium_hybrid_pz_uncompressed_reverse_symbolic,single_cell,0,1.0,0,139,1,-1.1846112842973127,1.1451154059873385,-0.01974793915498707,1.1648633451423256,2.329726690284651,affine,0.33820679583469976,0.6764135916693995,1.0,0.33820679583469976,eta_l0_n139_r1,NA,ok
pinn100d_shallow300_medium_hybrid_pz_uncompressed_reverse_symbolic,single_cell,0,1.0,0,140,0,-1.0016612677883299,1.0308531994790655,0.01459596584536782,1.0162572336336977,2.0325144672673954,affine,0.08475915274863734,0.16951830549727467,0.9319962481713715,0.0909436630404248,eta_l0_n140_r0,NA,ok
pinn100d_shallow300_medium_hybrid_pz_uncompressed_reverse_symbolic,single_cell,0,1.0,0,140,1,-1.0016612677883299,1.0308531994790655,0.01459596584536782,1.0162572336336977,2.0325144672673954,affine,0.29508199766810767,0.5901639953362153,1.0,0.29508199766810767,eta_l0_n140_r1,NA,ok
pinn100d_shallow300_medium_hybrid_pz_uncompressed_reverse_symbolic,single_cell,0,1.0,0,141,0,-0.8542154631766358,0.8897074866463955,0.017746011734879885,0.8719614749115157,1.7439229498230313,affine,0.05967715153016984,0.11935430306033969,0.9319962481713715,0.06403153622909935,eta_l0_n141_r0,NA,ok
pinn100d_shallow300_medium_hybrid_pz_uncompressed_reverse_symbolic,single_cell,0,1.0,0,141,1,-0.8542154631766358,0.8897074866463955,0.017746011734879885,0.8719614749115157,1.7439229498230313,affine,0.24652077232990385,0.4930415446598077,1.0,0.24652077232990385,eta_l0_n141_r1,NA,ok
pinn100d_shallow300_medium_hybrid_pz_uncompressed_reverse_symbolic,single_cell,0,1.0,0,142,0,-1.090759700233871,1.1219900064229054,0.01561515309451722,1.1063748533283881,2.2127497066567763,affine,0.10185940078171347,0.20371880156342695,0.9319962481713715,0.10929164251633769,eta_l0_n142_r0,NA,ok
pinn100d_shallow300_medium_hybrid_pz_uncompressed_reverse_symbolic,single_cell,0,1.0,0,142,1,-1.090759700233871,1.1219900064229054,0.01561515309451722,1.1063748533283881,2.2127497066567763,affine,0.32213038977985814,0.6442607795597163,1.0,0.32213038977985814,eta_l0_n142_r1,NA,ok
pinn100d_shallow300_medium_hybrid_pz_uncompressed_reverse_symbolic,single_cell,0,1.0,0,143,0,-0.8162896758725654,0.8281241957461959,0.0059172599368152445,0.8222069358093806,1.6444138716187613,affine,0.05177898004970977,0.10355796009941955,0.9319962481713715,0.05555706919561427,eta_l0_n143_r0,NA,ok
pinn100d_shallow300_medium_hybrid_pz_uncompressed_reverse_symbolic,single_cell,0,1.0,0,143,1,-0.8162896758725654,0.8281241957461959,0.0059172599368152445,0.8222069358093806,1.6444138716187613,affine,0.22865439410150254,0.4573087882030051,1.0,0.22865439410150254,eta_l0_n143_r1,NA,ok
pinn100d_shallow300_medium_hybrid_pz_uncompressed_reverse_symbolic,single_cell,0,1.0,0,144,0,-1.073717980740392,1.0426127742833178,-0.015552603228537132,1.058165377511855,2.11633075502371,affine,0.09260083445632895,0.1852016689126579,0.9319962481713715,0.0993575184857417,eta_l0_n144_r0,NA,ok
pinn100d_shallow300_medium_hybrid_pz_uncompressed_reverse_symbolic,single_cell,0,1.0,0,144,1,-1.073717980740392,1.0426127742833178,-0.015552603228537132,1.058165377511855,2.11633075502371,affine,0.30798318336415115,0.6159663667283023,1.0,0.30798318336415115,eta_l0_n144_r1,NA,ok
pinn100d_shallow300_medium_hybrid_pz_uncompressed_reverse_symbolic,single_cell,0,1.0,0,145,0,-0.9082466318108172,0.8772921563875725,-0.01547723771162235,0.8927693940991949,1.7855387881983897,affine,0.06307662244905878,0.12615324489811755,0.9319962481713715,0.06767905189835112,eta_l0_n145_r0,NA,ok
pinn100d_shallow300_medium_hybrid_pz_uncompressed_reverse_symbolic,single_cell,0,1.0,0,145,1,-0.9082466318108172,0.8772921563875725,-0.01547723771162235,0.8927693940991949,1.7855387881983897,affine,0.2539061430843221,0.5078122861686442,1.0,0.2539061430843221,eta_l0_n145_r1,NA,ok
pinn100d_shallow300_medium_hybrid_pz_uncompressed_reverse_symbolic,single_cell,0,1.0,0,146,0,-1.3022655421739977,1.3407396287397113,0.019237043282856803,1.3215025854568545,2.643005170913709,affine,0.145374579693725,0.29074915938745,0.9319962481713715,0.15598193660002174,eta_l0_n146_r0,NA,ok
pinn100d_shallow300_medium_hybrid_pz_uncompressed_reverse_symbolic,single_cell,0,1.0,0,146,1,-1.3022655421739977,1.3407396287397113,0.019237043282856803,1.3215025854568545,2.643005170913709,affine,0.3758677625197134,0.7517355250394268,1.0,0.3758677625197134,eta_l0_n146_r1,NA,ok
pinn100d_shallow300_medium_hybrid_pz_uncompressed_reverse_symbolic,single_cell,0,1.0,0,147,0,-0.9610675137578782,0.9233653689554443,-0.018851072401216973,0.9422164413566613,1.8844328827133225,affine,0.071503963689264,0.143007927378528,0.9319962481713715,0.07672129992964967,eta_l0_n147_r0,NA,ok
pinn100d_shallow300_medium_hybrid_pz_uncompressed_reverse_symbolic,single_cell,0,1.0,0,147,1,-0.9610675137578782,0.9233653689554443,-0.018851072401216973,0.9422164413566613,1.8844328827133225,affine,0.2708685489359554,0.5417370978719108,1.0,0.2708685489359554,eta_l0_n147_r1,NA,ok
pinn100d_shallow300_medium_hybrid_pz_uncompressed_reverse_symbolic,single_cell,0,1.0,0,148,0,-1.4347906560759482,1.3957044259669074,-0.019543115054520444,1.4152475410214278,2.8304950820428556,affine,0.16491939624199328,0.32983879248398656,0.9319962481713715,0.17695285422615628,eta_l0_n148_r0,NA,ok
pinn100d_shallow300_medium_hybrid_pz_uncompressed_reverse_symbolic,single_cell,0,1.0,0,148,1,-1.4347906560759482,1.3957044259669074,-0.019543115054520444,1.4152475410214278,2.8304950820428556,affine,0.39470579092113367,0.7894115818422673,1.0,0.39470579092113367,eta_l0_n148_r1,NA,ok
pinn100d_shallow300_medium_hybrid_pz_uncompressed_reverse_symbolic,single_cell,0,1.0,0,149,0,-0.8559099683090499,0.8252779003869346,-0.015316033961057629,0.8405939343479922,1.6811878686959845,affine,0.05466287032502593,0.10932574065005186,0.9319962481713715,0.05865138452249945,eta_l0_n149_r0,NA,ok
pinn100d_shallow300_medium_hybrid_pz_uncompressed_reverse_symbolic,single_cell,0,1.0,0,149,1,-0.8559099683090499,0.8252779003869346,-0.015316033961057629,0.8405939343479922,1.6811878686959845,affine,0.2352777172231649,0.4705554344463298,1.0,0.2352777172231649,eta_l0_n149_r1,NA,ok
pinn100d_shallow300_medium_hybrid_pz_uncompressed_reverse_symbolic,single_cell,0,1.0,0,150,0,-0.8144288244005295,0.8392548862181484,0.012413030908809408,0.826841855309339,1.653683710618678,affine,0.0525136087308466,0.1050272174616932,0.9319962481713715,0.05634530056733729,eta_l0_n150_r0,NA,ok
pinn100d_shallow300_medium_hybrid_pz_uncompressed_reverse_symbolic,single_cell,0,1.0,0,150,1,-0.8144288244005295,0.8392548862181484,0.012413030908809408,0.826841855309339,1.653683710618678,affine,0.23029984075508195,0.4605996815101639,1.0,0.23029984075508195,eta_l0_n150_r1,NA,ok
pinn100d_shallow300_medium_hybrid_pz_uncompressed_reverse_symbolic,single_cell,0,1.0,0,151,0,-0.7794240378560413,0.7516667225555953,-0.013878657650223003,0.7655453802058183,1.5310907604116366,affine,0.04347210480581693,0.08694420961163386,0.9319962481713715,0.04664407704549414,eta_l0_n151_r0,NA,ok
pinn100d_shallow300_medium_hybrid_pz_uncompressed_reverse_symbolic,single_cell,0,1.0,0,151,1,-0.7794240378560413,0.7516667225555953,-0.013878657650223003,0.7655453802058183,1.5310907604116366,affine,0.20749637537672608,0.41499275075345216,1.0,0.20749637537672608,eta_l0_n151_r1,NA,ok
pinn100d_shallow300_medium_hybrid_pz_uncompressed_reverse_symbolic,single_cell,0,1.0,0,152,0,-1.272877808027193,1.3140653792633166,0.0205937856180618,1.2934715936452548,2.5869431872905095,affine,0.13957622498198222,0.27915244996396443,0.9319962481713715,0.1497605009202972,eta_l0_n152_r0,NA,ok
pinn100d_shallow300_medium_hybrid_pz_uncompressed_reverse_symbolic,single_cell,0,1.0,0,152,1,-1.272877808027193,1.3140653792633166,0.0205937856180618,1.2934715936452548,2.5869431872905095,affine,0.36969406958175527,0.7393881391635105,1.0,0.36969406958175527,eta_l0_n152_r1,NA,ok
pinn100d_shallow300_medium_hybrid_pz_uncompressed_reverse_symbolic,single_cell,0,1.0,0,153,0,-0.6937322806667295,0.7204075004186045,0.013337609875937462,0.707069890542667,1.414139781085334,affine,0.03558178463885487,0.07116356927770974,0.9319962481713715,0.038178034202034944,eta_l0_n153_r0,NA,ok
pinn100d_shallow300_medium_hybrid_pz_uncompressed_reverse_symbolic,single_cell,0,1.0,0,153,1,-0.6937322806667295,0.7204075004186045,0.013337609875937462,0.707069890542667,1.414139781085334,affine,0.18526418828007993,0.37052837656015986,1.0,0.18526418828007993,eta_l0_n153_r1,NA,ok
pinn100d_shallow300_medium_hybrid_pz_uncompressed_reverse_symbolic,single_cell,0,1.0,0,154,0,-0.7966809166067101,0.7634063707671255,-0.016637272919792334,0.7800436436869178,1.5600872873738356,affine,0.04555995415804837,0.09111990831609675,0.9319962481713715,0.04888426777193528,eta_l0_n154_r0,NA,ok
pinn100d_shallow300_medium_hybrid_pz_uncompressed_reverse_symbolic,single_cell,0,1.0,0,154,1,-0.7966809166067101,0.7634063707671255,-0.016637272919792334,0.7800436436869178,1.5600872873738356,affine,0.2129062840233313,0.4258125680466626,1.0,0.2129062840233313,eta_l0_n154_r1,NA,ok
pinn100d_shallow300_medium_hybrid_pz_uncompressed_reverse_symbolic,single_cell,0,1.0,0,155,0,-0.8940835656454459,0.858851089575522,-0.01761623803496193,0.876467327610484,1.752934655220968,affine,0.060409021979322915,0.12081804395864583,0.9319962481713715,0.06481680811253134,eta_l0_n155_r0,NA,ok
pinn100d_shallow300_medium_hybrid_pz_uncompressed_reverse_symbolic,single_cell,0,1.0,0,155,1,-0.8940835656454459,0.858851089575522,-0.01761623803496193,0.876467327610484,1.752934655220968,affine,0.2481239651014495,0.496247930202899,1.0,0.2481239651014495,eta_l0_n155_r1,NA,ok
pinn100d_shallow300_medium_hybrid_pz_uncompressed_reverse_symbolic,single_cell,0,1.0,0,156,0,-0.929226820999473,0.968979740210427,0.019876459605477015,0.94910328060495,1.8982065612099,affine,0.07271276999907768,0.14542553999815536,0.9319962481713715,0.07801830762918217,eta_l0_n156_r0,NA,ok
pinn100d_shallow300_medium_hybrid_pz_uncompressed_reverse_symbolic,single_cell,0,1.0,0,156,1,-0.929226820999473,0.968979740210427,0.019876459605477015,0.94910328060495,1.8982065612099,affine,0.2731668711556356,0.5463337423112712,1.0,0.2731668711556356,eta_l0_n156_r1,NA,ok
pinn100d_shallow300_medium_hybrid_pz_uncompressed_reverse_symbolic,single_cell,0,1.0,0,157,0,-1.1731237389534521,1.2050166691047846,0.015946465075666216,1.1890702040291183,2.3781404080582367,affine,0.11823823949624425,0.2364764789924885,0.9319962481713715,0.12686557454306738,eta_l0_n157_r0,NA,ok
pinn100d_shallow300_medium_hybrid_pz_uncompressed_reverse_symbolic,single_cell,0,1.0,0,157,1,-1.1731237389534521,1.2050166691047846,0.015946465075666216,1.1890702040291183,2.3781404080582367,affine,0.3445996205240258,0.6891992410480516,1.0,0.3445996205240258,eta_l0_n157_r1,NA,ok
pinn100d_shallow300_medium_hybrid_pz_uncompressed_reverse_symbolic,single_cell,0,1.0,0,158,0,-0.8913860173428698,0.9226653347131666,0.015639658685148383,0.9070256760280182,1.8140513520560364,affine,0.06545990610854242,0.13091981221708485,0.9319962481713715,0.07023623350091635,eta_l0_n158_r0,NA,ok
pinn100d_shallow300_medium_hybrid_pz_uncompressed_reverse_symbolic,single_cell,0,1.0,0,158,1,-0.8913860173428698,0.9226653347131666,0.015639658685148383,0.9070256760280182,1.8140513520560364,affine,0.2588768989638672,0.5177537979277343,1.0,0.2588768989638672,eta_l0_n158_r1,NA,ok
pinn100d_shallow300_medium_hybrid_pz_uncompressed_reverse_symbolic,single_cell,0,1.0,0,159,0,-1.1273921839493977,1.095908177981933,-0.015742002983732295,1.1116501809656654,2.2233003619313307,affine,0.10288727370103208,0.20577454740206416,0.9319962481713715,0.11039451489520762,eta_l0_n159_r0,NA,ok
pinn100d_shallow300_medium_hybrid_pz_uncompressed_reverse_symbolic,single_cell,0,1.0,0,159,1,-1.1273921839493977,1.095908177981933,-0.015742002983732295,1.1116501809656654,2.2233003619313307,affine,0.3236304041241462,0.6472608082482924,1.0,0.3236304041241462,eta_l0_n159_r1,NA,ok
pinn100d_shallow300_medium_hybrid_pz_uncompressed_reverse_symbolic,single_cell,0,1.0,0,160,0,-1.492386044559716,1.4589190080498684,-0.01673351825492375,1.4756525263047922,2.9513050526095843,affine,0.1775418997412546,0.3550837994825092,0.9319962481713715,0.19049636743667336,eta_l0_n160_r0,NA,ok
pinn100d_shallow300_medium_hybrid_pz_uncompressed_reverse_symbolic,single_cell,0,1.0,0,160,1,-1.492386044559716,1.4589190080498684,-0.01673351825492375,1.4756525263047922,2.9513050526095843,affine,0.40551713911296217,0.8110342782259243,1.0,0.40551713911296217,eta_l0_n160_r1,NA,ok
pinn100d_shallow300_medium_hybrid_pz_uncompressed_reverse_symbolic,single_cell,0,1.0,0,161,0,-0.8118887083898726,0.7855637226605158,-0.01316249286467841,0.7987262155251942,1.5974524310503884,affine,0.04827148630569767,0.09654297261139534,0.9319962481713715,0.05179364874097832,eta_l0_n161_r0,NA,ok
pinn100d_shallow300_medium_hybrid_pz_uncompressed_reverse_symbolic,single_cell,0,1.0,0,161,1,-0.8118887083898726,0.7855637226605158,-0.01316249286467841,0.7987262155251942,1.5974524310503884,affine,0.21992204690021314,0.4398440938004263,1.0,0.21992204690021314,eta_l0_n161_r1,NA,ok
pinn100d_shallow300_medium_hybrid_pz_uncompressed_reverse_symbolic,single_cell,0,1.0,0,162,0,-0.9685612086655188,0.9950593658781902,0.013249078606335729,0.9818102872718545,1.963620574543709,affine,0.07847764604365189,0.15695529208730377,0.9319962481713715,0.08420382184759799,eta_l0_n162_r0,NA,ok
pinn100d_shallow300_medium_hybrid_pz_uncompressed_reverse_symbolic,single_cell,0,1.0,0,162,1,-0.9685612086655188,0.9950593658781902,0.013249078606335729,0.9818102872718545,1.963620574543709,affine,0.2840685315409661,0.5681370630819322,1.0,0.2840685315409661,eta_l0_n162_r1,NA,ok
pinn100d_shallow300_medium_hybrid_pz_uncompressed_reverse_symbolic,single_cell,0,1.0,0,163,0,-0.8271071303752253,0.8610459715485379,0.016969420586656292,0.8440765509618816,1.6881531019237632,affine,0.055219362719068694,0.11043872543813739,0.9319962481713715,0.05924848176954806,eta_l0_n163_r0,NA,ok
pinn100d_shallow300_medium_hybrid_pz_uncompressed_reverse_symbolic,single_cell,0,1.0,0,163,1,-0.8271071303752253,0.8610459715485379,0.016969420586656292,0.8440765509618816,1.6881531019237632,affine,0.23651711717424592,0.47303423434849184,1.0,0.23651711717424592,eta_l0_n163_r1,NA,ok
pinn100d_shallow300_medium_hybrid_pz_uncompressed_reverse_symbolic,single_cell,0,1.0,0,164,0,-1.1176997476072554,1.1538089483476914,0.018054600370218,1.1357543479774734,2.271508695954947,affine,0.10762484486853492,0.21524968973706984,0.9319962481713715,0.11547776622459678,eta_l0_n164_r0,NA,ok
pinn100d_shallow300_medium_hybrid_pz_uncompressed_reverse_symbolic,single_cell,0,1.0,0,164,1,-1.1176997476072554,1.1538089483476914,0.018054600370218,1.1357543479774734,2.271508695954947,affine,0.3303440208889012,0.6606880417778024,1.0,0.3303440208889012,eta_l0_n164_r1,NA,ok
pinn100d_shallow300_medium_hybrid_pz_uncompressed_reverse_symbolic,single_cell,0,1.0,0,165,0,-0.9571068847382632,0.9915651490227831,0.017229132142259962,0.9743360168805232,1.9486720337610464,affine,0.07715881571356727,0.15431763142713453,0.9319962481713715,0.08278876214894336,eta_l0_n165_r0,NA,ok
pinn100d_shallow300_medium_hybrid_pz_uncompressed_reverse_symbolic,single_cell,0,1.0,0,165,1,-0.9571068847382632,0.9915651490227831,0.017229132142259962,0.9743360168805232,1.9486720337610464,affine,0.2815750736883109,0.5631501473766218,1.0,0.2815750736883109,eta_l0_n165_r1,NA,ok
pinn100d_shallow300_medium_hybrid_pz_uncompressed_reverse_symbolic,single_cell,0,1.0,0,166,0,-1.1951923778641025,1.1529662485775043,-0.021113064643299095,1.1740793132208034,2.3481586264416068,affine,0.11525571941871461,0.23051143883742922,0.9319962481713715,0.12366543282213072,eta_l0_n166_r0,NA,ok
pinn100d_shallow300_medium_hybrid_pz_uncompressed_reverse_symbolic,single_cell,0,1.0,0,166,1,-1.1951923778641025,1.1529662485775043,-0.021113064643299095,1.1740793132208034,2.3481586264416068,affine,0.34062469224724484,0.6812493844944897,1.0,0.34062469224724484,eta_l0_n166_r1,NA,ok
pinn100d_shallow300_medium_hybrid_pz_uncompressed_reverse_symbolic,single_cell,0,1.0,0,167,0,-1.1001154688531447,1.0726088877062845,-0.01375329057343011,1.0863621782797146,2.172724356559429,affine,0.0979784771275863,0.1959569542551726,0.9319962481713715,0.10512754457952542,eta_l0_n167_r0,NA,ok
pinn100d_shallow300_medium_hybrid_pz_uncompressed_reverse_symbolic,single_cell,0,1.0,0,167,1,-1.1001154688531447,1.0726088877062845,-0.01375329057343011,1.0863621782797146,2.172724356559429,affine,0.31637193416115633,0.6327438683223127,1.0,0.31637193416115633,eta_l0_n167_r1,NA,ok
pinn100d_shallow300_medium_hybrid_pz_uncompressed_reverse_symbolic,single_cell,0,1.0,0,168,0,-1.0289821496950908,1.0687833262456736,0.019900588275291398,1.0488827379703822,2.0977654759407645,affine,0.09087186490139544,0.18174372980279088,0.9319962481713715,0.09750239346959937,eta_l0_n168_r0,NA,ok
pinn100d_shallow300_medium_hybrid_pz_uncompressed_reverse_symbolic,single_cell,0,1.0,0,168,1,-1.0289821496950908,1.0687833262456736,0.019900588275291398,1.0488827379703822,2.0977654759407645,affine,0.30510844941791904,0.6102168988358381,1.0,0.30510844941791904,eta_l0_n168_r1,NA,ok
pinn100d_shallow300_medium_hybrid_pz_uncompressed_reverse_symbolic,single_cell,0,1.0,0,169,0,-0.8810525006112329,0.8477341734459161,-0.0166591635826584,0.8643933370285745,1.728786674057149,affine,0.05844734457479079,0.11689468914958158,0.9319962481713715,0.06271199555735094,eta_l0_n169_r0,NA,ok
pinn100d_shallow300_medium_hybrid_pz_uncompressed_reverse_symbolic,single_cell,0,1.0,0,169,1,-0.8810525006112329,0.8477341734459161,-0.0166591635826584,0.8643933370285745,1.728786674057149,affine,0.24383710591235344,0.4876742118247069,1.0,0.24383710591235344,eta_l0_n169_r1,NA,ok
pinn100d_shallow300_medium_hybrid_pz_uncompressed_reverse_symbolic,single_cell,0,1.0,0,170,0,-0.8468298613304298,0.8765102975610902,0.014840218115330206,0.86167007944576,1.72334015889152,affine,0.05799879967277095,0.1159975993455419,0.9319962481713715,0.06223072226585442,eta_l0_n170_r0,NA,ok
pinn100d_shallow300_medium_hybrid_pz_uncompressed_reverse_symbolic,single_cell,0,1.0,0,170,1,-0.8468298613304298,0.8765102975610902,0.014840218115330206,0.86167007944576,1.72334015889152,affine,0.24288770303173637,0.48577540606347275,1.0,0.24288770303173637,eta_l0_n170_r1,NA,ok
pinn100d_shallow300_medium_hybrid_pz_uncompressed_reverse_symbolic,single_cell,0,1.0,0,171,0,-1.156771804990858,1.1214757897709782,-0.017648007609939897,1.139123797380918,2.278247594761836,affine,0.10828744905510314,0.21657489811020628,0.9319962481713715,0.11618871778461462,eta_l0_n171_r0,NA,ok
pinn100d_shallow300_medium_hybrid_pz_uncompressed_reverse_symbolic,single_cell,0,1.0,0,171,1,-1.156771804990858,1.1214757897709782,-0.017648007609939897,1.139123797380918,2.278247594761836,affine,0.33127683317116435,0.6625536663423287,1.0,0.33127683317116435,eta_l0_n171_r1,NA,ok
pinn100d_shallow300_medium_hybrid_pz_uncompressed_reverse_symbolic,single_cell,0,1.0,0,172,0,-0.6602039211953793,0.6350755481873448,-0.01256418650401725,0.647639734691362,1.295279469382724,affine,0.028361496955946756,0.05672299391189351,0.9319962481713715,0.03043091322695085,eta_l0_n172_r0,NA,ok
pinn100d_shallow300_medium_hybrid_pz_uncompressed_reverse_symbolic,single_cell,0,1.0,0,172,1,-0.6602039211953793,0.6350755481873448,-0.01256418650401725,0.647639734691362,1.295279469382724,affine,0.16243039250440386,0.3248607850088077,1.0,0.16243039250440386,eta_l0_n172_r1,NA,ok
pinn100d_shallow300_medium_hybrid_pz_uncompressed_reverse_symbolic,single_cell,0,1.0,0,173,0,-0.6736564656359885,0.6502014587413381,-0.011727503447325205,0.6619289621886633,1.3238579243773265,affine,0.030016059137825183,0.060032118275650366,0.9319962481713715,0.032206201684522186,eta_l0_n173_r0,NA,ok
pinn100d_shallow300_medium_hybrid_pz_uncompressed_reverse_symbolic,single_cell,0,1.0,0,173,1,-0.6736564656359885,0.6502014587413381,-0.011727503447325205,0.6619289621886633,1.3238579243773265,affine,0.1679374884917527,0.3358749769835054,1.0,0.1679374884917527,eta_l0_n173_r1,NA,ok
pinn100d_shallow300_medium_hybrid_pz_uncompressed_reverse_symbolic,single_cell,0,1.0,0,174,0,-1.2671951827874361,1.2257910549274456,-0.020702063929995296,1.2464931188574409,2.4929862377148817,affine,0.12991639486248988,0.25983278972497975,0.9319962481713715,0.13939583460490648,eta_l0_n174_r0,NA,ok
pinn100d_shallow300_medium_hybrid_pz_uncompressed_reverse_symbolic,single_cell,0,1.0,0,174,1,-1.2671951827874361,1.2257910549274456,-0.020702063929995296,1.2464931188574409,2.4929862377148817,affine,0.35881234692755687,0.7176246938551137,1.0,0.35881234692755687,eta_l0_n174_r1,NA,ok
pinn100d_shallow300_medium_hybrid_pz_uncompressed_reverse_symbolic,single_cell,0,1.0,0,175,0,-1.383141385735959,1.4281571697421032,0.022507892003072127,1.405649277739031,2.811298555478062,affine,0.16292477100837002,0.32584954201674005,0.9319962481713715,0.17481268978071263,eta_l0_n175_r0,NA,ok
pinn100d_shallow300_medium_hybrid_pz_uncompressed_reverse_symbolic,single_cell,0,1.0,0,175,1,-1.383141385735959,1.4281571697421032,0.022507892003072127,1.405649277739031,2.811298555478062,affine,0.39286284593744103,0.7857256918748821,1.0,0.39286284593744103,eta_l0_n175_r1,NA,ok
pinn100d_shallow300_medium_hybrid_pz_uncompressed_reverse_symbolic,single_cell,0,1.0,0,176,0,-1.0572251389801486,1.0182363067147557,-0.019494416132696424,1.0377307228474522,2.0754614456949043,affine,0.08877578314687136,0.17755156629374272,0.9319962481713715,0.09525336965792983,eta_l0_n176_r0,NA,ok
pinn100d_shallow300_medium_hybrid_pz_uncompressed_reverse_symbolic,single_cell,0,1.0,0,176,1,-1.0572251389801486,1.0182363067147557,-0.019494416132696424,1.0377307228474522,2.0754614456949043,affine,0.30169992359450326,0.6033998471890065,1.0,0.30169992359450326,eta_l0_n176_r1,NA,ok
pinn100d_shallow300_medium_hybrid_pz_uncompressed_reverse_symbolic,single_cell,0,1.0,0,177,0,-0.8553465281258209,0.8396584283206342,-0.007844049902593353,0.8475024782232276,1.695004956446455,affine,0.05571402887752242,0.11142805775504484,0.9319962481713715,0.05977924158690171,eta_l0_n177_r0,NA,ok
pinn100d_shallow300_medium_hybrid_pz_uncompressed_reverse_symbolic,single_cell,0,1.0,0,177,1,-0.8553465281258209,0.8396584283206342,-0.007844049902593353,0.8475024782232276,1.695004956446455,affine,0.23785857921394318,0.47571715842788637,1.0,0.23785857921394318,eta_l0_n177_r1,NA,ok
pinn100d_shallow300_medium_hybrid_pz_uncompressed_reverse_symbolic,single_cell,0,1.0,0,178,0,-1.0655132612430596,1.026646201899785,-0.01943352967163725,1.0460797315714223,2.0921594631428446,affine,0.09034133178274757,0.18068266356549514,0.9319962481713715,0.09693314963445646,eta_l0_n178_r0,NA,ok
pinn100d_shallow300_medium_hybrid_pz_uncompressed_reverse_symbolic,single_cell,0,1.0,0,178,1,-1.0655132612430596,1.026646201899785,-0.01943352967163725,1.0460797315714223,2.0921594631428446,affine,0.30426139037209493,0.6085227807441899,1.0,0.30426139037209493,eta_l0_n178_r1,NA,ok
pinn100d_shallow300_medium_hybrid_pz_uncompressed_reverse_symbolic,single_cell,0,1.0,0,179,0,-1.2375301238723018,1.1985866600574022,-0.019471731907449774,1.218058391964852,2.436116783929704,affine,0.12411459017998151,0.24822918035996303,0.9319962481713715,0.1331706972249097,eta_l0_n179_r0,NA,ok
pinn100d_shallow300_medium_hybrid_pz_uncompressed_reverse_symbolic,single_cell,0,1.0,0,179,1,-1.2375301238723018,1.1985866600574022,-0.019471731907449774,1.218058391964852,2.436116783929704,affine,0.3518962394926582,0.7037924789853164,1.0,0.3518962394926582,eta_l0_n179_r1,NA,ok
pinn100d_shallow300_medium_hybrid_pz_uncompressed_reverse_symbolic,single_cell,0,1.0,0,180,0,-1.0633221779271933,1.098399243085133,0.017538532578969868,1.0808607105061632,2.1617214210123263,affine,0.09693932115397964,0.1938786423079593,0.9319962481713715,0.1040125658704957,eta_l0_n180_r0,NA,ok
pinn100d_shallow300_medium_hybrid_pz_uncompressed_reverse_symbolic,single_cell,0,1.0,0,180,1,-1.0633221779271933,1.098399243085133,0.017538532578969868,1.0808607105061632,2.1617214210123263,affine,0.3147125704027748,0.6294251408055496,1.0,0.3147125704027748,eta_l0_n180_r1,NA,ok
pinn100d_shallow300_medium_hybrid_pz_uncompressed_reverse_symbolic,single_cell,0,1.0,0,181,0,-1.1207207697771528,1.1600810252341789,0.01968012772851302,1.1404008975056659,2.2808017950113317,affine,0.10855051376169962,0.21710102752339924,0.9319962481713715,0.11647097718974918,eta_l0_n181_r0,NA,ok
pinn100d_shallow300_medium_hybrid_pz_uncompressed_reverse_symbolic,single_cell,0,1.0,0,181,1,-1.1207207697771528,1.1600810252341789,0.01968012772851302,1.1404008975056659,2.2808017950113317,affine,0.33159863418336927,0.6631972683667385,1.0,0.33159863418336927,eta_l0_n181_r1,NA,ok
pinn100d_shallow300_medium_hybrid_pz_uncompressed_reverse_symbolic,single_cell,0,1.0,0,182,0,-0.946853930283215,0.9082390537521355,-0.01930743826553971,0.9275464920176753,1.8550929840353505,affine,0.06897207704411946,0.13794415408823893,0.9319962481713715,0.07400467242163959,eta_l0_n182_r0,NA,ok
pinn100d_shallow300_medium_hybrid_pz_uncompressed_reverse_symbolic,single_cell,0,1.0,0,182,1,-0.946853930283215,0.9082390537521355,-0.01930743826553971,0.9275464920176753,1.8550929840353505,affine,0.2658832386164964,0.5317664772329928,1.0,0.2658832386164964,eta_l0_n182_r1,NA,ok
pinn100d_shallow300_medium_hybrid_pz_uncompressed_reverse_symbolic,single_cell,0,1.0,0,183,0,-0.9012005330706289,0.9364696817911625,0.01763457436026683,0.9188351074308957,1.8376702148617914,affine,0.06747144526222183,0.13494289052444366,0.9319962481713715,0.07239454600230909,eta_l0_n183_r0,NA,ok
pinn100d_shallow300_medium_hybrid_pz_uncompressed_reverse_symbolic,single_cell,0,1.0,0,183,1,-0.9012005330706289,0.9364696817911625,0.01763457436026683,0.9188351074308957,1.8376702148617914,affine,0.26292614612453097,0.5258522922490619,1.0,0.26292614612453097,eta_l0_n183_r1,NA,ok
pinn100d_shallow300_medium_hybrid_pz_uncompressed_reverse_symbolic,single_cell,0,1.0,0,184,0,-1.4793999358375656,1.4405298344240642,-0.019435050706750667,1.459964885130815,2.91992977026163,affine,0.17427052042194865,0.3485410408438973,0.9319962481713715,0.18698628965929542,eta_l0_n184_r0,NA,ok
pinn100d_shallow300_medium_hybrid_pz_uncompressed_reverse_symbolic,single_cell,0,1.0,0,184,1,-1.4793999358375656,1.4405298344240642,-0.019435050706750667,1.459964885130815,2.91992977026163,affine,0.4027895634419543,0.8055791268839086,1.0,0.4027895634419543,eta_l0_n184_r1,NA,ok
pinn100d_shallow300_medium_hybrid_pz_uncompressed_reverse_symbolic,single_cell,0,1.0,0,185,0,-0.7321511044331087,0.7389444504690762,0.0033966730179837423,0.7355477774510925,1.471095554902185,affine,0.03929340910885843,0.07858681821771686,0.9319962481713715,0.04216047992248283,eta_l0_n185_r0,NA,ok
pinn100d_shallow300_medium_hybrid_pz_uncompressed_reverse_symbolic,single_cell,0,1.0,0,185,1,-0.7321511044331087,0.7389444504690762,0.0033966730179837423,0.7355477774510925,1.471095554902185,affine,0.19621331094010355,0.3924266218802071,1.0,0.19621331094010355,eta_l0_n185_r1,NA,ok
pinn100d_shallow300_medium_hybrid_pz_uncompressed_reverse_symbolic,single_cell,0,1.0,0,186,0,-0.8942204521232299,0.8708685501338452,-0.011675950994692319,0.8825445011285376,1.765089002257075,affine,0.06136968976427765,0.1227393795285553,0.9319962481713715,0.06584757168785647,eta_l0_n186_r0,NA,ok
pinn100d_shallow300_medium_hybrid_pz_uncompressed_reverse_symbolic,single_cell,0,1.0,0,186,1,-0.8942204521232299,0.8708685501338452,-0.011675950994692319,0.8825445011285376,1.765089002257075,affine,0.2503530688112541,0.5007061376225082,1.0,0.2503530688112541,eta_l0_n186_r1,NA,ok
pinn100d_shallow300_medium_hybrid_pz_uncompressed_reverse_symbolic,single_cell,0,1.0,0,187,0,-1.0714555174736882,1.0473124800913571,-0.012071518691165517,1.0593839987825227,2.1187679975650453,affine,0.09281648755288631,0.18563297510577262,0.9319962481713715,0.09958890685986925,eta_l0_n187_r0,NA,ok
pinn100d_shallow300_medium_hybrid_pz_uncompressed_reverse_symbolic,single_cell,0,1.0,0,187,1,-1.0714555174736882,1.0473124800913571,-0.012071518691165517,1.0593839987825227,2.1187679975650453,affine,0.30838930232721823,0.6167786046544365,1.0,0.30838930232721823,eta_l0_n187_r1,NA,ok
pinn100d_shallow300_medium_hybrid_pz_uncompressed_reverse_symbolic,single_cell,0,1.0,0,188,0,-0.8561385666094257,0.8238401922534622,-0.01614918717798175,0.8399893794314439,1.6799787588628878,affine,0.05457352556779011,0.10914705113558022,0.9319962481713715,0.058555520663164044,eta_l0_n188_r0,NA,ok
pinn100d_shallow300_medium_hybrid_pz_uncompressed_reverse_symbolic,single_cell,0,1.0,0,188,1,-0.8561385666094257,0.8238401922534622,-0.01614918717798175,0.8399893794314439,1.6799787588628878,affine,0.23504641413088642,0.47009282826177284,1.0,0.23504641413088642,eta_l0_n188_r1,NA,ok
pinn100d_shallow300_medium_hybrid_pz_uncompressed_reverse_symbolic,single_cell,0,1.0,0,189,0,-1.0554762744104922,1.0911960330035595,0.017859879296533654,1.0733361537070258,2.1466723074140517,affine,0.09549999712492331,0.19099999424984662,0.9319962481713715,0.10246822056665959,eta_l0_n189_r0,NA,ok
pinn100d_shallow300_medium_hybrid_pz_uncompressed_reverse_symbolic,single_cell,0,1.0,0,189,1,-1.0554762744104922,1.0911960330035595,0.017859879296533654,1.0733361537070258,2.1466723074140517,affine,0.3124867202893598,0.6249734405787196,1.0,0.3124867202893598,eta_l0_n189_r1,NA,ok
pinn100d_shallow300_medium_hybrid_pz_uncompressed_reverse_symbolic,single_cell,0,1.0,0,190,0,-0.8409602339792386,0.8183358148780695,-0.01131220955058454,0.829648024428654,1.659296048857308,affine,0.052940748618230955,0.10588149723646191,0.9319962481713715,0.05680360701247848,eta_l0_n190_r0,NA,ok
pinn100d_shallow300_medium_hybrid_pz_uncompressed_reverse_symbolic,single_cell,0,1.0,0,190,1,-0.8409602339792386,0.8183358148780695,-0.01131220955058454,0.829648024428654,1.659296048857308,affine,0.23133788022140225,0.4626757604428045,1.0,0.23133788022140225,eta_l0_n190_r1,NA,ok
pinn100d_shallow300_medium_hybrid_pz_uncompressed_reverse_symbolic,single_cell,0,1.0,0,191,0,-0.9923663640591591,0.9567994816892673,-0.017783441184945903,0.9745829228742132,1.9491658457484264,affine,0.07720636019263961,0.15441272038527923,0.9319962481713715,0.08283977574386463,eta_l0_n191_r0,NA,ok
pinn100d_shallow300_medium_hybrid_pz_uncompressed_reverse_symbolic,single_cell,0,1.0,0,191,1,-0.9923663640591591,0.9567994816892673,-0.017783441184945903,0.9745829228742132,1.9491658457484264,affine,0.2816476439026048,0.5632952878052097,1.0,0.2816476439026048,eta_l0_n191_r1,NA,ok
pinn100d_shallow300_medium_hybrid_pz_uncompressed_reverse_symbolic,single_cell,0,1.0,0,192,0,-0.6229070664001423,0.5904531146635353,-0.01622697586830346,0.6066800905318388,1.2133601810636776,affine,0.02390234411526149,0.04780468823052298,0.9319962481713715,0.025646395210451995,eta_l0_n192_r0,NA,ok
pinn100d_shallow300_medium_hybrid_pz_uncompressed_reverse_symbolic,single_cell,0,1.0,0,192,1,-0.6229070664001423,0.5904531146635353,-0.01622697586830346,0.6066800905318388,1.2133601810636776,affine,0.14666339508907575,0.2933267901781515,1.0,0.14666339508907575,eta_l0_n192_r1,NA,ok
pinn100d_shallow300_medium_hybrid_pz_uncompressed_reverse_symbolic,single_cell,0,1.0,0,193,0,-0.737441641819339,0.710743302455173,-0.013349169682082995,0.724092472137256,1.448184944274512,affine,0.037799429557977056,0.07559885911595411,0.9319962481713715,0.04055749111881259,eta_l0_n193_r0,NA,ok
pinn100d_shallow300_medium_hybrid_pz_uncompressed_reverse_symbolic,single_cell,0,1.0,0,193,1,-0.737441641819339,0.710743302455173,-0.013349169682082995,0.724092472137256,1.448184944274512,affine,0.1917741690529898,0.3835483381059796,1.0,0.1917741690529898,eta_l0_n193_r1,NA,ok
pinn100d_shallow300_medium_hybrid_pz_uncompressed_reverse_symbolic,single_cell,0,1.0,0,194,0,-0.92629178814389,0.9624928742496371,0.018100543052873563,0.9443923311967636,1.8887846623935272,affine,0.07187781562146196,0.14375563124292393,0.9319962481713715,0.07712243022704247,eta_l0_n194_r0,NA,ok
pinn100d_shallow300_medium_hybrid_pz_uncompressed_reverse_symbolic,single_cell,0,1.0,0,194,1,-0.92629178814389,0.9624928742496371,0.018100543052873563,0.9443923311967636,1.8887846623935272,affine,0.2716137525954709,0.5432275051909418,1.0,0.2716137525954709,eta_l0_n194_r1,NA,ok
pinn100d_shallow300_medium_hybrid_pz_uncompressed_reverse_symbolic,single_cell,0,1.0,0,195,0,-1.4438322648629724,1.4816268957431418,0.01889731544008466,1.462729580303057,2.925459160606114,affine,0.17484682179969427,0.34969364359938854,0.9319962481713715,0.18760464126626417,eta_l0_n195_r0,NA,ok
pinn100d_shallow300_medium_hybrid_pz_uncompressed_reverse_symbolic,single_cell,0,1.0,0,195,1,-1.4438322648629724,1.4816268957431418,0.01889731544008466,1.462729580303057,2.925459160606114,affine,0.4032760717116363,0.8065521434232726,1.0,0.4032760717116363,eta_l0_n195_r1,NA,ok
pinn100d_shallow300_medium_hybrid_pz_uncompressed_reverse_symbolic,single_cell,0,1.0,0,196,0,-1.152447437734088,1.1941743187475988,0.02086344050675537,1.1733108782408435,2.346621756481687,affine,0.11510051619594604,0.23020103239189207,0.9319962481713715,0.12349890508870573,eta_l0_n196_r0,NA,ok
pinn100d_shallow300_medium_hybrid_pz_uncompressed_reverse_symbolic,single_cell,0,1.0,0,196,1,-1.152447437734088,1.1941743187475988,0.02086344050675537,1.1733108782408435,2.346621756481687,affine,0.3404262798220871,0.6808525596441742,1.0,0.3404262798220871,eta_l0_n196_r1,NA,ok
pinn100d_shallow300_medium_hybrid_pz_uncompressed_reverse_symbolic,single_cell,0,1.0,0,197,0,-0.6221827602303872,0.6073776418168663,-0.007402559206760473,0.6147802010236267,1.2295604020472535,affine,0.024711480698816016,0.04942296139763203,0.9319962481713715,0.026514571005303203,eta_l0_n197_r0,NA,ok
pinn100d_shallow300_medium_hybrid_pz_uncompressed_reverse_symbolic,single_cell,0,1.0,0,197,1,-0.6221827602303872,0.6073776418168663,-0.007402559206760473,0.6147802010236267,1.2295604020472535,affine,0.14984737210450264,0.29969474420900527,1.0,0.14984737210450264,eta_l0_n197_r1,NA,ok
pinn100d_shallow300_medium_hybrid_pz_uncompressed_reverse_symbolic,single_cell,0,1.0,0,198,0,-0.8900304609633192,0.9240067976547857,0.016988168345733246,0.9070186293090524,1.8140372586181048,affine,0.06546697285142163,0.13093394570284325,0.9319962481713715,0.07024381587358476,eta_l0_n198_r0,NA,ok
pinn100d_shallow300_medium_hybrid_pz_uncompressed_reverse_symbolic,single_cell,0,1.0,0,198,1,-0.8900304609633192,0.9240067976547857,0.016988168345733246,0.9070186293090524,1.8140372586181048,affine,0.25885497492854465,0.5177099498570893,1.0,0.25885497492854465,eta_l0_n198_r1,NA,ok
pinn100d_shallow300_medium_hybrid_pz_uncompressed_reverse_symbolic,single_cell,0,1.0,0,199,0,-1.095266671314244,1.1346180087386017,0.01967566871217885,1.114942340026423,2.229884680052846,affine,0.10355036232782984,0.20710072465565968,0.9319962481713715,0.11110598624297191,eta_l0_n199_r0,NA,ok
pinn100d_shallow300_medium_hybrid_pz_uncompressed_reverse_symbolic,single_cell,0,1.0,0,199,1,-1.095266671314244,1.1346180087386017,0.01967566871217885,1.114942340026423,2.229884680052846,affine,0.3245088156471296,0.6490176312942592,1.0,0.3245088156471296,eta_l0_n199_r1,NA,ok
pinn100d_shallow300_medium_hybrid_pz_uncompressed_reverse_symbolic,single_cell,0,1.0,0,200,0,-0.9767008442562579,1.0102996945497786,0.01679942514676036,0.9935002694030183,1.9870005388060366,affine,0.08060765055937986,0.16121530111875973,0.9319962481713715,0.08648924361824048,eta_l0_n200_r0,NA,ok
pinn100d_shallow300_medium_hybrid_pz_uncompressed_reverse_symbolic,single_cell,0,1.0,0,200,1,-0.9767008442562579,1.0102996945497786,0.01679942514676036,0.9935002694030183,1.9870005388060366,affine,0.28780718721053394,0.5756143744210679,1.0,0.28780718721053394,eta_l0_n200_r1,NA,ok
pinn100d_shallow300_medium_hybrid_pz_uncompressed_reverse_symbolic,single_cell,0,1.0,0,201,0,-1.09950069888472,1.1349408402969055,0.017720070706092717,1.1172207695908127,2.2344415391816255,affine,0.10398467023247389,0.20796934046494778,0.9319962481713715,0.11157198372471734,eta_l0_n201_r0,NA,ok
pinn100d_shallow300_medium_hybrid_pz_uncompressed_reverse_symbolic,single_cell,0,1.0,0,201,1,-1.09950069888472,1.1349408402969055,0.017720070706092717,1.1172207695908127,2.2344415391816255,affine,0.3251803898554791,0.6503607797109582,1.0,0.3251803898554791,eta_l0_n201_r1,NA,ok
pinn100d_shallow300_medium_hybrid_pz_uncompressed_reverse_symbolic,single_cell,0,1.0,0,202,0,-0.7951331280804157,0.8148313974508756,0.009849134685229965,0.8049822627656457,1.6099645255312913,affine,0.049187121407205665,0.09837424281441133,0.9319962481713715,0.05277609379191551,eta_l0_n202_r0,NA,ok
pinn100d_shallow300_medium_hybrid_pz_uncompressed_reverse_symbolic,single_cell,0,1.0,0,202,1,-0.7951331280804157,0.8148313974508756,0.009849134685229965,0.8049822627656457,1.6099645255312913,affine,0.22227638354605225,0.4445527670921045,1.0,0.22227638354605225,eta_l0_n202_r1,NA,ok
pinn100d_shallow300_medium_hybrid_pz_uncompressed_reverse_symbolic,single_cell,0,1.0,0,203,0,-0.929105445796119,0.8942568543418767,-0.01742429572712112,0.9116811500689979,1.8233623001379957,affine,0.0662563014773734,0.1325126029547468,0.9319962481713715,0.07109073840948603,eta_l0_n203_r0,NA,ok
pinn100d_shallow300_medium_hybrid_pz_uncompressed_reverse_symbolic,single_cell,0,1.0,0,203,1,-0.929105445796119,0.8942568543418767,-0.01742429572712112,0.9116811500689979,1.8233623001379957,affine,0.2604631297546389,0.5209262595092778,1.0,0.2604631297546389,eta_l0_n203_r1,NA,ok
pinn100d_shallow300_medium_hybrid_pz_uncompressed_reverse_symbolic,single_cell,0,1.0,0,204,0,-0.7641244024694368,0.7349866898999596,-0.014568856284738585,0.7495555461846982,1.4991110923693964,affine,0.041244716478901274,0.08248943295780255,0.9319962481713715,0.04425416578642425,eta_l0_n204_r0,NA,ok
pinn100d_shallow300_medium_hybrid_pz_uncompressed_reverse_symbolic,single_cell,0,1.0,0,204,1,-0.7641244024694368,0.7349866898999596,-0.014568856284738585,0.7495555461846982,1.4991110923693964,affine,0.2014452447000997,0.4028904894001994,1.0,0.2014452447000997,eta_l0_n204_r1,NA,ok
pinn100d_shallow300_medium_hybrid_pz_uncompressed_reverse_symbolic,single_cell,0,1.0,0,205,0,-1.0117373774449652,0.9756317416300792,-0.01805281790744301,0.9936845595375221,1.9873691190750442,affine,0.08064859882773769,0.16129719765547537,0.9319962481713715,0.08653317970536333,eta_l0_n205_r0,NA,ok
pinn100d_shallow300_medium_hybrid_pz_uncompressed_reverse_symbolic,single_cell,0,1.0,0,205,1,-1.0117373774449652,0.9756317416300792,-0.01805281790744301,0.9936845595375221,1.9873691190750442,affine,0.28784791784582964,0.5756958356916593,1.0,0.28784791784582964,eta_l0_n205_r1,NA,ok
pinn100d_shallow300_medium_hybrid_pz_uncompressed_reverse_symbolic,single_cell,0,1.0,0,206,0,-1.271032511729701,1.3114418482049401,0.020204668237619572,1.2912371799673206,2.582474359934641,affine,0.13911287947176756,0.27822575894353513,0.9319962481713715,0.14926334708397676,eta_l0_n206_r0,NA,ok
pinn100d_shallow300_medium_hybrid_pz_uncompressed_reverse_symbolic,single_cell,0,1.0,0,206,1,-1.271032511729701,1.3114418482049401,0.020204668237619572,1.2912371799673206,2.582474359934641,affine,0.36919763717385085,0.7383952743477017,1.0,0.36919763717385085,eta_l0_n206_r1,NA,ok
pinn100d_shallow300_medium_hybrid_pz_uncompressed_reverse_symbolic,single_cell,0,1.0,0,207,0,-1.3112708446293018,1.2772121752583014,-0.017029334685500164,1.2942415099438016,2.588483019887603,affine,0.13971997178468812,0.27943994356937624,0.9319962481713715,0.14991473630803395,eta_l0_n207_r0,NA,ok
pinn100d_shallow300_medium_hybrid_pz_uncompressed_reverse_symbolic,single_cell,0,1.0,0,207,1,-1.3112708446293018,1.2772121752583014,-0.017029334685500164,1.2942415099438016,2.588483019887603,affine,0.3699089369805238,0.7398178739610476,1.0,0.3699089369805238,eta_l0_n207_r1,NA,ok
pinn100d_shallow300_medium_hybrid_pz_uncompressed_reverse_symbolic,single_cell,0,1.0,0,208,0,-1.1651989100051081,1.2002604364732326,0.01753076323406222,1.1827296732391703,2.3654593464783407,affine,0.11697091939156241,0.23394183878312483,0.9319962481713715,0.12550578354909248,eta_l0_n208_r0,NA,ok
pinn100d_shallow300_medium_hybrid_pz_uncompressed_reverse_symbolic,single_cell,0,1.0,0,208,1,-1.1651989100051081,1.2002604364732326,0.01753076323406222,1.1827296732391703,2.3654593464783407,affine,0.3429378820617445,0.685875764123489,1.0,0.3429378820617445,eta_l0_n208_r1,NA,ok
pinn100d_shallow300_medium_hybrid_pz_uncompressed_reverse_symbolic,single_cell,0,1.0,0,209,0,-1.1982393510876126,1.2306822718446642,0.016221460378525787,1.2144608114661384,2.4289216229322768,affine,0.12336957207392958,0.24673914414785916,0.9319962481713715,0.13237131835668603,eta_l0_n209_r0,NA,ok
pinn100d_shallow300_medium_hybrid_pz_uncompressed_reverse_symbolic,single_cell,0,1.0,0,209,1,-1.1982393510876126,1.2306822718446642,0.016221460378525787,1.2144608114661384,2.4289216229322768,affine,0.3510407017654134,0.7020814035308268,1.0,0.3510407017654134,eta_l0_n209_r1,NA,ok
pinn100d_shallow300_medium_hybrid_pz_uncompressed_reverse_symbolic,single_cell,0,1.0,0,210,0,-0.9228447532260016,0.9507075443892259,0.01393139558161216,0.9367761488076137,1.8735522976152275,affine,0.07053047421855775,0.1410609484371155,0.9319962481713715,0.07567677912539075,eta_l0_n210_r0,NA,ok
pinn100d_shallow300_medium_hybrid_pz_uncompressed_reverse_symbolic,single_cell,0,1.0,0,210,1,-0.9228447532260016,0.9507075443892259,0.01393139558161216,0.9367761488076137,1.8735522976152275,affine,0.26910035646862585,0.5382007129372517,1.0,0.26910035646862585,eta_l0_n210_r1,NA,ok
pinn100d_shallow300_medium_hybrid_pz_uncompressed_reverse_symbolic,single_cell,0,1.0,0,211,0,-1.3219320199504638,1.2845693941220588,-0.018681312914202497,1.3032507070362613,2.6065014140725227,affine,0.14158975427736184,0.2831795085547237,0.9319962481713715,0.15192094877545786,eta_l0_n211_r0,NA,ok
pinn100d_shallow300_medium_hybrid_pz_uncompressed_reverse_symbolic,single_cell,0,1.0,0,211,1,-1.3219320199504638,1.2845693941220588,-0.018681312914202497,1.3032507070362613,2.6065014140725227,affine,0.3718937045390254,0.7437874090780509,1.0,0.3718937045390254,eta_l0_n211_r1,NA,ok
pinn100d_shallow300_medium_hybrid_pz_uncompressed_reverse_symbolic,single_cell,0,1.0,0,212,0,-1.1136630602458562,1.0736732395863262,-0.01999491032976497,1.0936681499160912,2.1873362998321824,affine,0.09941980308099137,0.19883960616198273,0.9319962481713715,0.10667403787950708,eta_l0_n212_r0,NA,ok
pinn100d_shallow300_medium_hybrid_pz_uncompressed_reverse_symbolic,single_cell,0,1.0,0,212,1,-1.1136630602458562,1.0736732395863262,-0.01999491032976497,1.0936681499160912,2.1873362998321824,affine,0.3184140898770353,0.6368281797540706,1.0,0.3184140898770353,eta_l0_n212_r1,NA,ok
pinn100d_shallow300_medium_hybrid_pz_uncompressed_reverse_symbolic,single_cell,0,1.0,0,213,0,-1.3976935250910973,1.3709670065547257,-0.013363259268185823,1.3843302658229115,2.768660531645823,affine,0.1584389554911889,0.3168779109823778,0.9319962481713715,0.1699995636270585,eta_l0_n213_r0,NA,ok
pinn100d_shallow300_medium_hybrid_pz_uncompressed_reverse_symbolic,single_cell,0,1.0,0,213,1,-1.3976935250910973,1.3709670065547257,-0.013363259268185823,1.3843302658229115,2.768660531645823,affine,0.38883905368764476,0.7776781073752895,1.0,0.38883905368764476,eta_l0_n213_r1,NA,ok
pinn100d_shallow300_medium_hybrid_pz_uncompressed_reverse_symbolic,single_cell,0,1.0,0,214,0,-0.6308511366333197,0.5817134666571074,-0.024568834988106136,0.6062823016452136,1.2125646032904271,affine,0.02393379841437915,0.0478675968287583,0.9319962481713715,0.02568014459429273,eta_l0_n214_r0,NA,ok
pinn100d_shallow300_medium_hybrid_pz_uncompressed_reverse_symbolic,single_cell,0,1.0,0,214,1,-0.6308511366333197,0.5817134666571074,-0.024568834988106136,0.6062823016452136,1.2125646032904271,affine,0.14637875612598197,0.29275751225196395,1.0,0.14637875612598197,eta_l0_n214_r1,NA,ok
pinn100d_shallow300_medium_hybrid_pz_uncompressed_reverse_symbolic,single_cell,0,1.0,0,215,0,-0.6750710083304651,0.6486981605886052,-0.013186423870929942,0.6618845844595351,1.3237691689190703,affine,0.030018619591721033,0.060037239183442066,0.9319962481713715,0.03220894896371014,eta_l0_n215_r0,NA,ok
pinn100d_shallow300_medium_hybrid_pz_uncompressed_reverse_symbolic,single_cell,0,1.0,0,215,1,-0.6750710083304651,0.6486981605886052,-0.013186423870929942,0.6618845844595351,1.3237691689190703,affine,0.1679053284611978,0.3358106569223956,1.0,0.1679053284611978,eta_l0_n215_r1,NA,ok
pinn100d_shallow300_medium_hybrid_pz_uncompressed_reverse_symbolic,single_cell,0,1.0,0,216,0,-1.2424597126868335,1.2857833148653481,0.021661801089257304,1.2641215137760908,2.5282430275521817,affine,0.13353496019544117,0.26706992039088234,0.9319962481713715,0.1432784310639063,eta_l0_n216_r0,NA,ok
pinn100d_shallow300_medium_hybrid_pz_uncompressed_reverse_symbolic,single_cell,0,1.0,0,216,1,-1.2424597126868335,1.2857833148653481,0.021661801089257304,1.2641215137760908,2.5282430275521817,affine,0.36296503509120265,0.7259300701824053,1.0,0.36296503509120265,eta_l0_n216_r1,NA,ok
pinn100d_shallow300_medium_hybrid_pz_uncompressed_reverse_symbolic,single_cell,0,1.0,0,217,0,-1.0176420196916929,0.9812025096472038,-0.018219755022244544,0.9994222646694484,1.9988445293388968,affine,0.08169289794408681,0.16338579588817362,0.9319962481713715,0.0876536768301083,eta_l0_n217_r0,NA,ok
pinn100d_shallow300_medium_hybrid_pz_uncompressed_reverse_symbolic,single_cell,0,1.0,0,217,1,-1.0176420196916929,0.9812025096472038,-0.018219755022244544,0.9994222646694484,1.9988445293388968,affine,0.289687170148816,0.579374340297632,1.0,0.289687170148816,eta_l0_n217_r1,NA,ok
pinn100d_shallow300_medium_hybrid_pz_uncompressed_reverse_symbolic,single_cell,0,1.0,0,218,0,-0.9798393779987575,1.0123201516079219,0.016240386804582174,0.9960797648033397,1.9921595296066794,affine,0.08107290966168675,0.1621458193233735,0.9319962481713715,0.08698845067322568,eta_l0_n218_r0,NA,ok
pinn100d_shallow300_medium_hybrid_pz_uncompressed_reverse_symbolic,single_cell,0,1.0,0,218,1,-0.9798393779987575,1.0123201516079219,0.016240386804582174,0.9960797648033397,1.9921595296066794,affine,0.2886444411656374,0.5772888823312748,1.0,0.2886444411656374,eta_l0_n218_r1,NA,ok
pinn100d_shallow300_medium_hybrid_pz_uncompressed_reverse_symbolic,single_cell,0,1.0,0,219,0,-1.050898072218128,1.026711272754142,-0.012093399731992971,1.038804672486135,2.07760934497227,affine,0.08893857072936846,0.17787714145873693,0.9319962481713715,0.09542803514914452,eta_l0_n219_r0,NA,ok
pinn100d_shallow300_medium_hybrid_pz_uncompressed_reverse_symbolic,single_cell,0,1.0,0,219,1,-1.050898072218128,1.026711272754142,-0.012093399731992971,1.038804672486135,2.07760934497227,affine,0.3021270990529596,0.6042541981059192,1.0,0.3021270990529596,eta_l0_n219_r1,NA,ok
pinn100d_shallow300_medium_hybrid_pz_uncompressed_reverse_symbolic,single_cell,0,1.0,0,220,0,-1.0276272819085595,0.9881549383021555,-0.019736171803201974,1.0078911101053576,2.015782220210715,affine,0.08325051921200739,0.16650103842401479,0.9319962481713715,0.08932495101278524,eta_l0_n220_r0,NA,ok
pinn100d_shallow300_medium_hybrid_pz_uncompressed_reverse_symbolic,single_cell,0,1.0,0,220,1,-1.0276272819085595,0.9881549383021555,-0.019736171803201974,1.0078911101053576,2.015782220210715,affine,0.2923627454325825,0.584725490865165,1.0,0.2923627454325825,eta_l0_n220_r1,NA,ok
pinn100d_shallow300_medium_hybrid_pz_uncompressed_reverse_symbolic,single_cell,0,1.0,0,221,0,-0.9182714052195694,0.9526902849630151,0.017209439871722854,0.9354808450912923,1.8709616901825845,affine,0.07032498333747385,0.1406499666749477,0.9319962481713715,0.0754562944598279,eta_l0_n221_r0,NA,ok
pinn100d_shallow300_medium_hybrid_pz_uncompressed_reverse_symbolic,single_cell,0,1.0,0,221,1,-0.9182714052195694,0.9526902849630151,0.017209439871722854,0.9354808450912923,1.8709616901825845,affine,0.2686165914228866,0.5372331828457731,1.0,0.2686165914228866,eta_l0_n221_r1,NA,ok
pinn100d_shallow300_medium_hybrid_pz_uncompressed_reverse_symbolic,single_cell,0,1.0,0,222,0,-1.0931660046004656,1.131441604552337,0.019137799975935676,1.1123038045764013,2.2246076091528026,affine,0.1030323751704313,0.2060647503408626,0.9319962481713715,0.11055020379383132,eta_l0_n222_r0,NA,ok
pinn100d_shallow300_medium_hybrid_pz_uncompressed_reverse_symbolic,single_cell,0,1.0,0,222,1,-1.0931660046004656,1.131441604552337,0.019137799975935676,1.1123038045764013,2.2246076091528026,affine,0.32376979893757785,0.6475395978751557,1.0,0.32376979893757785,eta_l0_n222_r1,NA,ok
pinn100d_shallow300_medium_hybrid_pz_uncompressed_reverse_symbolic,single_cell,0,1.0,0,223,0,-0.7347884981061658,0.7031688277584786,-0.0158098351738436,0.7189786629323222,1.4379573258646443,affine,0.0371415219972684,0.0742830439945368,0.9319962481713715,0.03985157887721343,eta_l0_n223_r0,NA,ok
pinn100d_shallow300_medium_hybrid_pz_uncompressed_reverse_symbolic,single_cell,0,1.0,0,223,1,-0.7347884981061658,0.7031688277584786,-0.0158098351738436,0.7189786629323222,1.4379573258646443,affine,0.18978987632131175,0.3795797526426235,1.0,0.18978987632131175,eta_l0_n223_r1,NA,ok
pinn100d_shallow300_medium_hybrid_pz_uncompressed_reverse_symbolic,single_cell,0,1.0,0,224,0,-1.2999700704514803,1.260481893985253,-0.019744088233113688,1.2802259822183666,2.560451964436733,affine,0.13683906908689789,0.27367813817379577,0.9319962481713715,0.1468236265493383,eta_l0_n224_r0,NA,ok
pinn100d_shallow300_medium_hybrid_pz_uncompressed_reverse_symbolic,single_cell,0,1.0,0,224,1,-1.2999700704514803,1.260481893985253,-0.019744088233113688,1.2802259822183666,2.560451964436733,affine,0.3667091474322621,0.7334182948645241,1.0,0.3667091474322621,eta_l0_n224_r1,NA,ok
pinn100d_shallow300_medium_hybrid_pz_uncompressed_reverse_symbolic,single_cell,0,1.0,0,225,0,-0.801929426509088,0.8378016275339949,0.017936100512453423,0.8198655270215415,1.639731054043083,affine,0.051479085767128514,0.10295817153425703,0.9319962481713715,0.055235292918971876,eta_l0_n225_r0,NA,ok
pinn100d_shallow300_medium_hybrid_pz_uncompressed_reverse_symbolic,single_cell,0,1.0,0,225,1,-0.801929426509088,0.8378016275339949,0.017936100512453423,0.8198655270215415,1.639731054043083,affine,0.22766628827824661,0.45533257655649323,1.0,0.22766628827824661,eta_l0_n225_r1,NA,ok
pinn100d_shallow300_medium_hybrid_pz_uncompressed_reverse_symbolic,single_cell,0,1.0,0,226,0,-1.0355052941917036,0.9968705997566258,-0.01931734721753886,1.0161879469741648,2.0323758939483296,affine,0.0847732214456068,0.1695464428912136,0.9319962481713715,0.09095875826961383,eta_l0_n226_r0,NA,ok
pinn100d_shallow300_medium_hybrid_pz_uncompressed_reverse_symbolic,single_cell,0,1.0,0,226,1,-1.0355052941917036,0.9968705997566258,-0.01931734721753886,1.0161879469741648,2.0323758939483296,affine,0.29499299606789253,0.5899859921357851,1.0,0.29499299606789253,eta_l0_n226_r1,NA,ok
pinn100d_shallow300_medium_hybrid_pz_uncompressed_reverse_symbolic,single_cell,0,1.0,0,227,0,-1.2227325622777163,1.266492614795333,0.02188002625880836,1.2446125885365247,2.4892251770730494,affine,0.12953797657304725,0.2590759531460945,0.9319962481713715,0.1389898047628496,eta_l0_n227_r0,NA,ok
pinn100d_shallow300_medium_hybrid_pz_uncompressed_reverse_symbolic,single_cell,0,1.0,0,227,1,-1.2227325622777163,1.266492614795333,0.02188002625880836,1.2446125885365247,2.4892251770730494,affine,0.3583450777565647,0.7166901555131294,1.0,0.3583450777565647,eta_l0_n227_r1,NA,ok
pinn100d_shallow300_medium_hybrid_pz_uncompressed_reverse_symbolic,single_cell,0,1.0,0,228,0,-0.9930624745502177,1.0284245545367263,0.01768103999325432,1.010743514543472,2.021487029086944,affine,0.08376097929774685,0.1675219585954937,0.9319962481713715,0.08987265717226926,eta_l0_n228_r0,NA,ok
pinn100d_shallow300_medium_hybrid_pz_uncompressed_reverse_symbolic,single_cell,0,1.0,0,228,1,-0.9930624745502177,1.0284245545367263,0.01768103999325432,1.010743514543472,2.021487029086944,affine,0.2932994718153777,0.5865989436307554,1.0,0.2932994718153777,eta_l0_n228_r1,NA,ok
pinn100d_shallow300_medium_hybrid_pz_uncompressed_reverse_symbolic,single_cell,0,1.0,0,229,0,-0.7782243522405148,0.7634707519083996,-0.007376800166057573,0.7708475520744572,1.5416951041489144,affine,0.04419558317224093,0.08839116634448187,0.9319962481713715,0.04742034451206765,eta_l0_n229_r0,NA,ok
pinn100d_shallow300_medium_hybrid_pz_uncompressed_reverse_symbolic,single_cell,0,1.0,0,229,1,-0.7782243522405148,0.7634707519083996,-0.007376800166057573,0.7708475520744572,1.5416951041489144,affine,0.20955349419685784,0.4191069883937157,1.0,0.20955349419685784,eta_l0_n229_r1,NA,ok
pinn100d_shallow300_medium_hybrid_pz_uncompressed_reverse_symbolic,single_cell,0,1.0,0,230,0,-1.4736909184242268,1.4349512883955993,-0.019369815014313785,1.454321103409913,2.908642206819826,affine,0.1730901226391359,0.3461802452782718,0.9319962481713715,0.18571976333461465,eta_l0_n230_r0,NA,ok
pinn100d_shallow300_medium_hybrid_pz_uncompressed_reverse_symbolic,single_cell,0,1.0,0,230,1,-1.4736909184242268,1.4349512883955993,-0.019369815014313785,1.454321103409913,2.908642206819826,affine,0.4018009870697762,0.8036019741395524,1.0,0.4018009870697762,eta_l0_n230_r1,NA,ok
pinn100d_shallow300_medium_hybrid_pz_uncompressed_reverse_symbolic,single_cell,0,1.0,0,231,0,-0.9741772249753823,1.0156090479613664,0.020715911492992067,0.9948931364683744,1.9897862729367488,affine,0.08088571108096311,0.16177142216192622,0.9319962481713715,0.08678759301838969,eta_l0_n231_r0,NA,ok
pinn100d_shallow300_medium_hybrid_pz_uncompressed_reverse_symbolic,single_cell,0,1.0,0,231,1,-0.9741772249753823,1.0156090479613664,0.020715911492992067,0.9948931364683744,1.9897862729367488,affine,0.2881928095706266,0.5763856191412532,1.0,0.2881928095706266,eta_l0_n231_r1,NA,ok
pinn100d_shallow300_medium_hybrid_pz_uncompressed_reverse_symbolic,single_cell,0,1.0,0,232,0,-0.9915097879699292,1.0315020359202347,0.01999612397515277,1.011505911945082,2.023011823890164,affine,0.08391577855064876,0.16783155710129752,0.9319962481713715,0.09003875145988643,eta_l0_n232_r0,NA,ok
pinn100d_shallow300_medium_hybrid_pz_uncompressed_reverse_symbolic,single_cell,0,1.0,0,232,1,-0.9915097879699292,1.0315020359202347,0.01999612397515277,1.011505911945082,2.023011823890164,affine,0.29350402543245907,0.5870080508649181,1.0,0.29350402543245907,eta_l0_n232_r1,NA,ok
pinn100d_shallow300_medium_hybrid_pz_uncompressed_reverse_symbolic,single_cell,0,1.0,0,233,0,-1.08080947479655,1.0470137954558827,-0.016897839670333648,1.0639116351262163,2.1278232702524327,affine,0.09369831588937973,0.18739663177875945,0.9319962481713715,0.10053507841176511,eta_l0_n233_r0,NA,ok
pinn100d_shallow300_medium_hybrid_pz_uncompressed_reverse_symbolic,single_cell,0,1.0,0,233,1,-1.08080947479655,1.0470137954558827,-0.016897839670333648,1.0639116351262163,2.1278232702524327,affine,0.3096918945766334,0.6193837891532668,1.0,0.3096918945766334,eta_l0_n233_r1,NA,ok
pinn100d_shallow300_medium_hybrid_pz_uncompressed_reverse_symbolic,single_cell,0,1.0,0,234,0,-0.9553499690208582,0.9911598413697273,0.01790493617443456,0.9732549051952928,1.9465098103905856,affine,0.0769698294054751,0.1539396588109502,0.9319962481713715,0.08258598632397307,eta_l0_n234_r0,NA,ok
pinn100d_shallow300_medium_hybrid_pz_uncompressed_reverse_symbolic,single_cell,0,1.0,0,234,1,-0.9553499690208582,0.9911598413697273,0.01790493617443456,0.9732549051952928,1.9465098103905856,affine,0.28121030953724063,0.5624206190744813,1.0,0.28121030953724063,eta_l0_n234_r1,NA,ok
pinn100d_shallow300_medium_hybrid_pz_uncompressed_reverse_symbolic,single_cell,0,1.0,0,235,0,-0.9690273603532124,1.0071673197752011,0.01906997971099439,0.9880973400642068,1.9761946801284136,affine,0.07964352957996403,0.15928705915992805,0.9319962481713715,0.08545477488372841,eta_l0_n235_r0,NA,ok
pinn100d_shallow300_medium_hybrid_pz_uncompressed_reverse_symbolic,single_cell,0,1.0,0,235,1,-0.9690273603532124,1.0071673197752011,0.01906997971099439,0.9880973400642068,1.9761946801284136,affine,0.286028525577318,0.572057051154636,1.0,0.286028525577318,eta_l0_n235_r1,NA,ok
pinn100d_shallow300_medium_hybrid_pz_uncompressed_reverse_symbolic,single_cell,0,1.0,0,236,0,-1.155883803770632,1.1917587708387822,0.017937483534075094,1.1738212873047071,2.3476425746094143,affine,0.11518710792645188,0.23037421585290377,0.9319962481713715,0.12359181504480882,eta_l0_n236_r0,NA,ok
pinn100d_shallow300_medium_hybrid_pz_uncompressed_reverse_symbolic,single_cell,0,1.0,0,236,1,-1.155883803770632,1.1917587708387822,0.017937483534075094,1.1738212873047071,2.3476425746094143,affine,0.3406020962928643,0.6812041925857286,1.0,0.3406020962928643,eta_l0_n236_r1,NA,ok
pinn100d_shallow300_medium_hybrid_pz_uncompressed_reverse_symbolic,single_cell,0,1.0,0,237,0,-0.9032024251467425,0.9272904688323387,0.01204402184279807,0.9152464469895406,1.8304928939790812,affine,0.06683064114202937,0.13366128228405874,0.9319962481713715,0.0717069851656107,eta_l0_n237_r0,NA,ok
pinn100d_shallow300_medium_hybrid_pz_uncompressed_reverse_symbolic,single_cell,0,1.0,0,237,1,-0.9032024251467425,0.9272904688323387,0.01204402184279807,0.9152464469895406,1.8304928939790812,affine,0.26176398680269347,0.5235279736053869,1.0,0.26176398680269347,eta_l0_n237_r1,NA,ok
pinn100d_shallow300_medium_hybrid_pz_uncompressed_reverse_symbolic,single_cell,0,1.0,0,238,0,-1.247516362852558,1.2970872348018665,0.024785435974654213,1.2723017988272123,2.5446035976544246,affine,0.1352337806803164,0.2704675613606328,0.9319962481713715,0.14510120716220973,eta_l0_n238_r0,NA,ok
pinn100d_shallow300_medium_hybrid_pz_uncompressed_reverse_symbolic,single_cell,0,1.0,0,238,1,-1.247516362852558,1.2970872348018665,0.024785435974654213,1.2723017988272123,2.5446035976544246,affine,0.3648170558558873,0.7296341117117746,1.0,0.3648170558558873,eta_l0_n238_r1,NA,ok
pinn100d_shallow300_medium_hybrid_pz_uncompressed_reverse_symbolic,single_cell,0,1.0,0,239,0,-0.9472028721092914,0.9617653086795487,0.007281218285128621,0.9544840903944201,1.9089681807888401,affine,0.07359532437748174,0.1471906487549635,0.9319962481713715,0.0789652581991396,eta_l0_n239_r0,NA,ok
pinn100d_shallow300_medium_hybrid_pz_uncompressed_reverse_symbolic,single_cell,0,1.0,0,239,1,-0.9472028721092914,0.9617653086795487,0.007281218285128621,0.9544840903944201,1.9089681807888401,affine,0.2751152937909374,0.5502305875818748,1.0,0.2751152937909374,eta_l0_n239_r1,NA,ok
pinn100d_shallow300_medium_hybrid_pz_uncompressed_reverse_symbolic,single_cell,0,1.0,0,240,0,-1.1390201794660133,1.1757004326923164,0.01834012661315154,1.1573603060791648,2.3147206121583297,affine,0.11190478616491507,0.22380957232983015,0.9319962481713715,0.12006999640232296,eta_l0_n240_r0,NA,ok
pinn100d_shallow300_medium_hybrid_pz_uncompressed_reverse_symbolic,single_cell,0,1.0,0,240,1,-1.1390201794660133,1.1757004326923164,0.01834012661315154,1.1573603060791648,2.3147206121583297,affine,0.33622077083622676,0.6724415416724535,1.0,0.33622077083622676,eta_l0_n240_r1,NA,ok
pinn100d_shallow300_medium_hybrid_pz_uncompressed_reverse_symbolic,single_cell,0,1.0,0,241,0,-0.8034218143463597,0.8305734264130716,0.013575806033355953,0.8169976203797157,1.6339952407594314,affine,0.05101514148501563,0.10203028297003126,0.9319962481713715,0.054737496620946895,eta_l0_n241_r0,NA,ok
pinn100d_shallow300_medium_hybrid_pz_uncompressed_reverse_symbolic,single_cell,0,1.0,0,241,1,-0.8034218143463597,0.8305734264130716,0.013575806033355953,0.8169976203797157,1.6339952407594314,affine,0.22667314579283168,0.45334629158566336,1.0,0.22667314579283168,eta_l0_n241_r1,NA,ok
pinn100d_shallow300_medium_hybrid_pz_uncompressed_reverse_symbolic,single_cell,0,1.0,0,242,0,-0.8216464738019208,0.8370838065220393,0.007718666360059245,0.82936514016198,1.65873028032396,affine,0.05288344570803522,0.10576689141607044,0.9319962481713715,0.05674212295574739,eta_l0_n242_r0,NA,ok
pinn100d_shallow300_medium_hybrid_pz_uncompressed_reverse_symbolic,single_cell,0,1.0,0,242,1,-0.8216464738019208,0.8370838065220393,0.007718666360059245,0.82936514016198,1.65873028032396,affine,0.23126511064546854,0.46253022129093707,1.0,0.23126511064546854,eta_l0_n242_r1,NA,ok
pinn100d_shallow300_medium_hybrid_pz_uncompressed_reverse_symbolic,single_cell,0,1.0,0,243,0,-1.0947451042886664,1.1262257894330194,0.01574034257217649,1.110485446860843,2.220970893721686,affine,0.10266022844570051,0.20532045689140102,0.9319962481713715,0.11015090312554969,eta_l0_n243_r0,NA,ok
pinn100d_shallow300_medium_hybrid_pz_uncompressed_reverse_symbolic,single_cell,0,1.0,0,243,1,-1.0947451042886664,1.1262257894330194,0.01574034257217649,1.110485446860843,2.220970893721686,affine,0.3232996894200661,0.6465993788401322,1.0,0.3232996894200661,eta_l0_n243_r1,NA,ok
pinn100d_shallow300_medium_hybrid_pz_uncompressed_reverse_symbolic,single_cell,0,1.0,0,244,0,-1.3579344396070394,1.4019798358364985,0.022022698114729566,1.379957137721769,2.759914275443538,affine,0.15755628942850283,0.31511257885700567,0.9319962481713715,0.16905249322369809,eta_l0_n244_r0,NA,ok
pinn100d_shallow300_medium_hybrid_pz_uncompressed_reverse_symbolic,single_cell,0,1.0,0,244,1,-1.3579344396070394,1.4019798358364985,0.022022698114729566,1.379957137721769,2.759914275443538,affine,0.3878926045528993,0.7757852091057986,1.0,0.3878926045528993,eta_l0_n244_r1,NA,ok
pinn100d_shallow300_medium_hybrid_pz_uncompressed_reverse_symbolic,single_cell,0,1.0,0,245,0,-1.0757844619013357,1.0586892018922314,-0.008547630004552165,1.0672368318967835,2.134473663793567,affine,0.09429752179835456,0.18859504359670912,0.9319962481713715,0.10117800579494987,eta_l0_n245_r0,NA,ok
pinn100d_shallow300_medium_hybrid_pz_uncompressed_reverse_symbolic,single_cell,0,1.0,0,245,1,-1.0757844619013357,1.0586892018922314,-0.008547630004552165,1.0672368318967835,2.134473663793567,affine,0.31077188650761006,0.6215437730152201,1.0,0.31077188650761006,eta_l0_n245_r1,NA,ok
pinn100d_shallow300_medium_hybrid_pz_uncompressed_reverse_symbolic,single_cell,0,1.0,0,246,0,-0.8996611244567156,0.9223465961082322,0.011342735825758288,0.9110038602824739,1.8220077205649479,affine,0.06610913113535623,0.13221826227071246,0.9319962481713715,0.07093282968152073,eta_l0_n246_r0,NA,ok
pinn100d_shallow300_medium_hybrid_pz_uncompressed_reverse_symbolic,single_cell,0,1.0,0,246,1,-0.8996611244567156,0.9223465961082322,0.011342735825758288,0.9110038602824739,1.8220077205649479,affine,0.2603062842228779,0.5206125684457558,1.0,0.2603062842228779,eta_l0_n246_r1,NA,ok
pinn100d_shallow300_medium_hybrid_pz_uncompressed_reverse_symbolic,single_cell,0,1.0,0,247,0,-0.8285968972008306,0.819679600921353,-0.004458648139738841,0.8241382490610918,1.6482764981221836,affine,0.05207163037664759,0.10414326075329518,0.9319962481713715,0.0558710729563719,eta_l0_n247_r0,NA,ok
pinn100d_shallow300_medium_hybrid_pz_uncompressed_reverse_symbolic,single_cell,0,1.0,0,247,1,-0.8285968972008306,0.819679600921353,-0.004458648139738841,0.8241382490610918,1.6482764981221836,affine,0.22936955208021273,0.45873910416042546,1.0,0.22936955208021273,eta_l0_n247_r1,NA,ok
pinn100d_shallow300_medium_hybrid_pz_uncompressed_reverse_symbolic,single_cell,0,1.0,0,248,0,-0.9630373114550292,0.9343823587700506,-0.01432747634248932,0.9487098351125399,1.8974196702250798,affine,0.07260971125925632,0.14521942251851264,0.9319962481713715,0.0779077291370224,eta_l0_n248_r0,NA,ok
pinn100d_shallow300_medium_hybrid_pz_uncompressed_reverse_symbolic,single_cell,0,1.0,0,248,1,-0.9630373114550292,0.9343823587700506,-0.01432747634248932,0.9487098351125399,1.8974196702250798,affine,0.2731176633837486,0.5462353267674972,1.0,0.2731176633837486,eta_l0_n248_r1,NA,ok
pinn100d_shallow300_medium_hybrid_pz_uncompressed_reverse_symbolic,single_cell,0,1.0,0,249,0,-0.8971474300455686,0.9299772734367955,0.016414921695613427,0.913562351741182,1.827124703482364,affine,0.06656829091883472,0.13313658183766944,0.9319962481713715,0.07142549237665431,eta_l0_n249_r0,NA,ok
pinn100d_shallow300_medium_hybrid_pz_uncompressed_reverse_symbolic,single_cell,0,1.0,0,249,1,-0.8971474300455686,0.9299772734367955,0.016414921695613427,0.913562351741182,1.827124703482364,affine,0.26112809395995745,0.5222561879199149,1.0,0.26112809395995745,eta_l0_n249_r1,NA,ok
pinn100d_shallow300_medium_hybrid_pz_uncompressed_reverse_symbolic,single_cell,0,1.0,0,250,0,-0.726121059105734,0.758922912037253,0.016400926465759524,0.7425219855714935,1.485043971142987,affine,0.04029261137626906,0.08058522275253811,0.9319962481713715,0.043232589675468544,eta_l0_n250_r0,NA,ok
pinn100d_shallow300_medium_hybrid_pz_uncompressed_reverse_symbolic,single_cell,0,1.0,0,250,1,-0.726121059105734,0.758922912037253,0.016400926465759524,0.7425219855714935,1.485043971142987,affine,0.19875206432670653,0.39750412865341306,1.0,0.19875206432670653,eta_l0_n250_r1,NA,ok
pinn100d_shallow300_medium_hybrid_pz_uncompressed_reverse_symbolic,single_cell,0,1.0,0,251,0,-0.6364866647888499,0.6638130918043736,0.013663213507761895,0.6501498782966117,1.3002997565932235,affine,0.028655556908585626,0.05731111381717125,0.9319962481713715,0.030746429467725243,eta_l0_n251_r0,NA,ok
pinn100d_shallow300_medium_hybrid_pz_uncompressed_reverse_symbolic,single_cell,0,1.0,0,251,1,-0.6364866647888499,0.6638130918043736,0.013663213507761895,0.6501498782966117,1.3002997565932235,affine,0.16338437697765587,0.32676875395531174,1.0,0.16338437697765587,eta_l0_n251_r1,NA,ok
pinn100d_shallow300_medium_hybrid_pz_uncompressed_reverse_symbolic,single_cell,0,1.0,0,252,0,-1.0954772645448596,1.134105751171441,0.01931424331329068,1.1147915078581503,2.2295830157163006,affine,0.10351882023537858,0.20703764047075715,0.9319962481713715,0.11107214265989618,eta_l0_n252_r0,NA,ok
pinn100d_shallow300_medium_hybrid_pz_uncompressed_reverse_symbolic,single_cell,0,1.0,0,252,1,-1.0954772645448596,1.134105751171441,0.01931424331329068,1.1147915078581503,2.2295830157163006,affine,0.3244716295031554,0.6489432590063108,1.0,0.3244716295031554,eta_l0_n252_r1,NA,ok
pinn100d_shallow300_medium_hybrid_pz_uncompressed_reverse_symbolic,single_cell,0,1.0,0,253,0,-0.7874311842140017,0.8227512611658138,0.017660038475906026,0.8050912226899077,1.6101824453798155,affine,0.04924698734954847,0.09849397469909695,0.9319962481713715,0.052840327894209664,eta_l0_n253_r0,NA,ok
pinn100d_shallow300_medium_hybrid_pz_uncompressed_reverse_symbolic,single_cell,0,1.0,0,253,1,-0.7874311842140017,0.8227512611658138,0.017660038475906026,0.8050912226899077,1.6101824453798155,affine,0.22222072025332532,0.44444144050665063,1.0,0.22222072025332532,eta_l0_n253_r1,NA,ok
pinn100d_shallow300_medium_hybrid_pz_uncompressed_reverse_symbolic,single_cell,0,1.0,0,254,0,-0.9847557236564188,1.0201811473465006,0.017712711845040863,1.0024684355014597,2.0049368710029194,affine,0.08224546002753337,0.16449092005506674,0.9319962481713715,0.08824655698872559,eta_l0_n254_r0,NA,ok
pinn100d_shallow300_medium_hybrid_pz_uncompressed_reverse_symbolic,single_cell,0,1.0,0,254,1,-0.9847557236564188,1.0201811473465006,0.017712711845040863,1.0024684355014597,2.0049368710029194,affine,0.2906685717088255,0.581337143417651,1.0,0.2906685717088255,eta_l0_n254_r1,NA,ok
pinn100d_shallow300_medium_hybrid_pz_uncompressed_reverse_symbolic,single_cell,0,1.0,0,255,0,-1.288565530322774,1.2507822038897218,-0.018891663216526133,1.269673867106248,2.539347734212496,affine,0.13466273029786982,0.26932546059573964,0.9319962481713715,0.14448848969304928,eta_l0_n255_r0,NA,ok
pinn100d_shallow300_medium_hybrid_pz_uncompressed_reverse_symbolic,single_cell,0,1.0,0,255,1,-1.288565530322774,1.2507822038897218,-0.018891663216526133,1.269673867106248,2.539347734212496,affine,0.36429317679792755,0.7285863535958551,1.0,0.36429317679792755,eta_l0_n255_r1,NA,ok
pinn100d_shallow300_medium_hybrid_pz_uncompressed_reverse_symbolic,single_cell,0,1.0,0,256,0,-0.8345849622272771,0.8628897940747232,0.014152415923723072,0.8487373781510001,1.6974747563020003,affine,0.055936304533085686,0.11187260906617137,0.9319962481713715,0.0600177357396404,eta_l0_n256_r0,NA,ok
pinn100d_shallow300_medium_hybrid_pz_uncompressed_reverse_symbolic,single_cell,0,1.0,0,256,1,-0.8345849622272771,0.8628897940747232,0.014152415923723072,0.8487373781510001,1.6974747563020003,affine,0.23824283895446133,0.47648567790892266,1.0,0.23824283895446133,eta_l0_n256_r1,NA,ok
pinn100d_shallow300_medium_hybrid_pz_uncompressed_reverse_symbolic,single_cell,0,1.0,0,257,0,-0.6351214718940507,0.572660131382451,-0.03123067025579984,0.6038908016382508,1.2077816032765016,affine,0.023764750123252524,0.04752950024650505,0.9319962481713715,0.025498761577506655,eta_l0_n257_r0,NA,ok
pinn100d_shallow300_medium_hybrid_pz_uncompressed_reverse_symbolic,single_cell,0,1.0,0,257,1,-0.6351214718940507,0.572660131382451,-0.03123067025579984,0.6038908016382508,1.2077816032765016,affine,0.14532038190436056,0.2906407638087211,1.0,0.14532038190436056,eta_l0_n257_r1,NA,ok
pinn100d_shallow300_medium_hybrid_pz_uncompressed_reverse_symbolic,single_cell,0,1.0,0,258,0,-0.9998125161825588,0.9675624413404638,-0.01612503742104754,0.9836874787615113,1.9673749575230226,affine,0.07883014658578365,0.1576602931715673,0.9319962481713715,0.0845820428359586,eta_l0_n258_r0,NA,ok
pinn100d_shallow300_medium_hybrid_pz_uncompressed_reverse_symbolic,single_cell,0,1.0,0,258,1,-0.9998125161825588,0.9675624413404638,-0.01612503742104754,0.9836874787615113,1.9673749575230226,affine,0.2846428283577383,0.5692856567154766,1.0,0.2846428283577383,eta_l0_n258_r1,NA,ok
pinn100d_shallow300_medium_hybrid_pz_uncompressed_reverse_symbolic,single_cell,0,1.0,0,259,0,-0.8697080952856971,0.8389415568536381,-0.015383269216029505,0.8543248260696676,1.7086496521393353,affine,0.05682902813904301,0.11365805627808602,0.9319962481713715,0.06097559754188359,eta_l0_n259_r0,NA,ok
pinn100d_shallow300_medium_hybrid_pz_uncompressed_reverse_symbolic,single_cell,0,1.0,0,259,1,-0.8697080952856971,0.8389415568536381,-0.015383269216029505,0.8543248260696676,1.7086496521393353,affine,0.2402419092767963,0.4804838185535926,1.0,0.2402419092767963,eta_l0_n259_r1,NA,ok
pinn100d_shallow300_medium_hybrid_pz_uncompressed_reverse_symbolic,single_cell,0,1.0,0,260,0,-0.8381656949954068,0.8252083496681948,-0.006478672663606022,0.8316870223318008,1.6633740446636016,affine,0.0532387319093588,0.1064774638187176,0.9319962481713715,0.05712333286085234,eta_l0_n260_r0,NA,ok
pinn100d_shallow300_medium_hybrid_pz_uncompressed_reverse_symbolic,single_cell,0,1.0,0,260,1,-0.8381656949954068,0.8252083496681948,-0.006478672663606022,0.8316870223318008,1.6633740446636016,affine,0.2321211134765583,0.4642422269531166,1.0,0.2321211134765583,eta_l0_n260_r1,NA,ok
pinn100d_shallow300_medium_hybrid_pz_uncompressed_reverse_symbolic,single_cell,0,1.0,0,261,0,-0.8336237521159588,0.8706092838419,0.01849276586297055,0.8521165179789294,1.7042330359578588,affine,0.056499013590415766,0.11299802718083153,0.9319962481713715,0.06062150325311928,eta_l0_n261_r0,NA,ok
pinn100d_shallow300_medium_hybrid_pz_uncompressed_reverse_symbolic,single_cell,0,1.0,0,261,1,-0.8336237521159588,0.8706092838419,0.01849276586297055,0.8521165179789294,1.7042330359578588,affine,0.23939911738456962,0.47879823476913924,1.0,0.23939911738456962,eta_l0_n261_r1,NA,ok
pinn100d_shallow300_medium_hybrid_pz_uncompressed_reverse_symbolic,single_cell,0,1.0,0,262,0,-0.9956755857415507,0.9684535524140816,-0.013611016663734543,0.9820645690778161,1.9641291381556323,affine,0.07852507002697835,0.1570501400539567,0.9319962481713715,0.0842547061547178,eta_l0_n262_r0,NA,ok
pinn100d_shallow300_medium_hybrid_pz_uncompressed_reverse_symbolic,single_cell,0,1.0,0,262,1,-0.9956755857415507,0.9684535524140816,-0.013611016663734543,0.9820645690778161,1.9641291381556323,affine,0.2841471210232977,0.5682942420465954,1.0,0.2841471210232977,eta_l0_n262_r1,NA,ok
pinn100d_shallow300_medium_hybrid_pz_uncompressed_reverse_symbolic,single_cell,0,1.0,0,263,0,-1.0209221961890607,1.0532642598531714,0.01617103183205537,1.037093228021116,2.074186456042232,affine,0.08863715985000005,0.1772743197000001,0.9319962481713715,0.09510463161617988,eta_l0_n263_r0,NA,ok
pinn100d_shallow300_medium_hybrid_pz_uncompressed_reverse_symbolic,single_cell,0,1.0,0,263,1,-1.0209221961890607,1.0532642598531714,0.01617103183205537,1.037093228021116,2.074186456042232,affine,0.30155250881267864,0.6031050176253573,1.0,0.30155250881267864,eta_l0_n263_r1,NA,ok
pinn100d_shallow300_medium_hybrid_pz_uncompressed_reverse_symbolic,single_cell,0,1.0,0,264,0,-0.7417572625689898,0.7667071698008695,0.012474953615939866,0.7542322161849296,1.5084644323698593,affine,0.04187984998861028,0.08375969997722056,0.9319962481713715,0.0449356422526173,eta_l0_n264_r0,NA,ok
pinn100d_shallow300_medium_hybrid_pz_uncompressed_reverse_symbolic,single_cell,0,1.0,0,264,1,-0.7417572625689898,0.7667071698008695,0.012474953615939866,0.7542322161849296,1.5084644323698593,affine,0.20324099935783693,0.40648199871567386,1.0,0.20324099935783693,eta_l0_n264_r1,NA,ok
pinn100d_shallow300_medium_hybrid_pz_uncompressed_reverse_symbolic,single_cell,0,1.0,0,265,0,-0.888567388759357,0.8568782922249831,-0.015844548267186953,0.8727228404921701,1.7454456809843402,affine,0.05978837364507889,0.11957674729015778,0.9319962481713715,0.06415087374266475,eta_l0_n265_r0,NA,ok
pinn100d_shallow300_medium_hybrid_pz_uncompressed_reverse_symbolic,single_cell,0,1.0,0,265,1,-0.888567388759357,0.8568782922249831,-0.015844548267186953,0.8727228404921701,1.7454456809843402,affine,0.2468201722980821,0.4936403445961642,1.0,0.2468201722980821,eta_l0_n265_r1,NA,ok
pinn100d_shallow300_medium_hybrid_pz_uncompressed_reverse_symbolic,single_cell,0,1.0,0,266,0,-1.0979394401052622,1.05892111862414,-0.019509160740561082,1.0784302793647011,2.1568605587294023,affine,0.09648454749320724,0.19296909498641449,0.9319962481713715,0.10352460933454968,eta_l0_n266_r0,NA,ok
pinn100d_shallow300_medium_hybrid_pz_uncompressed_reverse_symbolic,single_cell,0,1.0,0,266,1,-1.0979394401052622,1.05892111862414,-0.019509160740561082,1.0784302793647011,2.1568605587294023,affine,0.31396790847240563,0.6279358169448113,1.0,0.31396790847240563,eta_l0_n266_r1,NA,ok
pinn100d_shallow300_medium_hybrid_pz_uncompressed_reverse_symbolic,single_cell,0,1.0,0,267,0,-0.9212656338216741,0.9528695879992136,0.015801977088769736,0.9370676109104439,1.8741352218208878,affine,0.07059108594245113,0.14118217188490226,0.9319962481713715,0.07574181342570291,eta_l0_n267_r0,NA,ok
pinn100d_shallow300_medium_hybrid_pz_uncompressed_reverse_symbolic,single_cell,0,1.0,0,267,1,-0.9212656338216741,0.9528695879992136,0.015801977088769736,0.9370676109104439,1.8741352218208878,affine,0.26917471363069706,0.5383494272613941,1.0,0.26917471363069706,eta_l0_n267_r1,NA,ok
pinn100d_shallow300_medium_hybrid_pz_uncompressed_reverse_symbolic,single_cell,0,1.0,0,268,0,-0.8940710602099512,0.8588320503931356,-0.0176195049084078,0.8764515553015434,1.7529031106030868,affine,0.06040647288144008,0.12081294576288017,0.9319962481713715,0.06481407301795575,eta_l0_n268_r0,NA,ok
pinn100d_shallow300_medium_hybrid_pz_uncompressed_reverse_symbolic,single_cell,0,1.0,0,268,1,-0.8940710602099512,0.8588320503931356,-0.0176195049084078,0.8764515553015434,1.7529031106030868,affine,0.2481183177822283,0.4962366355644566,1.0,0.2481183177822283,eta_l0_n268_r1,NA,ok
pinn100d_shallow300_medium_hybrid_pz_uncompressed_reverse_symbolic,single_cell,0,1.0,0,269,0,-0.8629278062752648,0.8343272647993645,-0.01430027073795015,0.8486275355373146,1.6972550710746293,affine,0.05591978122054115,0.1118395624410823,0.9319962481713715,0.06000000679215058,eta_l0_n269_r0,NA,ok
pinn100d_shallow300_medium_hybrid_pz_uncompressed_reverse_symbolic,single_cell,0,1.0,0,269,1,-0.8629278062752648,0.8343272647993645,-0.01430027073795015,0.8486275355373146,1.6972550710746293,affine,0.23820126653711424,0.4764025330742285,1.0,0.23820126653711424,eta_l0_n269_r1,NA,ok
pinn100d_shallow300_medium_hybrid_pz_uncompressed_reverse_symbolic,single_cell,0,1.0,0,270,0,-0.9706774538813652,1.0031156697628498,0.016219107940742328,0.9868965618221075,1.973793123644215,affine,0.07940926081926343,0.15881852163852686,0.9319962481713715,0.08520341254062859,eta_l0_n270_r0,NA,ok
pinn100d_shallow300_medium_hybrid_pz_uncompressed_reverse_symbolic,single_cell,0,1.0,0,270,1,-0.9706774538813652,1.0031156697628498,0.016219107940742328,0.9868965618221075,1.973793123644215,affine,0.28568270709119464,0.5713654141823893,1.0,0.28568270709119464,eta_l0_n270_r1,NA,ok
pinn100d_shallow300_medium_hybrid_pz_uncompressed_reverse_symbolic,single_cell,0,1.0,0,271,0,-0.973220960516353,0.936785955948806,-0.0182175022837735,0.9550034582325795,1.910006916465159,affine,0.07373664133513287,0.14747328267026574,0.9319962481713715,0.07911688644649403,eta_l0_n271_r0,NA,ok
pinn100d_shallow300_medium_hybrid_pz_uncompressed_reverse_symbolic,single_cell,0,1.0,0,271,1,-0.973220960516353,0.936785955948806,-0.0182175022837735,0.9550034582325795,1.910006916465159,affine,0.27516733078326944,0.5503346615665389,1.0,0.27516733078326944,eta_l0_n271_r1,NA,ok
pinn100d_shallow300_medium_hybrid_pz_uncompressed_reverse_symbolic,single_cell,0,1.0,0,272,0,-0.9651068342533381,0.998866628856511,0.016879897301586455,0.9819867315549246,1.963973463109849,affine,0.0785284283481333,0.1570568566962666,0.9319962481713715,0.08425830951810208,eta_l0_n272_r0,NA,ok
pinn100d_shallow300_medium_hybrid_pz_uncompressed_reverse_symbolic,single_cell,0,1.0,0,272,1,-0.9651068342533381,0.998866628856511,0.016879897301586455,0.9819867315549246,1.963973463109849,affine,0.2840790752263153,0.5681581504526306,1.0,0.2840790752263153,eta_l0_n272_r1,NA,ok
pinn100d_shallow300_medium_hybrid_pz_uncompressed_reverse_symbolic,single_cell,0,1.0,0,273,0,-0.8018194571083687,0.779530158703183,-0.011144649202592838,0.7906748079057758,1.5813496158115516,affine,0.047074883359198356,0.09414976671839671,0.9319962481713715,0.050509734831617505,eta_l0_n273_r0,NA,ok
pinn100d_shallow300_medium_hybrid_pz_uncompressed_reverse_symbolic,single_cell,0,1.0,0,273,1,-0.8018194571083687,0.779530158703183,-0.011144649202592838,0.7906748079057758,1.5813496158115516,affine,0.21694751241049756,0.4338950248209951,1.0,0.21694751241049756,eta_l0_n273_r1,NA,ok
pinn100d_shallow300_medium_hybrid_pz_uncompressed_reverse_symbolic,single_cell,0,1.0,0,274,0,-1.3704733539073404,1.4030091777593325,0.01626791192599608,1.3867412658333365,2.773482531666673,affine,0.15895094587993705,0.3179018917598741,0.9319962481713715,0.17054891174917028,eta_l0_n274_r0,NA,ok
pinn100d_shallow300_medium_hybrid_pz_uncompressed_reverse_symbolic,single_cell,0,1.0,0,274,1,-1.3704733539073404,1.4030091777593325,0.01626791192599608,1.3867412658333365,2.773482531666673,affine,0.38928688741470735,0.7785737748294147,1.0,0.38928688741470735,eta_l0_n274_r1,NA,ok
pinn100d_shallow300_medium_hybrid_pz_uncompressed_reverse_symbolic,single_cell,0,1.0,0,275,0,-1.0543222479141343,1.0201728471958658,-0.017074700359134276,1.037247547555,2.07449509511,affine,0.08867093565940438,0.17734187131880877,0.9319962481713715,0.09514087190091344,eta_l0_n275_r0,NA,ok
pinn100d_shallow300_medium_hybrid_pz_uncompressed_reverse_symbolic,single_cell,0,1.0,0,275,1,-1.0543222479141343,1.0201728471958658,-0.017074700359134276,1.037247547555,2.07449509511,affine,0.30158764286549894,0.6031752857309979,1.0,0.30158764286549894,eta_l0_n275_r1,NA,ok
pinn100d_shallow300_medium_hybrid_pz_uncompressed_reverse_symbolic,single_cell,0,1.0,0,276,0,-1.1254872684487627,1.1656844838811942,0.020098607716215744,1.1455858761649784,2.291171752329957,affine,0.10957807722918857,0.21915615445837713,0.9319962481713715,0.11757351753742233,eta_l0_n276_r0,NA,ok
pinn100d_shallow300_medium_hybrid_pz_uncompressed_reverse_symbolic,single_cell,0,1.0,0,276,1,-1.1254872684487627,1.1656844838811942,0.020098607716215744,1.1455858761649784,2.291171752329957,affine,0.3330098742256179,0.6660197484512358,1.0,0.3330098742256179,eta_l0_n276_r1,NA,ok
pinn100d_shallow300_medium_hybrid_pz_uncompressed_reverse_symbolic,single_cell,0,1.0,0,277,0,-1.1043859523878043,1.1426379378077018,0.019125992709948747,1.123511945097753,2.247023890195506,affine,0.10522390427298968,0.21044780854597936,0.9319962481713715,0.11290163933539951,eta_l0_n277_r0,NA,ok
pinn100d_shallow300_medium_hybrid_pz_uncompressed_reverse_symbolic,single_cell,0,1.0,0,277,1,-1.1043859523878043,1.1426379378077018,0.019125992709948747,1.123511945097753,2.247023890195506,affine,0.32692761757395195,0.6538552351479039,1.0,0.32692761757395195,eta_l0_n277_r1,NA,ok
pinn100d_shallow300_medium_hybrid_pz_uncompressed_reverse_symbolic,single_cell,0,1.0,0,278,0,-0.7530154612851289,0.7784502098291964,0.012717374272033788,0.7657328355571626,1.5314656711143253,affine,0.04349218747112233,0.08698437494224466,0.9319962481713715,0.04666562505638453,eta_l0_n278_r0,NA,ok
pinn100d_shallow300_medium_hybrid_pz_uncompressed_reverse_symbolic,single_cell,0,1.0,0,278,1,-0.7530154612851289,0.7784502098291964,0.012717374272033788,0.7657328355571626,1.5314656711143253,affine,0.2075806820187526,0.4151613640375052,1.0,0.2075806820187526,eta_l0_n278_r1,NA,ok
pinn100d_shallow300_medium_hybrid_pz_uncompressed_reverse_symbolic,single_cell,0,1.0,0,279,0,-0.9664557004775317,0.9399092435870479,-0.013273228445241925,0.9531824720322898,1.9063649440645796,affine,0.07338862410217874,0.14677724820435747,0.9319962481713715,0.07874347589507072,eta_l0_n279_r0,NA,ok
pinn100d_shallow300_medium_hybrid_pz_uncompressed_reverse_symbolic,single_cell,0,1.0,0,279,1,-0.9664557004775317,0.9399092435870479,-0.013273228445241925,0.9531824720322898,1.9063649440645796,affine,0.2746272259394916,0.5492544518789833,1.0,0.2746272259394916,eta_l0_n279_r1,NA,ok
pinn100d_shallow300_medium_hybrid_pz_uncompressed_reverse_symbolic,single_cell,0,1.0,0,280,0,-1.1218413295624685,1.0845588312120327,-0.018641249175217922,1.1032000803872506,2.206400160774501,affine,0.10125806852097143,0.20251613704194285,0.9319962481713715,0.10864643363065613,eta_l0_n280_r0,NA,ok
pinn100d_shallow300_medium_hybrid_pz_uncompressed_reverse_symbolic,single_cell,0,1.0,0,280,1,-1.1218413295624685,1.0845588312120327,-0.018641249175217922,1.1032000803872506,2.206400160774501,affine,0.32118167226104205,0.6423633445220841,1.0,0.32118167226104205,eta_l0_n280_r1,NA,ok
pinn100d_shallow300_medium_hybrid_pz_uncompressed_reverse_symbolic,single_cell,0,1.0,0,281,0,-0.7251348527214968,0.7587825851372446,0.016823866207873905,0.7419587189293707,1.4839174378587414,affine,0.040218829577515165,0.08043765915503033,0.9319962481713715,0.04315342433666095,eta_l0_n281_r0,NA,ok
pinn100d_shallow300_medium_hybrid_pz_uncompressed_reverse_symbolic,single_cell,0,1.0,0,281,1,-0.7251348527214968,0.7587825851372446,0.016823866207873905,0.7419587189293707,1.4839174378587414,affine,0.19853197030781802,0.39706394061563605,1.0,0.19853197030781802,eta_l0_n281_r1,NA,ok
pinn100d_shallow300_medium_hybrid_pz_uncompressed_reverse_symbolic,single_cell,0,1.0,0,282,0,-1.5402310170390952,1.5057766624553988,-0.017227177291848195,1.523003839747247,3.046007679494494,affine,0.1874287668164584,0.3748575336329168,0.9319962481713715,0.20110463661651434,eta_l0_n282_r0,NA,ok
pinn100d_shallow300_medium_hybrid_pz_uncompressed_reverse_symbolic,single_cell,0,1.0,0,282,1,-1.5402310170390952,1.5057766624553988,-0.017227177291848195,1.523003839747247,3.046007679494494,affine,0.4132730520833272,0.8265461041666544,1.0,0.4132730520833272,eta_l0_n282_r1,NA,ok
pinn100d_shallow300_medium_hybrid_pz_uncompressed_reverse_symbolic,single_cell,0,1.0,0,283,0,-0.8267574423081063,0.7934742831840174,-0.016641579562044484,0.8101158627460618,1.6202317254921237,affine,0.04999348869782195,0.0999869773956439,0.9319962481713715,0.05364129823045099,eta_l0_n283_r0,NA,ok
pinn100d_shallow300_medium_hybrid_pz_uncompressed_reverse_symbolic,single_cell,0,1.0,0,283,1,-0.8267574423081063,0.7934742831840174,-0.016641579562044484,0.8101158627460618,1.6202317254921237,affine,0.22409451999257093,0.44818903998514187,1.0,0.22409451999257093,eta_l0_n283_r1,NA,ok
pinn100d_shallow300_medium_hybrid_pz_uncompressed_reverse_symbolic,single_cell,0,1.0,0,284,0,-0.8807211491905229,0.9069751074714276,0.013126979140452355,0.8938481283309753,1.7876962566619505,affine,0.06324291874219658,0.12648583748439315,0.9319962481713715,0.06785748211570884,eta_l0_n284_r0,NA,ok
pinn100d_shallow300_medium_hybrid_pz_uncompressed_reverse_symbolic,single_cell,0,1.0,0,284,1,-0.8807211491905229,0.9069751074714276,0.013126979140452355,0.8938481283309753,1.7876962566619505,affine,0.2543141616048612,0.5086283232097224,1.0,0.2543141616048612,eta_l0_n284_r1,NA,ok
pinn100d_shallow300_medium_hybrid_pz_uncompressed_reverse_symbolic,single_cell,0,1.0,0,285,0,-0.9136703395627072,0.9488611758931843,0.017595418165238574,0.9312657577279457,1.8625315154558915,affine,0.06959998889061066,0.1391999777812213,0.9319962481713715,0.0746784002909558,eta_l0_n285_r0,NA,ok
pinn100d_shallow300_medium_hybrid_pz_uncompressed_reverse_symbolic,single_cell,0,1.0,0,285,1,-0.9136703395627072,0.9488611758931843,0.017595418165238574,0.9312657577279457,1.8625315154558915,affine,0.2671787061185919,0.5343574122371838,1.0,0.2671787061185919,eta_l0_n285_r1,NA,ok
pinn100d_shallow300_medium_hybrid_pz_uncompressed_reverse_symbolic,single_cell,0,1.0,0,286,0,-1.3222298401611516,1.2810144283174634,-0.020607705921844133,1.3016221342393075,2.603244268478615,affine,0.14126131622843827,0.28252263245687653,0.9319962481713715,0.15156854601679012,eta_l0_n286_r0,NA,ok
pinn100d_shallow300_medium_hybrid_pz_uncompressed_reverse_symbolic,single_cell,0,1.0,0,286,1,-1.3222298401611516,1.2810144283174634,-0.020607705921844133,1.3016221342393075,2.603244268478615,affine,0.3715097252062655,0.743019450412531,1.0,0.3715097252062655,eta_l0_n286_r1,NA,ok
pinn100d_shallow300_medium_hybrid_pz_uncompressed_reverse_symbolic,single_cell,0,1.0,0,287,0,-1.0082309842020034,1.0482187913995948,0.019993903598795715,1.0282248878007991,2.0564497756015983,affine,0.08700633057614827,0.17401266115229655,0.9319962481713715,0.09335480775470882,eta_l0_n287_r0,NA,ok
pinn100d_shallow300_medium_hybrid_pz_uncompressed_reverse_symbolic,single_cell,0,1.0,0,287,1,-1.0082309842020034,1.0482187913995948,0.019993903598795715,1.0282248878007991,2.0564497756015983,affine,0.29874920593166776,0.5974984118633355,1.0,0.29874920593166776,eta_l0_n287_r1,NA,ok
pinn100d_shallow300_medium_hybrid_pz_uncompressed_reverse_symbolic,single_cell,0,1.0,0,288,0,-0.9609248528732854,0.9933100955407532,0.016192621333733892,0.9771174742070193,1.9542349484140387,affine,0.07765047558068246,0.15530095116136491,0.9319962481713715,0.08331629631882854,eta_l0_n288_r0,NA,ok
pinn100d_shallow300_medium_hybrid_pz_uncompressed_reverse_symbolic,single_cell,0,1.0,0,288,1,-0.9609248528732854,0.9933100955407532,0.016192621333733892,0.9771174742070193,1.9542349484140387,affine,0.2825004940550781,0.5650009881101562,1.0,0.2825004940550781,eta_l0_n288_r1,NA,ok
pinn100d_shallow300_medium_hybrid_pz_uncompressed_reverse_symbolic,single_cell,0,1.0,0,289,0,-1.2578650512751817,1.2187445857963901,-0.019560232739395778,1.238304818535786,2.476609637071572,affine,0.12823730959170523,0.25647461918341047,0.9319962481713715,0.13759423371426008,eta_l0_n289_r0,NA,ok
pinn100d_shallow300_medium_hybrid_pz_uncompressed_reverse_symbolic,single_cell,0,1.0,0,289,1,-1.2578650512751817,1.2187445857963901,-0.019560232739395778,1.238304818535786,2.476609637071572,affine,0.35685849404921904,0.7137169880984381,1.0,0.35685849404921904,eta_l0_n289_r1,NA,ok
pinn100d_shallow300_medium_hybrid_pz_uncompressed_reverse_symbolic,single_cell,0,1.0,0,290,0,-1.2209164590474622,1.2650042904501948,0.022043915701366323,1.2429603747488285,2.485920749497657,affine,0.12920111825149752,0.25840223650299504,0.9319962481713715,0.13862836734053094,eta_l0_n290_r0,NA,ok
pinn100d_shallow300_medium_hybrid_pz_uncompressed_reverse_symbolic,single_cell,0,1.0,0,290,1,-1.2209164590474622,1.2650042904501948,0.022043915701366323,1.2429603747488285,2.485920749497657,affine,0.3579459703565347,0.7158919407130694,1.0,0.3579459703565347,eta_l0_n290_r1,NA,ok
pinn100d_shallow300_medium_hybrid_pz_uncompressed_reverse_symbolic,single_cell,0,1.0,0,291,0,-0.8933386502203348,0.9310906530126256,0.018876001396145425,0.9122146516164802,1.8244293032329604,affine,0.0663563654821971,0.1327127309643942,0.9319962481713715,0.07119810365373463,eta_l0_n291_r0,NA,ok
pinn100d_shallow300_medium_hybrid_pz_uncompressed_reverse_symbolic,single_cell,0,1.0,0,291,1,-0.8933386502203348,0.9310906530126256,0.018876001396145425,0.9122146516164802,1.8244293032329604,affine,0.26062423709659494,0.5212484741931899,1.0,0.26062423709659494,eta_l0_n291_r1,NA,ok
pinn100d_shallow300_medium_hybrid_pz_uncompressed_reverse_symbolic,single_cell,0,1.0,0,292,0,-0.8645810082391748,0.8388811245143485,-0.012849941862413172,0.8517310663767617,1.7034621327535233,affine,0.05640316746034286,0.11280633492068572,0.9319962481713715,0.06051866364377433,eta_l0_n292_r0,NA,ok
pinn100d_shallow300_medium_hybrid_pz_uncompressed_reverse_symbolic,single_cell,0,1.0,0,292,1,-0.8645810082391748,0.8388811245143485,-0.012849941862413172,0.8517310663767617,1.7034621327535233,affine,0.23933924698846556,0.47867849397693113,1.0,0.23933924698846556,eta_l0_n292_r1,NA,ok
pinn100d_shallow300_medium_hybrid_pz_uncompressed_reverse_symbolic,single_cell,0,1.0,0,293,0,-0.7696583947245351,0.7436963641755313,-0.012981015274501906,0.7566773794500332,1.5133547589000664,affine,0.042222681286823445,0.08444536257364689,0.9319962481713715,0.045303488473979046,eta_l0_n293_r0,NA,ok
pinn100d_shallow300_medium_hybrid_pz_uncompressed_reverse_symbolic,single_cell,0,1.0,0,293,1,-0.7696583947245351,0.7436963641755313,-0.012981015274501906,0.7566773794500332,1.5133547589000664,affine,0.20416005507325016,0.4083201101465003,1.0,0.20416005507325016,eta_l0_n293_r1,NA,ok
pinn100d_shallow300_medium_hybrid_pz_uncompressed_reverse_symbolic,single_cell,0,1.0,0,294,0,-1.0343795818103405,1.068042105369411,0.0168312617795352,1.0512108435898757,2.1024216871797514,affine,0.09129259489700804,0.18258518979401608,0.9319962481713715,0.09795382232077564,eta_l0_n294_r0,NA,ok
pinn100d_shallow300_medium_hybrid_pz_uncompressed_reverse_symbolic,single_cell,0,1.0,0,294,1,-1.0343795818103405,1.068042105369411,0.0168312617795352,1.0512108435898757,2.1024216871797514,affine,0.30586246083893254,0.6117249216778651,1.0,0.30586246083893254,eta_l0_n294_r1,NA,ok
pinn100d_shallow300_medium_hybrid_pz_uncompressed_reverse_symbolic,single_cell,0,1.0,0,295,0,-1.4165490101664338,1.4487144266980425,0.01608270826580438,1.4326317184322381,2.8652634368644763,affine,0.16854344612361224,0.3370868922472245,0.9319962481713715,0.1808413354177164,eta_l0_n295_r0,NA,ok
pinn100d_shallow300_medium_hybrid_pz_uncompressed_reverse_symbolic,single_cell,0,1.0,0,295,1,-1.4165490101664338,1.4487144266980425,0.01608270826580438,1.4326317184322381,2.8652634368644763,affine,0.39794718678390684,0.7958943735678137,1.0,0.39794718678390684,eta_l0_n295_r1,NA,ok
pinn100d_shallow300_medium_hybrid_pz_uncompressed_reverse_symbolic,single_cell,0,1.0,0,296,0,-0.7369816136118259,0.7101516754046739,-0.01341496910357598,0.7235666445082499,1.4471332890164998,affine,0.03773032047057046,0.07546064094114092,0.9319962481713715,0.04048333943897248,eta_l0_n296_r0,NA,ok
pinn100d_shallow300_medium_hybrid_pz_uncompressed_reverse_symbolic,single_cell,0,1.0,0,296,1,-0.7369816136118259,0.7101516754046739,-0.01341496910357598,0.7235666445082499,1.4471332890164998,affine,0.19157267510947115,0.3831453502189423,1.0,0.19157267510947115,eta_l0_n296_r1,NA,ok
pinn100d_shallow300_medium_hybrid_pz_uncompressed_reverse_symbolic,single_cell,0,1.0,0,297,0,-0.9825135379376001,1.0138240898880801,0.015655275975240024,0.9981688139128402,1.9963376278256804,affine,0.08144974624643898,0.16289949249287797,0.9319962481713715,0.08739278340041381,eta_l0_n297_r0,NA,ok
pinn100d_shallow300_medium_hybrid_pz_uncompressed_reverse_symbolic,single_cell,0,1.0,0,297,1,-0.9825135379376001,1.0138240898880801,0.015655275975240024,0.9981688139128402,1.9963376278256804,affine,0.2893225528047419,0.5786451056094838,1.0,0.2893225528047419,eta_l0_n297_r1,NA,ok
pinn100d_shallow300_medium_hybrid_pz_uncompressed_reverse_symbolic,single_cell,0,1.0,0,298,0,-0.8332058737903767,0.8548558364943839,0.010824981352003604,0.8440308551423803,1.6880617102847606,affine,0.055178454356791036,0.11035690871358207,0.9319962481713715,0.05920458850028016,eta_l0_n298_r0,NA,ok
pinn100d_shallow300_medium_hybrid_pz_uncompressed_reverse_symbolic,single_cell,0,1.0,0,298,1,-0.8332058737903767,0.8548558364943839,0.010824981352003604,0.8440308551423803,1.6880617102847606,affine,0.23657700326353934,0.4731540065270787,1.0,0.23657700326353934,eta_l0_n298_r1,NA,ok
pinn100d_shallow300_medium_hybrid_pz_uncompressed_reverse_symbolic,single_cell,0,1.0,0,299,0,-0.742839048056372,0.7269071605470812,-0.007965943754645433,0.7348731043017266,1.4697462086034532,affine,0.03921345041839409,0.07842690083678817,0.9319962481713715,0.042074686990782484,eta_l0_n299_r0,NA,ok
pinn100d_shallow300_medium_hybrid_pz_uncompressed_reverse_symbolic,single_cell,0,1.0,0,299,1,-0.742839048056372,0.7269071605470812,-0.007965943754645433,0.7348731043017266,1.4697462086034532,affine,0.1959338008418963,0.3918676016837926,1.0,0.1959338008418963,eta_l0_n299_r1,NA,ok
