run_id,split_id,cell_id,cell_weight,layer,neuron,derivative_order,preactivation_lower,preactivation_upper,preactivation_midpoint,preactivation_radius,preactivation_width,approximation_kind,approximation_error_radius,approximation_error_diameter,activation_scale,normalized_approximation_radius,noise_symbol_id,shared_noise_group,status
pinn100d_shallow300_medium_interval,single_cell,0,1.0,0,0,0,-0.8000887741224206,0.790876728267169,-0.004606022927625797,0.7954827511947948,1.5909655023895897,interval,0.6614959053390281,1.3229918106780563,0.9319962481713716,0.7097624122810793,NA,NA,ok
pinn100d_shallow300_medium_interval,single_cell,0,1.0,0,0,1,-0.8000887741224206,0.790876728267169,-0.004606022927625797,0.7954827511947948,1.5909655023895897,interval,0.22050537132306086,0.4410107426461217,1.0,0.22050537132306086,NA,NA,ok
pinn100d_shallow300_medium_interval,single_cell,0,1.0,0,1,0,-0.6668101129690586,0.6933849725568161,0.013287429793878758,0.6800975427629373,1.3601950855258746,interval,0.5915149146867266,1.1830298293734531,0.9319962481713716,0.6346752101709762,NA,NA,ok
pinn100d_shallow300_medium_interval,single_cell,0,1.0,0,1,1,-0.6668101129690586,0.6933849725568161,0.013287429793878758,0.6800975427629373,1.3601950855258746,interval,0.1800913106760792,0.3601826213521584,1.0,0.1800913106760792,NA,NA,ok
pinn100d_shallow300_medium_interval,single_cell,0,1.0,0,2,0,-0.8409685245821179,0.8705015267430378,0.01476650108045996,0.8557350256625779,1.7114700513251557,interval,0.6939752851026396,1.3879505702052792,0.9319962481713716,0.7446116724871561,NA,NA,ok
pinn100d_shallow300_medium_interval,single_cell,0,1.0,0,2,1,-0.8409685245821179,0.8705015267430378,0.01476650108045996,0.8557350256625779,1.7114700513251557,interval,0.24614152450842008,0.49228304901684017,1.0,0.24614152450842008,NA,NA,ok
pinn100d_shallow300_medium_interval,single_cell,0,1.0,0,3,0,-0.8131646470132096,0.846185847421764,0.016510600204277193,0.8296752472174868,1.6593504944349735,interval,0.6802019744005069,1.3604039488010138,0.9319962481713716,0.729833382629062,NA,NA,ok
pinn100d_shallow300_medium_interval,single_cell,0,1.0,0,3,1,-0.8131646470132096,0.846185847421764,0.016510600204277193,0.8296752472174868,1.6593504944349735,interval,0.23740984357244665,0.4748196871448933,1.0,0.23740984357244665,NA,NA,ok
pinn100d_shallow300_medium_interval,single_cell,0,1.0,0,4,0,-1.0376263596207116,1.001013709161213,-0.018306325229749287,1.0193200343909623,2.0386400687819246,interval,0.7694842832193629,1.5389685664387258,0.9319962481713716,0.8256302369554961,NA,NA,ok
pinn100d_shallow300_medium_interval,single_cell,0,1.0,0,4,1,-1.0376263596207116,1.001013709161213,-0.018306325229749287,1.0193200343909623,2.0386400687819246,interval,0.3018248799079793,0.6036497598159586,1.0,0.3018248799079793,NA,NA,ok
pinn100d_shallow300_medium_interval,single_cell,0,1.0,0,5,0,-0.8652278170806444,0.8877201689912206,0.011246175955288096,0.8764739930359325,1.752947986071865,interval,0.7046036179578139,1.4092072359156278,0.9319962481713716,0.7560155090112062,NA,NA,ok
pinn100d_shallow300_medium_interval,single_cell,0,1.0,0,5,1,-0.8652278170806444,0.8877201689912206,0.011246175955288096,0.8764739930359325,1.752947986071865,interval,0.25223879079626843,0.5044775815925369,1.0,0.25223879079626843,NA,NA,ok
pinn100d_shallow300_medium_interval,single_cell,0,1.0,0,6,0,-0.8002253266309624,0.8296484987611811,0.014711586065109361,0.8149369126960717,1.6298738253921434,interval,0.6722249714837691,1.3444499429675383,0.9319962481713716,0.7212743321689458,NA,NA,ok
pinn100d_shallow300_medium_interval,single_cell,0,1.0,0,6,1,-0.8002253266309624,0.8296484987611811,0.014711586065109361,0.8149369126960717,1.6298738253921434,interval,0.23139535188838034,0.4627907037767607,1.0,0.23139535188838034,NA,NA,ok
pinn100d_shallow300_medium_interval,single_cell,0,1.0,0,7,0,-0.672406545778101,0.6932924621130971,0.010442958167498073,0.6828495039455991,1.3656990078911981,interval,0.5933268243989807,1.1866536487979613,0.9319962481713716,0.6366193271304695,NA,NA,ok
pinn100d_shallow300_medium_interval,single_cell,0,1.0,0,7,1,-0.672406545778101,0.6932924621130971,0.010442958167498073,0.6828495039455991,1.3656990078911981,interval,0.18005578757535584,0.3601115751507117,1.0,0.18005578757535584,NA,NA,ok
pinn100d_shallow300_medium_interval,single_cell,0,1.0,0,8,0,-1.306841361512731,1.2669144201791418,-0.019963470666794603,1.2868778908459364,2.573755781691873,interval,0.8582165835941257,1.7164331671882513,0.9319962481713716,0.9208369510907305,NA,NA,ok
pinn100d_shallow300_medium_interval,single_cell,0,1.0,0,8,1,-1.306841361512731,1.2669144201791418,-0.019963470666794603,1.2868778908459364,2.573755781691873,interval,0.37279367753664217,0.7455873550732843,1.0,0.37279367753664217,NA,NA,ok
pinn100d_shallow300_medium_interval,single_cell,0,1.0,0,9,0,-0.8395677251243508,0.8685446340190673,0.014488454447358246,0.8540561795717091,1.7081123591434182,interval,0.6931069874433504,1.3862139748867008,0.9319962481713716,0.7436800188876992,NA,NA,ok
pinn100d_shallow300_medium_interval,single_cell,0,1.0,0,9,1,-0.8395677251243508,0.8685446340190673,0.014488454447358246,0.8540561795717091,1.7081123591434182,interval,0.24544396021159154,0.4908879204231831,1.0,0.24544396021159154,NA,NA,ok
pinn100d_shallow300_medium_interval,single_cell,0,1.0,0,10,0,-0.80808685285236,0.7839032216460969,-0.01209181560313155,0.7959950372492285,1.591990074498457,interval,0.6617374353928898,1.3234748707857795,0.9319962481713716,0.7100215657426254,NA,NA,ok
pinn100d_shallow300_medium_interval,single_cell,0,1.0,0,10,1,-0.80808685285236,0.7839032216460969,-0.01209181560313155,0.7959950372492285,1.591990074498457,interval,0.2234685348258767,0.4469370696517534,1.0,0.2234685348258767,NA,NA,ok
pinn100d_shallow300_medium_interval,single_cell,0,1.0,0,11,0,-0.7982094929703916,0.82175356420364,0.01177203561662421,0.8099815285870158,1.6199630571740316,interval,0.669528882013166,1.339057764026332,0.9319962481713716,0.7183815206625764,NA,NA,ok
pinn100d_shallow300_medium_interval,single_cell,0,1.0,0,11,1,-0.7982094929703916,0.82175356420364,0.01177203561662421,0.8099815285870158,1.6199630571740316,interval,0.2285036675507498,0.4570073351014996,1.0,0.2285036675507498,NA,NA,ok
pinn100d_shallow300_medium_interval,single_cell,0,1.0,0,12,0,-0.9067744380742931,0.9399477281012679,0.01658664501348739,0.9233610830877805,1.846722166175561,interval,0.7273893591633587,1.4547787183267173,0.9319962481713716,0.7804638276071787,NA,NA,ok
pinn100d_shallow300_medium_interval,single_cell,0,1.0,0,12,1,-0.9067744380742931,0.9399477281012679,0.01658664501348739,0.9233610830877805,1.846722166175561,interval,0.27025822293309093,0.5405164458661819,1.0,0.27025822293309093,NA,NA,ok
pinn100d_shallow300_medium_interval,single_cell,0,1.0,0,13,0,-0.931364154693545,0.8930929315848278,-0.01913561155435861,0.9122285431391864,1.8244570862783729,interval,0.7220736531954765,1.444147306390953,0.9319962481713716,0.7747602574712346,NA,NA,ok
pinn100d_shallow300_medium_interval,single_cell,0,1.0,0,13,1,-0.931364154693545,0.8930929315848278,-0.01913561155435861,0.9122285431391864,1.8244570862783729,interval,0.2673481268852028,0.5346962537704056,1.0,0.2673481268852028,NA,NA,ok
pinn100d_shallow300_medium_interval,single_cell,0,1.0,0,14,0,-1.2211529111329582,1.2547055639860074,0.0167763264265246,1.2379292375594828,2.4758584751189656,interval,0.8447959138158468,1.6895918276316937,0.9319962481713716,0.9064370328457688,NA,NA,ok
pinn100d_shallow300_medium_interval,single_cell,0,1.0,0,14,1,-1.2211529111329582,1.2547055639860074,0.0167763264265246,1.2379292375594828,2.4758584751189656,interval,0.3609082910041765,0.721816582008353,1.0,0.3609082910041765,NA,NA,ok
pinn100d_shallow300_medium_interval,single_cell,0,1.0,0,15,0,-0.8585387600910745,0.8291286208471336,-0.01470506962197049,0.8438336904691041,1.6876673809382081,interval,0.687755939136431,1.375511878272862,0.9319962481713716,0.7379385276344688,NA,NA,ok
pinn100d_shallow300_medium_interval,single_cell,0,1.0,0,15,1,-0.8585387600910745,0.8291286208471336,-0.01470506962197049,0.8438336904691041,1.6876673809382081,interval,0.2418629339756192,0.4837258679512384,1.0,0.2418629339756192,NA,NA,ok
pinn100d_shallow300_medium_interval,single_cell,0,1.0,0,16,0,-1.51352724476465,1.5437531980141885,0.015112976624769292,1.5286402213894192,3.0572804427788385,interval,0.9101559456604009,1.8203118913208018,0.9319962481713716,0.9765661046878433,NA,NA,ok
pinn100d_shallow300_medium_interval,single_cell,0,1.0,0,16,1,-1.51352724476465,1.5437531980141885,0.015112976624769292,1.5286402213894192,3.0572804427788385,interval,0.4165552668259878,0.8331105336519756,1.0,0.4165552668259878,NA,NA,ok
pinn100d_shallow300_medium_interval,single_cell,0,1.0,0,17,0,-0.924974709822734,0.8972162631509851,-0.013879223335874435,0.9110954864868596,1.8221909729737191,interval,0.7215910220522693,1.4431820441045387,0.9319962481713716,0.7742424108123515,NA,NA,ok
pinn100d_shallow300_medium_interval,single_cell,0,1.0,0,17,1,-0.924974709822734,0.8972162631509851,-0.013879223335874435,0.9110954864868596,1.8221909729737191,interval,0.26516844439101567,0.5303368887820313,1.0,0.26516844439101567,NA,NA,ok
pinn100d_shallow300_medium_interval,single_cell,0,1.0,0,18,0,-1.6733730976128975,1.6691489651366274,-0.0021120662381350908,1.6712610313747625,3.342522062749525,interval,0.931717663490474,1.863435326980948,0.9319962481713716,0.999701088194889,NA,NA,ok
pinn100d_shallow300_medium_interval,single_cell,0,1.0,0,18,1,-1.6733730976128975,1.6691489651366274,-0.0021120662381350908,1.6712610313747625,3.342522062749525,interval,0.43430850330275644,0.8686170066055129,1.0,0.43430850330275644,NA,NA,ok
pinn100d_shallow300_medium_interval,single_cell,0,1.0,0,19,0,-0.9806865471881271,0.946217067414651,-0.01723473988673807,0.963451807301389,1.926903614602778,interval,0.7457142959484946,1.4914285918969892,0.9319962481713716,0.8001258560982701,NA,NA,ok
pinn100d_shallow300_medium_interval,single_cell,0,1.0,0,19,1,-0.9806865471881271,0.946217067414651,-0.01723473988673807,0.963451807301389,1.926903614602778,interval,0.28377786861302506,0.5675557372260501,1.0,0.28377786861302506,NA,NA,ok
pinn100d_shallow300_medium_interval,single_cell,0,1.0,0,20,0,-0.8770094683630917,0.84103632101463,-0.017986573674230844,0.8590228946888608,1.7180457893777217,interval,0.6956377787345464,1.3912755574690927,0.9319962481713716,0.746395471118501,NA,NA,ok
pinn100d_shallow300_medium_interval,single_cell,0,1.0,0,20,1,-0.8770094683630917,0.84103632101463,-0.017986573674230844,0.8590228946888608,1.7180457893777217,interval,0.24845468020899553,0.49690936041799105,1.0,0.24845468020899553,NA,NA,ok
pinn100d_shallow300_medium_interval,single_cell,0,1.0,0,21,0,-0.9711358295108827,0.9996589259075814,0.01426154819834935,0.9853973777092321,1.9707947554184642,interval,0.7553269350488825,1.510653870097765,0.9319962481713716,0.8104398880691589,NA,NA,ok
pinn100d_shallow300_medium_interval,single_cell,0,1.0,0,21,1,-0.9711358295108827,0.9996589259075814,0.01426154819834935,0.9853973777092321,1.9707947554184642,interval,0.2899037185665899,0.5798074371331798,1.0,0.2899037185665899,NA,NA,ok
pinn100d_shallow300_medium_interval,single_cell,0,1.0,0,22,0,-1.091541462437189,1.130698829634847,0.019578683598828972,1.111120146036018,2.222240292072036,interval,0.8043491819949763,1.6086983639899526,0.9319962481713716,0.8630390772207013,NA,NA,ok
pinn100d_shallow300_medium_interval,single_cell,0,1.0,0,22,1,-1.091541462437189,1.130698829634847,0.019578683598828972,1.111120146036018,2.222240292072036,interval,0.3290700142194459,0.6581400284388919,1.0,0.3290700142194459,NA,NA,ok
pinn100d_shallow300_medium_interval,single_cell,0,1.0,0,23,0,-1.0995505666712748,1.068345283359666,-0.015602641655804383,1.0839479250154704,2.167895850030941,interval,0.7945872582901568,1.5891745165803135,0.9319962481713716,0.8525648679908112,NA,NA,ok
pinn100d_shallow300_medium_interval,single_cell,0,1.0,0,23,1,-1.0995505666712748,1.068345283359666,-0.015602641655804383,1.0839479250154704,2.167895850030941,interval,0.32027007826374626,0.6405401565274925,1.0,0.32027007826374626,NA,NA,ok
pinn100d_shallow300_medium_interval,single_cell,0,1.0,0,24,0,-1.2523324641820428,1.2922888533963242,0.019978194607140676,1.2723106587891835,2.544621317578367,interval,0.8543306099532068,1.7086612199064135,0.9319962481713716,0.9166674346913423,NA,NA,ok
pinn100d_shallow300_medium_interval,single_cell,0,1.0,0,24,1,-1.2523324641820428,1.2922888533963242,0.019978194607140676,1.2723106587891835,2.544621317578367,interval,0.3695633788115916,0.7391267576231833,1.0,0.3695633788115916,NA,NA,ok
pinn100d_shallow300_medium_interval,single_cell,0,1.0,0,25,0,-1.22231857238258,1.1844726444174882,-0.018922963982545893,1.2033956084000341,2.4067912168000682,interval,0.8345967564137813,1.6691935128275626,0.9319962481713716,0.8954936868590474,NA,NA,ok
pinn100d_shallow300_medium_interval,single_cell,0,1.0,0,25,1,-1.22231857238258,1.1844726444174882,-0.018922963982545893,1.2033956084000341,2.4067912168000682,interval,0.3530829519317226,0.7061659038634452,1.0,0.3530829519317226,NA,NA,ok
pinn100d_shallow300_medium_interval,single_cell,0,1.0,0,26,0,-1.0760353321015264,1.0349918026899476,-0.02052176470578937,1.055513567395737,2.111027134791474,interval,0.7838134444427352,1.5676268888854703,0.9319962481713716,0.8410049353531419,NA,NA,ok
pinn100d_shallow300_medium_interval,single_cell,0,1.0,0,26,1,-1.0760353321015264,1.0349918026899476,-0.02052176470578937,1.055513567395737,2.111027134791474,interval,0.3134136268415227,0.6268272536830454,1.0,0.3134136268415227,NA,NA,ok
pinn100d_shallow300_medium_interval,single_cell,0,1.0,0,27,0,-1.0765750272011252,1.0932061682436138,0.00831557052124432,1.0848905977223695,2.169781195444739,interval,0.7949854519251977,1.5899709038503953,0.9319962481713716,0.852992116100256,NA,NA,ok
pinn100d_shallow300_medium_interval,single_cell,0,1.0,0,27,1,-1.0765750272011252,1.0932061682436138,0.00831557052124432,1.0848905977223695,2.169781195444739,interval,0.3184381999710487,0.6368763999420974,1.0,0.3184381999710487,NA,NA,ok
pinn100d_shallow300_medium_interval,single_cell,0,1.0,0,28,0,-0.8349571475513472,0.8610004970616337,0.013021674755143264,0.8479788223064905,1.695957644612981,interval,0.6899507916482427,1.3799015832964854,0.9319962481713716,0.7402935290801486,NA,NA,ok
pinn100d_shallow300_medium_interval,single_cell,0,1.0,0,28,1,-0.8349571475513472,0.8610004970616337,0.013021674755143264,0.8479788223064905,1.695957644612981,interval,0.24274616394735976,0.4854923278947195,1.0,0.24274616394735976,NA,NA,ok
pinn100d_shallow300_medium_interval,single_cell,0,1.0,0,29,0,-1.1914992825472055,1.2302241779957934,0.019362447724293963,1.2108617302714995,2.421723460542999,interval,0.8368438069736551,1.6736876139473102,0.9319962481713716,0.8979046950195231,NA,NA,ok
pinn100d_shallow300_medium_interval,single_cell,0,1.0,0,29,1,-1.1914992825472055,1.2302241779957934,0.019362447724293963,1.2108617302714995,2.421723460542999,interval,0.3550247405736481,0.7100494811472962,1.0,0.3550247405736481,NA,NA,ok
pinn100d_shallow300_medium_interval,single_cell,0,1.0,0,30,0,-0.7475100832928718,0.7212093167911566,-0.0131503832508576,0.7343597000420142,1.4687194000840285,interval,0.6256594881001101,1.2513189762002201,0.9319962481713716,0.6713111660349371,NA,NA,ok
pinn100d_shallow300_medium_interval,single_cell,0,1.0,0,30,1,-0.7475100832928718,0.7212093167911566,-0.0131503832508576,0.7343597000420142,1.4687194000840285,interval,0.200763228780994,0.401526457561988,1.0,0.200763228780994,NA,NA,ok
pinn100d_shallow300_medium_interval,single_cell,0,1.0,0,31,0,-1.0033698976233738,0.9680875531177247,-0.017641172252824577,0.9857287253705492,1.9714574507410985,interval,0.7554342359137922,1.5108684718275844,0.9319962481713716,0.8105550182160026,NA,NA,ok
pinn100d_shallow300_medium_interval,single_cell,0,1.0,0,31,1,-1.0033698976233738,0.9680875531177247,-0.017641172252824577,0.9857287253705492,1.9714574507410985,interval,0.29108892402513853,0.5821778480502771,1.0,0.29108892402513853,NA,NA,ok
pinn100d_shallow300_medium_interval,single_cell,0,1.0,0,32,0,-1.2946227610182184,1.251499462932461,-0.021561649042878717,1.2730611119753397,2.5461222239506793,interval,0.8545180129830796,1.7090360259661592,0.9319962481713716,0.9168685117131012,NA,NA,ok
pinn100d_shallow300_medium_interval,single_cell,0,1.0,0,32,1,-1.2946227610182184,1.251499462932461,-0.021561649042878717,1.2730611119753397,2.5461222239506793,interval,0.3700859612061639,0.7401719224123278,1.0,0.3700859612061639,NA,NA,ok
pinn100d_shallow300_medium_interval,single_cell,0,1.0,0,33,0,-0.8320043509056442,0.8630198990126959,0.01550777405352588,0.84751212495917,1.69502424991834,interval,0.6896805556759176,1.3793611113518351,0.9319962481713716,0.7400035751529142,NA,NA,ok
pinn100d_shallow300_medium_interval,single_cell,0,1.0,0,33,1,-0.8320043509056442,0.8630198990126959,0.01550777405352588,0.84751212495917,1.69502424991834,interval,0.24346962939953165,0.4869392587990633,1.0,0.24346962939953165,NA,NA,ok
pinn100d_shallow300_medium_interval,single_cell,0,1.0,0,34,0,-0.9062201538536026,0.9391835025457025,0.016481674346049968,0.9227018281996525,1.845403656399305,interval,0.727079993632769,1.454159987265538,0.9319962481713716,0.7801318890063563,NA,NA,ok
pinn100d_shallow300_medium_interval,single_cell,0,1.0,0,34,1,-0.9062201538536026,0.9391835025457025,0.016481674346049968,0.9227018281996525,1.845403656399305,interval,0.26999997539257886,0.5399999507851577,1.0,0.26999997539257886,NA,NA,ok
pinn100d_shallow300_medium_interval,single_cell,0,1.0,0,35,0,-0.9404150670737782,0.954863067712678,0.007224000319449919,0.9476390673932281,1.8952781347864562,interval,0.7386948257502022,1.4773896515004044,0.9319962481713716,0.7925942053946703,NA,NA,ok
pinn100d_shallow300_medium_interval,single_cell,0,1.0,0,35,1,-0.9404150670737782,0.954863067712678,0.007224000319449919,0.9476390673932281,1.8952781347864562,interval,0.27526475243379783,0.5505295048675957,1.0,0.27526475243379783,NA,NA,ok
pinn100d_shallow300_medium_interval,single_cell,0,1.0,0,36,0,-1.243730327407627,1.279168180037015,0.01771892631469396,1.261449253722321,2.522898507444642,interval,0.85138964307293,1.70277928614586,0.9319962481713716,0.9135118781254793,NA,NA,ok
pinn100d_shallow300_medium_interval,single_cell,0,1.0,0,36,1,-1.243730327407627,1.279168180037015,0.01771892631469396,1.261449253722321,2.522898507444642,interval,0.3665932762430341,0.7331865524860682,1.0,0.3665932762430341,NA,NA,ok
pinn100d_shallow300_medium_interval,single_cell,0,1.0,0,37,0,-1.1019913101592174,1.1337401489755883,0.01587441940818546,1.1178657295674028,2.2357314591348056,interval,0.8067543031695504,1.6135086063391009,0.9319962481713716,0.8656196897277721,NA,NA,ok
pinn100d_shallow300_medium_interval,single_cell,0,1.0,0,37,1,-1.1019913101592174,1.1337401489755883,0.01587441940818546,1.1178657295674028,2.2357314591348056,interval,0.32991194308669003,0.6598238861733801,1.0,0.32991194308669003,NA,NA,ok
pinn100d_shallow300_medium_interval,single_cell,0,1.0,0,38,0,-0.7748642347846241,0.7429797929158605,-0.0159422209343818,0.7589220138502423,1.5178440277004845,interval,0.6403455648337384,1.2806911296674768,0.9319962481713716,0.6870688225302751,NA,NA,ok
pinn100d_shallow300_medium_interval,single_cell,0,1.0,0,38,1,-0.7748642347846241,0.7429797929158605,-0.0159422209343818,0.7589220138502423,1.5178440277004845,interval,0.21108689572503808,0.42217379145007616,1.0,0.21108689572503808,NA,NA,ok
pinn100d_shallow300_medium_interval,single_cell,0,1.0,0,39,0,-1.0441939899867645,1.0106362591533826,-0.016778865416690936,1.0274151245700736,2.054830249140147,interval,0.772781944482967,1.545563888965934,0.9319962481713716,0.8291685143574431,NA,NA,ok
pinn100d_shallow300_medium_interval,single_cell,0,1.0,0,39,1,-1.0441939899867645,1.0106362591533826,-0.016778865416690936,1.0274151245700736,2.054830249140147,interval,0.30384039895806364,0.6076807979161273,1.0,0.30384039895806364,NA,NA,ok
pinn100d_shallow300_medium_interval,single_cell,0,1.0,0,40,0,-1.0016438696095076,0.9635624254813994,-0.019040722064054105,0.9826031475454535,1.965206295090907,interval,0.7540726802880209,1.5081453605760418,0.9319962481713716,0.8090941157408663,NA,NA,ok
pinn100d_shallow300_medium_interval,single_cell,0,1.0,0,40,1,-1.0016438696095076,0.9635624254813994,-0.019040722064054105,0.9826031475454535,1.965206295090907,interval,0.29053820069259123,0.5810764013851825,1.0,0.29053820069259123,NA,NA,ok
pinn100d_shallow300_medium_interval,single_cell,0,1.0,0,41,0,-0.8115738720587108,0.8429313111060704,0.01567871952367983,0.8272525915823906,1.6545051831647812,interval,0.6789080640427207,1.3578161280854415,0.9319962481713716,0.7284450612057464,NA,NA,ok
pinn100d_shallow300_medium_interval,single_cell,0,1.0,0,41,1,-0.8115738720587108,0.8429313111060704,0.01567871952367983,0.8272525915823906,1.6545051831647812,interval,0.23623089392476404,0.4724617878495281,1.0,0.23623089392476404,NA,NA,ok
pinn100d_shallow300_medium_interval,single_cell,0,1.0,0,42,0,-0.8258438072260424,0.797979143361753,-0.013932331932144715,0.8119114752938977,1.6238229505877955,interval,0.6705717475909982,1.3411434951819965,0.9319962481713716,0.7195004796496738,NA,NA,ok
pinn100d_shallow300_medium_interval,single_cell,0,1.0,0,42,1,-0.8258438072260424,0.797979143361753,-0.013932331932144715,0.8119114752938977,1.6238229505877955,interval,0.2300034003394853,0.4600068006789706,1.0,0.2300034003394853,NA,NA,ok
pinn100d_shallow300_medium_interval,single_cell,0,1.0,0,43,0,-1.5065542104519745,1.5398009931369265,0.016623391342476035,1.5231776017944505,3.046355203588901,interval,0.9092062819856284,1.8184125639712567,0.9319962481713716,0.9755471481452223,NA,NA,ok
pinn100d_shallow300_medium_interval,single_cell,0,1.0,0,43,1,-1.5065542104519745,1.5398009931369265,0.016623391342476035,1.5231776017944505,3.046355203588901,interval,0.41595127731099285,0.8319025546219857,1.0,0.41595127731099285,NA,NA,ok
pinn100d_shallow300_medium_interval,single_cell,0,1.0,0,44,0,-1.2988952400105458,1.2544908389724558,-0.02220220051904498,1.2766930394915008,2.5533860789830016,interval,0.855488318497447,1.710976636994894,0.9319962481713716,0.9179096162414415,NA,NA,ok
pinn100d_shallow300_medium_interval,single_cell,0,1.0,0,44,1,-1.2988952400105458,1.2544908389724558,-0.02220220051904498,1.2766930394915008,2.5533860789830016,interval,0.37103813303386945,0.7420762660677389,1.0,0.37103813303386945,NA,NA,ok
pinn100d_shallow300_medium_interval,single_cell,0,1.0,0,45,0,-0.6773605002971811,0.6675984405014698,-0.00488102989785566,0.6724794703993254,1.3449589407986509,interval,0.5865993429083203,1.1731986858166406,0.9319962481713716,0.6294009702928105,NA,NA,ok
pinn100d_shallow300_medium_interval,single_cell,0,1.0,0,45,1,-0.6773605002971811,0.6675984405014698,-0.00488102989785566,0.6724794703993254,1.3449589407986509,interval,0.17393247099641473,0.34786494199282947,1.0,0.17393247099641473,NA,NA,ok
pinn100d_shallow300_medium_interval,single_cell,0,1.0,0,46,0,-0.8663927459559605,0.9013360930495741,0.017471673546806787,0.8838644195027673,1.7677288390055346,interval,0.7082422758763172,1.4164845517526343,0.9319962481713716,0.7599196641251805,NA,NA,ok
pinn100d_shallow300_medium_interval,single_cell,0,1.0,0,46,1,-0.8663927459559605,0.9013360930495741,0.017471673546806787,0.8838644195027673,1.7677288390055346,interval,0.25700708449506665,0.5140141689901333,1.0,0.25700708449506665,NA,NA,ok
pinn100d_shallow300_medium_interval,single_cell,0,1.0,0,47,0,-0.8527698834317741,0.8310757190829283,-0.010847082174422873,0.8419228012573512,1.6838456025147024,interval,0.6867834728178142,1.3735669456356283,0.9319962481713716,0.7368951046373002,NA,NA,ok
pinn100d_shallow300_medium_interval,single_cell,0,1.0,0,47,1,-0.8527698834317741,0.8310757190829283,-0.010847082174422873,0.8419228012573512,1.6838456025147024,interval,0.23978764856123647,0.47957529712247293,1.0,0.23978764856123647,NA,NA,ok
pinn100d_shallow300_medium_interval,single_cell,0,1.0,0,48,0,-1.0115982611523096,1.0428605240202085,0.015631131433949452,1.027229392586259,2.054458785172518,interval,0.7727187062005546,1.5454374124011092,0.9319962481713716,0.8291006618499501,NA,NA,ok
pinn100d_shallow300_medium_interval,single_cell,0,1.0,0,48,1,-1.0115982611523096,1.0428605240202085,0.015631131433949452,1.027229392586259,2.054458785172518,interval,0.3034323006665872,0.6068646013331744,1.0,0.3034323006665872,NA,NA,ok
pinn100d_shallow300_medium_interval,single_cell,0,1.0,0,49,0,-0.8165600505003643,0.8478715991858075,0.015655774342721585,0.8322158248430859,1.6644316496861717,interval,0.6815745671858776,1.3631491343717552,0.9319962481713716,0.7313061275977932,NA,NA,ok
pinn100d_shallow300_medium_interval,single_cell,0,1.0,0,49,1,-0.8165600505003643,0.8478715991858075,0.015655774342721585,0.8322158248430859,1.6644316496861717,interval,0.2380195775569216,0.4760391551138432,1.0,0.2380195775569216,NA,NA,ok
pinn100d_shallow300_medium_interval,single_cell,0,1.0,0,50,0,-1.168592106652298,1.204961625642714,0.018184759495208036,1.186776866147506,2.373553732295012,interval,0.8294910329957721,1.6589820659915442,0.9319962481713716,0.8900154207951798,NA,NA,ok
pinn100d_shallow300_medium_interval,single_cell,0,1.0,0,50,1,-1.168592106652298,1.204961625642714,0.018184759495208036,1.186776866147506,2.373553732295012,interval,0.3487475790813658,0.6974951581627316,1.0,0.3487475790813658,NA,NA,ok
pinn100d_shallow300_medium_interval,single_cell,0,1.0,0,51,0,-0.8006207796149772,0.8344702881968006,0.01692475429091167,0.8175455339058889,1.6350910678117778,interval,0.6736263600043797,1.3472527200087594,0.9319962481713716,0.722777973973685,NA,NA,ok
pinn100d_shallow300_medium_interval,single_cell,0,1.0,0,51,1,-0.8006207796149772,0.8344702881968006,0.01692475429091167,0.8175455339058889,1.6350910678117778,interval,0.2331550647635034,0.4663101295270068,1.0,0.2331550647635034,NA,NA,ok
pinn100d_shallow300_medium_interval,single_cell,0,1.0,0,52,0,-0.7420477599644351,0.7703028121308593,0.014127526083212105,0.7561752860476472,1.5123505720952943,interval,0.6387431359052212,1.2774862718104425,0.9319962481713716,0.6853494712650086,NA,NA,ok
pinn100d_shallow300_medium_interval,single_cell,0,1.0,0,52,1,-0.7420477599644351,0.7703028121308593,0.014127526083212105,0.7561752860476472,1.5123505720952943,interval,0.20937276137287864,0.41874552274575727,1.0,0.20937276137287864,NA,NA,ok
pinn100d_shallow300_medium_interval,single_cell,0,1.0,0,53,0,-1.090911376884629,1.0503864671686705,-0.020262454857979284,1.0706489220266497,2.1412978440532995,interval,0.7895835521350493,1.5791671042700985,0.9319962481713716,0.8471960629500989,NA,NA,ok
pinn100d_shallow300_medium_interval,single_cell,0,1.0,0,53,1,-1.090911376884629,1.0503864671686705,-0.020262454857979284,1.0706489220266497,2.1412978440532995,interval,0.3177723239805786,0.6355446479611572,1.0,0.3177723239805786,NA,NA,ok
pinn100d_shallow300_medium_interval,single_cell,0,1.0,0,54,0,-1.2066771566490584,1.1738953830218988,-0.016390886813579808,1.1902862698354786,2.380572539670957,interval,0.8305984501862445,1.661196900372489,0.9319962481713716,0.8912036414480474,NA,NA,ok
pinn100d_shallow300_medium_interval,single_cell,0,1.0,0,54,1,-1.2066771566490584,1.1738953830218988,-0.016390886813579808,1.1902862698354786,2.380572539670957,interval,0.34918050541633616,0.6983610108326723,1.0,0.34918050541633616,NA,NA,ok
pinn100d_shallow300_medium_interval,single_cell,0,1.0,0,55,0,-0.6654554261844666,0.6941495666632106,0.014347070239371984,0.6798024964238386,1.3596049928476772,interval,0.5913118311798722,1.1826236623597444,0.9319962481713716,0.6344573085353711,NA,NA,ok
pinn100d_shallow300_medium_interval,single_cell,0,1.0,0,55,1,-0.6654554261844666,0.6941495666632106,0.014347070239371984,0.6798024964238386,1.3596049928476772,interval,0.1803848903042865,0.360769780608573,1.0,0.1803848903042865,NA,NA,ok
pinn100d_shallow300_medium_interval,single_cell,0,1.0,0,56,0,-0.7083442383527363,0.7036147618286084,-0.002364738262063959,0.7059795000906723,1.4119590001813447,interval,0.608147348057122,1.216294696114244,0.9319962481713716,0.6525212405632972,NA,NA,ok
pinn100d_shallow300_medium_interval,single_cell,0,1.0,0,56,1,-0.7083442383527363,0.7036147618286084,-0.002364738262063959,0.7059795000906723,1.4119590001813447,interval,0.18582893954535834,0.3716578790907167,1.0,0.18582893954535834,NA,NA,ok
pinn100d_shallow300_medium_interval,single_cell,0,1.0,0,57,0,-1.2329296305415844,1.193228519133941,-0.01985055570382177,1.2130790748377627,2.4261581496755253,interval,0.8375022378973618,1.6750044757947236,0.9319962481713716,0.8986111688116638,NA,NA,ok
pinn100d_shallow300_medium_interval,single_cell,0,1.0,0,57,1,-1.2329296305415844,1.193228519133941,-0.01985055570382177,1.2130790748377627,2.4261581496755253,interval,0.3556845518822672,0.7113691037645344,1.0,0.3556845518822672,NA,NA,ok
pinn100d_shallow300_medium_interval,single_cell,0,1.0,0,58,0,-0.7334941393710498,0.7131942540621979,-0.010149942654425925,0.7233441967166239,1.4466883934332477,interval,0.6189371673066469,1.2378743346132939,0.9319962481713716,0.664098346448321,NA,NA,ok
pinn100d_shallow300_medium_interval,single_cell,0,1.0,0,58,1,-0.7334941393710498,0.7131942540621979,-0.010149942654425925,0.7233441967166239,1.4466883934332477,interval,0.1954365041477666,0.3908730082955332,1.0,0.1954365041477666,NA,NA,ok
pinn100d_shallow300_medium_interval,single_cell,0,1.0,0,59,0,-0.9466935748263166,0.9255364543021678,-0.010578560262074377,0.9361150145642422,1.8722300291284844,interval,0.733394274591874,1.466788549183748,0.9319962481713716,0.7869068958494568,NA,NA,ok
pinn100d_shallow300_medium_interval,single_cell,0,1.0,0,59,1,-0.9466935748263166,0.9255364543021678,-0.010578560262074377,0.9361150145642422,1.8722300291284844,interval,0.2725305235001287,0.5450610470002574,1.0,0.2725305235001287,NA,NA,ok
pinn100d_shallow300_medium_interval,single_cell,0,1.0,0,60,0,-1.5860529702984412,1.5733837593858007,-0.0063346054563202525,1.579718364842121,3.159436729684242,interval,0.9185521390163409,1.8371042780326818,0.9319962481713716,0.9855749321079256,NA,NA,ok
pinn100d_shallow300_medium_interval,single_cell,0,1.0,0,60,1,-1.5860529702984412,1.5733837593858007,-0.0063346054563202525,1.579718364842121,3.159436729684242,interval,0.4227786990702158,0.8455573981404316,1.0,0.4227786990702158,NA,NA,ok
pinn100d_shallow300_medium_interval,single_cell,0,1.0,0,61,0,-1.1365766537137107,1.104048554877431,-0.01626404941813986,1.120312604295571,2.240625208591142,interval,0.8076033477214184,1.6152066954428368,0.9319962481713716,0.8665306854034885,NA,NA,ok
pinn100d_shallow300_medium_interval,single_cell,0,1.0,0,61,1,-1.1365766537137107,1.104048554877431,-0.01626404941813986,1.120312604295571,2.240625208591142,interval,0.33069439554739516,0.6613887910947903,1.0,0.33069439554739516,NA,NA,ok
pinn100d_shallow300_medium_interval,single_cell,0,1.0,0,62,0,-1.0643707508376148,1.0985694149464218,0.017099332054403504,1.0814700828920183,2.1629401657840366,interval,0.7936577580846368,1.5873155161692736,0.9319962481713716,0.8515675461589436,NA,NA,ok
pinn100d_shallow300_medium_interval,single_cell,0,1.0,0,62,1,-1.0643707508376148,1.0985694149464218,0.017099332054403504,1.0814700828920183,2.1629401657840366,interval,0.31998765206375646,0.6399753041275129,1.0,0.31998765206375646,NA,NA,ok
pinn100d_shallow300_medium_interval,single_cell,0,1.0,0,63,0,-1.4015171493211271,1.3643005656294993,-0.018608291845813918,1.3829088574753132,2.7658177149506264,interval,0.8815329561125858,1.7630659122251715,0.9319962481713716,0.9458546188809261,NA,NA,ok
pinn100d_shallow300_medium_interval,single_cell,0,1.0,0,63,1,-1.4015171493211271,1.3643005656294993,-0.018608291845813918,1.3829088574753132,2.7658177149506264,interval,0.39221377271476693,0.7844275454295339,1.0,0.39221377271476693,NA,NA,ok
pinn100d_shallow300_medium_interval,single_cell,0,1.0,0,64,0,-0.8850519189924945,0.8509091370870555,-0.01707139095271948,0.867980528039775,1.73596105607955,interval,0.7002426466547398,1.4004852933094796,0.9319962481713716,0.7513363364162192,NA,NA,ok
pinn100d_shallow300_medium_interval,single_cell,0,1.0,0,64,1,-0.8850519189924945,0.8509091370870555,-0.01707139095271948,0.867980528039775,1.73596105607955,interval,0.2512987896364209,0.5025975792728418,1.0,0.2512987896364209,NA,NA,ok
pinn100d_shallow300_medium_interval,single_cell,0,1.0,0,65,0,-0.8429087446687177,0.8658273177411772,0.01145928653622974,0.8543680312049474,1.7087360624098948,interval,0.6932972707219847,1.3865945414439693,0.9319962481713716,0.7438841863175656,NA,NA,ok
pinn100d_shallow300_medium_interval,single_cell,0,1.0,0,65,1,-0.8429087446687177,0.8658273177411772,0.01145928653622974,0.8543680312049474,1.7087360624098948,interval,0.24447380433468513,0.48894760866937026,1.0,0.24447380433468513,NA,NA,ok
pinn100d_shallow300_medium_interval,single_cell,0,1.0,0,66,0,-0.9905468239121497,0.9617857365141985,-0.014380543698975568,0.9761662802131741,1.9523325604263482,interval,0.7513338675798401,1.5026677351596802,0.9319962481713716,0.8061554636662958,NA,NA,ok
pinn100d_shallow300_medium_interval,single_cell,0,1.0,0,66,1,-0.9905468239121497,0.9617857365141985,-0.014380543698975568,0.9761662802131741,1.9523325604263482,interval,0.2869753909958087,0.5739507819916174,1.0,0.2869753909958087,NA,NA,ok
pinn100d_shallow300_medium_interval,single_cell,0,1.0,0,67,0,-0.881044996934086,0.9120447889086442,0.015499895987279078,0.8965448929213651,1.7930897858427302,interval,0.7145273447120282,1.4290546894240563,0.9319962481713716,0.7666633273620688,NA,NA,ok
pinn100d_shallow300_medium_interval,single_cell,0,1.0,0,67,1,-0.881044996934086,0.9120447889086442,0.015499895987279078,0.8965448929213651,1.7930897858427302,interval,0.26072304463092766,0.5214460892618553,1.0,0.26072304463092766,NA,NA,ok
pinn100d_shallow300_medium_interval,single_cell,0,1.0,0,68,0,-1.0577074974769158,1.0951935167927767,0.01874300965793041,1.0764505071348462,2.1529010142696925,interval,0.7917753670898736,1.5835507341797472,0.9319962481713716,0.8495478052013415,NA,NA,ok
pinn100d_shallow300_medium_interval,single_cell,0,1.0,0,68,1,-1.0577074974769158,1.0951935167927767,0.01874300965793041,1.0764505071348462,2.1529010142696925,interval,0.3190134587926411,0.6380269175852822,1.0,0.3190134587926411,NA,NA,ok
pinn100d_shallow300_medium_interval,single_cell,0,1.0,0,69,0,-1.3791784207269766,1.422282921894831,0.02155225058392718,1.4007306713109038,2.8014613426218076,interval,0.8854206850407025,1.770841370081405,0.9319962481713716,0.9500260186432585,NA,NA,ok
pinn100d_shallow300_medium_interval,single_cell,0,1.0,0,69,1,-1.3791784207269766,1.422282921894831,0.02155225058392718,1.4007306713109038,2.8014613426218076,interval,0.3961160472232093,0.7922320944464186,1.0,0.3961160472232093,NA,NA,ok
pinn100d_shallow300_medium_interval,single_cell,0,1.0,0,70,0,-0.930851379094681,0.9636725950147776,0.01641060796004834,0.9472619870547293,1.8945239741094586,interval,0.73845057624171,1.47690115248342,0.9319962481713716,0.7923321340516026,NA,NA,ok
pinn100d_shallow300_medium_interval,single_cell,0,1.0,0,70,1,-0.930851379094681,0.9636725950147776,0.01641060796004834,0.9472619870547293,1.8945239741094586,interval,0.27819128368256396,0.5563825673651279,1.0,0.27819128368256396,NA,NA,ok
pinn100d_shallow300_medium_interval,single_cell,0,1.0,0,71,0,-1.438885897394499,1.394990236741567,-0.021947830326465967,1.416938067068033,2.833876134136066,interval,0.8888685951833994,1.777737190366799,0.9319962481713716,0.9537255079378366,NA,NA,ok
pinn100d_shallow300_medium_interval,single_cell,0,1.0,0,71,1,-1.438885897394499,1.394990236741567,-0.021947830326465967,1.416938067068033,2.833876134136066,interval,0.39914720640412554,0.7982944128082511,1.0,0.39914720640412554,NA,NA,ok
pinn100d_shallow300_medium_interval,single_cell,0,1.0,0,72,0,-1.1711538278994706,1.2088264922154854,0.018836332158007396,1.189990160057478,2.379980320114956,interval,0.8304844183535263,1.6609688367070525,0.9319962481713716,0.8910812892036667,NA,NA,ok
pinn100d_shallow300_medium_interval,single_cell,0,1.0,0,72,1,-1.1711538278994706,1.2088264922154854,0.018836332158007396,1.189990160057478,2.379980320114956,interval,0.34972153348182755,0.6994430669636551,1.0,0.34972153348182755,NA,NA,ok
pinn100d_shallow300_medium_interval,single_cell,0,1.0,0,73,0,-1.174538707187349,1.210071346678575,0.017766319745613046,1.192305026932962,2.384610053865924,interval,0.8312113123397611,1.6624226246795222,0.9319962481713716,0.8918612215131164,NA,NA,ok
pinn100d_shallow300_medium_interval,single_cell,0,1.0,0,73,1,-1.174538707187349,1.210071346678575,0.017766319745613046,1.192305026932962,2.384610053865924,interval,0.3500341892277142,0.7000683784554284,1.0,0.3500341892277142,NA,NA,ok
pinn100d_shallow300_medium_interval,single_cell,0,1.0,0,74,0,-0.9300731152852421,0.89293327807331,-0.018569918605966018,0.911503196679276,1.823006393358552,interval,0.721733747695763,1.443467495391526,0.9319962481713716,0.7743955505312867,NA,NA,ok
pinn100d_shallow300_medium_interval,single_cell,0,1.0,0,74,1,-0.9300731152852421,0.89293327807331,-0.018569918605966018,0.911503196679276,1.823006393358552,interval,0.26690862477248034,0.5338172495449607,1.0,0.26690862477248034,NA,NA,ok
pinn100d_shallow300_medium_interval,single_cell,0,1.0,0,75,0,-0.8829617050674684,0.9081151180277417,0.012576706480136646,0.895538411547605,1.79107682309521,interval,0.7140631445422361,1.4281262890844721,0.9319962481713716,0.7661652565053428,NA,NA,ok
pinn100d_shallow300_medium_interval,single_cell,0,1.0,0,75,1,-0.8829617050674684,0.9081151180277417,0.012576706480136646,0.895538411547605,1.79107682309521,interval,0.2593629905902751,0.5187259811805502,1.0,0.2593629905902751,NA,NA,ok
pinn100d_shallow300_medium_interval,single_cell,0,1.0,0,76,0,-1.1805875736327949,1.1488019022058176,-0.01589283571348865,1.1646947379193062,2.3293894758386124,interval,0.8224967910357934,1.6449935820715869,0.9319962481713716,0.8825108391257774,NA,NA,ok
pinn100d_shallow300_medium_interval,single_cell,0,1.0,0,76,1,-1.1805875736327949,1.1488019022058176,-0.01589283571348865,1.1646947379193062,2.3293894758386124,interval,0.34249133380857305,0.6849826676171461,1.0,0.34249133380857305,NA,NA,ok
pinn100d_shallow300_medium_interval,single_cell,0,1.0,0,77,0,-1.3659675145450219,1.331452662025504,-0.0172574262597589,1.348710088285263,2.697420176570526,interval,0.8736869254065871,1.7473738508131742,0.9319962481713716,0.9374360971096283,NA,NA,ok
pinn100d_shallow300_medium_interval,single_cell,0,1.0,0,77,1,-1.3659675145450219,1.331452662025504,-0.0172574262597589,1.348710088285263,2.697420176570526,interval,0.38524002231589133,0.7704800446317827,1.0,0.38524002231589133,NA,NA,ok
pinn100d_shallow300_medium_interval,single_cell,0,1.0,0,78,0,-0.6125577319415738,0.6569759697827167,0.022209118920571425,0.6347668508621452,1.2695337017242905,interval,0.5611362299286811,1.1222724598573621,0.9319962481713716,0.6020799236366686,NA,NA,ok
pinn100d_shallow300_medium_interval,single_cell,0,1.0,0,78,1,-0.6125577319415738,0.6569759697827167,0.022209118920571425,0.6347668508621452,1.2695337017242905,interval,0.16608817077507965,0.3321763415501593,1.0,0.16608817077507965,NA,NA,ok
pinn100d_shallow300_medium_interval,single_cell,0,1.0,0,79,0,-0.8548400889214127,0.8380958072828195,-0.008372140819296603,0.8464679481021161,1.6929358962042322,interval,0.6891943765294223,1.3783887530588446,0.9319962481713716,0.7394819216082252,NA,NA,ok
pinn100d_shallow300_medium_interval,single_cell,0,1.0,0,79,1,-0.8548400889214127,0.8380958072828195,-0.008372140819296603,0.8464679481021161,1.6929358962042322,interval,0.2405332627728336,0.4810665255456672,1.0,0.2405332627728336,NA,NA,ok
pinn100d_shallow300_medium_interval,single_cell,0,1.0,0,80,0,-1.2719651427464118,1.2295099902121156,-0.021227576267148107,1.2507375664792637,2.5014751329585274,interval,0.8483832534042048,1.6967665068084097,0.9319962481713716,0.9102861251520914,NA,NA,ok
pinn100d_shallow300_medium_interval,single_cell,0,1.0,0,80,1,-1.2719651427464118,1.2295099902121156,-0.021227576267148107,1.2507375664792637,2.5014751329585274,interval,0.3649393380360813,0.7298786760721626,1.0,0.3649393380360813,NA,NA,ok
pinn100d_shallow300_medium_interval,single_cell,0,1.0,0,81,0,-0.6323568266861045,0.5723896197843606,-0.02998360345087192,0.6023732232352326,1.2047464464704651,interval,0.5383925018272909,1.0767850036545819,0.9319962481713716,0.5776766836600973,NA,NA,ok
pinn100d_shallow300_medium_interval,single_cell,0,1.0,0,81,1,-0.6323568266861045,0.5723896197843606,-0.02998360345087192,0.6023732232352326,1.2047464464704651,interval,0.15661689948538382,0.31323379897076764,1.0,0.15661689948538382,NA,NA,ok
pinn100d_shallow300_medium_interval,single_cell,0,1.0,0,82,0,-0.770773785839283,0.7995670803645064,0.014396647262611695,0.7851704331018947,1.5703408662037894,interval,0.6555869213581343,1.3111738427162687,0.9319962481713716,0.7034222751909488,NA,NA,ok
pinn100d_shallow300_medium_interval,single_cell,0,1.0,0,82,1,-0.770773785839283,0.7995670803645064,0.014396647262611695,0.7851704331018947,1.5703408662037894,interval,0.22031168509811438,0.44062337019622877,1.0,0.22031168509811438,NA,NA,ok
pinn100d_shallow300_medium_interval,single_cell,0,1.0,0,83,0,-0.89320137367518,0.8717751463069094,-0.0107131136841353,0.8824882599910447,1.7649765199820895,interval,0.7076231336972404,1.4152462673944808,0.9319962481713716,0.7592553458081364,NA,NA,ok
pinn100d_shallow300_medium_interval,single_cell,0,1.0,0,83,1,-0.89320137367518,0.8717751463069094,-0.0107131136841353,0.8824882599910447,1.7649765199820895,interval,0.2541640748483256,0.5083281496966512,1.0,0.2541640748483256,NA,NA,ok
pinn100d_shallow300_medium_interval,single_cell,0,1.0,0,84,0,-0.7976625548491154,0.827040944766799,0.0146891949588418,0.8123517498079572,1.6247034996159144,interval,0.6708059568070246,1.3416119136140492,0.9319962481713716,0.7197517781033809,NA,NA,ok
pinn100d_shallow300_medium_interval,single_cell,0,1.0,0,84,1,-0.7976625548491154,0.827040944766799,0.0146891949588418,0.8123517498079572,1.6247034996159144,interval,0.23044169737247155,0.4608833947449431,1.0,0.23044169737247155,NA,NA,ok
pinn100d_shallow300_medium_interval,single_cell,0,1.0,0,85,0,-0.9348748672197601,0.9034342047802039,-0.015720331219778116,0.919154535999982,1.838309071999964,interval,0.725412284139243,1.450824568278486,0.9319962481713716,0.7783424939344361,NA,NA,ok
pinn100d_shallow300_medium_interval,single_cell,0,1.0,0,85,1,-0.9348748672197601,0.9034342047802039,-0.015720331219778116,0.919154535999982,1.838309071999964,interval,0.2685408887151122,0.5370817774302244,1.0,0.2685408887151122,NA,NA,ok
pinn100d_shallow300_medium_interval,single_cell,0,1.0,0,86,0,-1.1100026096220486,1.1489145687805893,0.019455979579270366,1.129458589201319,2.258917178402638,interval,0.8107287463734445,1.621457492746889,0.9319962481713716,0.8698841309330797,NA,NA,ok
pinn100d_shallow300_medium_interval,single_cell,0,1.0,0,86,1,-1.1100026096220486,1.1489145687805893,0.019455979579270366,1.129458589201319,2.258917178402638,interval,0.33406662183766556,0.6681332436753311,1.0,0.33406662183766556,NA,NA,ok
pinn100d_shallow300_medium_interval,single_cell,0,1.0,0,87,0,-1.2789544097029169,1.2340401481250904,-0.022457130788913204,1.2564972789140036,2.5129945578280073,interval,0.8499766573879501,1.6999533147759003,0.9319962481713716,0.9119957929612394,NA,NA,ok
pinn100d_shallow300_medium_interval,single_cell,0,1.0,0,87,1,-1.2789544097029169,1.2340401481250904,-0.022457130788913204,1.2564972789140036,2.5129945578280073,interval,0.36654443042086376,0.7330888608417275,1.0,0.36654443042086376,NA,NA,ok
pinn100d_shallow300_medium_interval,single_cell,0,1.0,0,88,0,-0.8196835402297237,0.8511525501491991,0.015734504959737716,0.8354180451894614,1.6708360903789228,interval,0.6832843520820353,1.3665687041640706,0.9319962481713716,0.7331406681332432,NA,NA,ok
pinn100d_shallow300_medium_interval,single_cell,0,1.0,0,88,1,-0.8196835402297237,0.8511525501491991,0.015734504959737716,0.8354180451894614,1.6708360903789228,interval,0.239204461552884,0.478408923105768,1.0,0.239204461552884,NA,NA,ok
pinn100d_shallow300_medium_interval,single_cell,0,1.0,0,89,0,-0.8579518670180815,0.8906473389988188,0.01634773599036865,0.8742996030084501,1.7485992060169002,interval,0.7034571174860031,1.4069142349720063,0.9319962481713716,0.7547853533383048,NA,NA,ok
pinn100d_shallow300_medium_interval,single_cell,0,1.0,0,89,1,-0.8579518670180815,0.8906473389988188,0.01634773599036865,0.8742996030084501,1.7485992060169002,interval,0.2532679232281045,0.506535846456209,1.0,0.2532679232281045,NA,NA,ok
pinn100d_shallow300_medium_interval,single_cell,0,1.0,0,90,0,-0.8207744817317321,0.7924840586718497,-0.014145211529941193,0.8066292702017909,1.6132585404035817,interval,0.6676525691668744,1.3353051383337489,0.9319962481713716,0.7163683013497596,NA,NA,ok
pinn100d_shallow300_medium_interval,single_cell,0,1.0,0,90,1,-0.8207744817317321,0.7924840586718497,-0.014145211529941193,0.8066292702017909,1.6132585404035817,interval,0.228144173822866,0.456288347645732,1.0,0.228144173822866,NA,NA,ok
pinn100d_shallow300_medium_interval,single_cell,0,1.0,0,91,0,-1.289402589613948,1.2579584264319819,-0.015722081590983095,1.273680508022965,2.54736101604593,interval,0.8547351423950711,1.7094702847901422,0.9319962481713716,0.9171014841230412,NA,NA,ok
pinn100d_shallow300_medium_interval,single_cell,0,1.0,0,91,1,-1.289402589613948,1.2579584264319819,-0.015722081590983095,1.273680508022965,2.54736101604593,interval,0.36891472628940897,0.7378294525788179,1.0,0.36891472628940897,NA,NA,ok
pinn100d_shallow300_medium_interval,single_cell,0,1.0,0,92,0,-1.124946905632745,1.08585988447044,-0.019543510581152557,1.1054033950515925,2.210806790103185,interval,0.8023224101319772,1.6046448202639545,0.9319962481713716,0.860864420544802,NA,NA,ok
pinn100d_shallow300_medium_interval,single_cell,0,1.0,0,92,1,-1.124946905632745,1.08585988447044,-0.019543510581152557,1.1054033950515925,2.210806790103185,interval,0.32746928486190574,0.6549385697238115,1.0,0.32746928486190574,NA,NA,ok
pinn100d_shallow300_medium_interval,single_cell,0,1.0,0,93,0,-0.6468941826251272,0.6720388239177194,0.012572320646296098,0.6594665032714233,1.3189330065428466,interval,0.5779474284276658,1.1558948568553316,0.9319962481713716,0.6201177628790145,NA,NA,ok
pinn100d_shallow300_medium_interval,single_cell,0,1.0,0,93,1,-0.6468941826251272,0.6720388239177194,0.012572320646296098,0.6594665032714233,1.3189330065428466,interval,0.17188523042428866,0.3437704608485773,1.0,0.17188523042428866,NA,NA,ok
pinn100d_shallow300_medium_interval,single_cell,0,1.0,0,94,0,-1.1891179119541309,1.2318600758063356,0.021371081926102375,1.2104889938802332,2.4209779877604665,interval,0.836711556432103,1.673423112864206,0.9319962481713716,0.8977627947255985,NA,NA,ok
pinn100d_shallow300_medium_interval,single_cell,0,1.0,0,94,1,-1.1891179119541309,1.2318600758063356,0.021371081926102375,1.2104889938802332,2.4209779877604665,interval,0.3554239931944218,0.7108479863888436,1.0,0.3554239931944218,NA,NA,ok
pinn100d_shallow300_medium_interval,single_cell,0,1.0,0,95,0,-0.8425271444430551,0.8784439097769787,0.017958382666961814,0.8604855271100169,1.7209710542200338,interval,0.6963920958791352,1.3927841917582704,0.9319962481713716,0.7472048275360498,NA,NA,ok
pinn100d_shallow300_medium_interval,single_cell,0,1.0,0,95,1,-0.8425271444430551,0.8784439097769787,0.017958382666961814,0.8604855271100169,1.7209710542200338,interval,0.24896313277562554,0.4979262655512511,1.0,0.24896313277562554,NA,NA,ok
pinn100d_shallow300_medium_interval,single_cell,0,1.0,0,96,0,-0.6659994683686796,0.6358673961792187,-0.01506603609473045,0.6509334322739492,1.3018668645478984,interval,0.5722106612535437,1.1444213225070874,0.9319962481713716,0.613962408514254,NA,NA,ok
pinn100d_shallow300_medium_interval,single_cell,0,1.0,0,96,1,-0.6659994683686796,0.6358673961792187,-0.01506603609473045,0.6509334322739492,1.3018668645478984,interval,0.16956120745919218,0.33912241491838435,1.0,0.16956120745919218,NA,NA,ok
pinn100d_shallow300_medium_interval,single_cell,0,1.0,0,97,0,-1.215123877758,1.1786727174263019,-0.018225580165849076,1.196898297592151,2.393796595184302,interval,0.8326212692135757,1.6652425384271514,0.9319962481713716,0.8933740568668864,NA,NA,ok
pinn100d_shallow300_medium_interval,single_cell,0,1.0,0,97,1,-1.215123877758,1.1786727174263019,-0.018225580165849076,1.196898297592151,2.393796595184302,interval,0.35129792757793404,0.7025958551558681,1.0,0.35129792757793404,NA,NA,ok
pinn100d_shallow300_medium_interval,single_cell,0,1.0,0,98,0,-1.273373259798392,1.3090285069017624,0.017827623551685212,1.2912008833500772,2.5824017667001544,interval,0.8593693343392095,1.718738668678419,0.9319962481713716,0.9220738130924238,NA,NA,ok
pinn100d_shallow300_medium_interval,single_cell,0,1.0,0,98,1,-1.273373259798392,1.3090285069017624,0.017827623551685212,1.2912008833500772,2.5824017667001544,interval,0.3732733945915383,0.7465467891830766,1.0,0.3732733945915383,NA,NA,ok
pinn100d_shallow300_medium_interval,single_cell,0,1.0,0,99,0,-0.9135757537667062,0.8771689762111496,-0.018203388777778273,0.8953723649889279,1.7907447299778558,interval,0.7139211501296949,1.4278423002593899,0.9319962481713716,0.7660129013721331,NA,NA,ok
pinn100d_shallow300_medium_interval,single_cell,0,1.0,0,99,1,-0.9135757537667062,0.8771689762111496,-0.018203388777778273,0.8953723649889279,1.7907447299778558,interval,0.26125178274412253,0.5225035654882451,1.0,0.26125178274412253,NA,NA,ok
pinn100d_shallow300_medium_interval,single_cell,0,1.0,0,100,0,-1.4400569326913262,1.467338473838685,0.013640770573679406,1.4536977032650056,2.907395406530011,interval,0.8963888549627822,1.7927777099255644,0.9319962481713716,0.9617944886812011,NA,NA,ok
pinn100d_shallow300_medium_interval,single_cell,0,1.0,0,100,1,-1.4400569326913262,1.467338473838685,0.013640770573679406,1.4536977032650056,2.907395406530011,interval,0.4041621040797618,0.8083242081595235,1.0,0.4041621040797618,NA,NA,ok
pinn100d_shallow300_medium_interval,single_cell,0,1.0,0,101,0,-1.5837879660157446,1.5801226097140428,-0.0018326781508508638,1.5819552878648937,3.1639105757297874,interval,0.918906223127348,1.837812446254696,0.9319962481713716,0.9859548522113615,NA,NA,ok
pinn100d_shallow300_medium_interval,single_cell,0,1.0,0,101,1,-1.5837879660157446,1.5801226097140428,-0.0018326781508508638,1.5819552878648937,3.1639105757297874,interval,0.422456421834918,0.844912843669836,1.0,0.422456421834918,NA,NA,ok
pinn100d_shallow300_medium_interval,single_cell,0,1.0,0,102,0,-1.058315031825715,1.0262563408124221,-0.016029345506646475,1.0422856863190686,2.084571372638137,interval,0.7787103216272394,1.5574206432544788,0.9319962481713716,0.8355294596465515,NA,NA,ok
pinn100d_shallow300_medium_interval,single_cell,0,1.0,0,102,1,-1.058315031825715,1.0262563408124221,-0.016029345506646475,1.0422856863190686,2.084571372638137,interval,0.3081267189017766,0.6162534378035532,1.0,0.3081267189017766,NA,NA,ok
pinn100d_shallow300_medium_interval,single_cell,0,1.0,0,103,0,-1.1476452573399851,1.109070551094331,-0.019287353122827033,1.128357904217158,2.256715808434316,interval,0.8103530500543654,1.6207061001087308,0.9319962481713716,0.8694810216718395,NA,NA,ok
pinn100d_shallow300_medium_interval,single_cell,0,1.0,0,103,1,-1.1476452573399851,1.109070551094331,-0.019287353122827033,1.128357904217158,2.256715808434316,interval,0.33372203233631603,0.6674440646726321,1.0,0.33372203233631603,NA,NA,ok
pinn100d_shallow300_medium_interval,single_cell,0,1.0,0,104,0,-0.8577016693145989,0.8877385522479759,0.015018441466688515,0.8727201107812874,1.7454402215625748,interval,0.7026732903800352,1.4053465807600705,0.9319962481713716,0.7539443337446039,NA,NA,ok
pinn100d_shallow300_medium_interval,single_cell,0,1.0,0,104,1,-0.8577016693145989,0.8877385522479759,0.015018441466688515,0.8727201107812874,1.7454402215625748,interval,0.25224526078926535,0.5044905215785307,1.0,0.25224526078926535,NA,NA,ok
pinn100d_shallow300_medium_interval,single_cell,0,1.0,0,105,0,-1.177912795726943,1.218542112172731,0.02031465822289391,1.198227453949837,2.396454907899674,interval,0.8330079639825803,1.6660159279651605,0.9319962481713716,0.8937889670875694,NA,NA,ok
pinn100d_shallow300_medium_interval,single_cell,0,1.0,0,105,1,-1.177912795726943,1.218542112172731,0.02031465822289391,1.198227453949837,2.396454907899674,interval,0.3521481252889635,0.704296250577927,1.0,0.3521481252889635,NA,NA,ok
pinn100d_shallow300_medium_interval,single_cell,0,1.0,0,106,0,-0.7436028604158077,0.7107002167910169,-0.016451321812395392,0.7271515386034123,1.4543030772068246,interval,0.6212163624347173,1.2424327248694347,0.9319962481713716,0.6665438446276778,NA,NA,ok
pinn100d_shallow300_medium_interval,single_cell,0,1.0,0,106,1,-0.7436028604158077,0.7107002167910169,-0.016451321812395392,0.7271515386034123,1.4543030772068246,interval,0.19928057231551816,0.3985611446310363,1.0,0.19928057231551816,NA,NA,ok
pinn100d_shallow300_medium_interval,single_cell,0,1.0,0,107,0,-0.6364463917753741,0.5633476109147434,-0.036549390430315354,0.5998970013450587,1.1997940026901175,interval,0.5364660410282376,1.0729320820564752,0.9319962481713716,0.5756096573144085,NA,NA,ok
pinn100d_shallow300_medium_interval,single_cell,0,1.0,0,107,1,-0.6364463917753741,0.5633476109147434,-0.036549390430315354,0.5998970013450587,1.1997940026901175,interval,0.15818911070264985,0.3163782214052997,1.0,0.15818911070264985,NA,NA,ok
pinn100d_shallow300_medium_interval,single_cell,0,1.0,0,108,0,-1.0426471018400014,1.0803325368651482,0.01884271751257338,1.0614898193525748,2.1229796387051496,interval,0.7861268057509216,1.5722536115018433,0.9319962481713716,0.8434870926716133,NA,NA,ok
pinn100d_shallow300_medium_interval,single_cell,0,1.0,0,108,1,-1.0426471018400014,1.0803325368651482,0.01884271751257338,1.0614898193525748,2.1229796387051496,interval,0.3146802000445956,0.6293604000891913,1.0,0.3146802000445956,NA,NA,ok
pinn100d_shallow300_medium_interval,single_cell,0,1.0,0,109,0,-0.9134574422361408,0.9473867494974706,0.016964653630664905,0.9304220958668057,1.8608441917336114,interval,0.7306926358883902,1.4613852717767803,0.9319962481713716,0.7840081302065858,NA,NA,ok
pinn100d_shallow300_medium_interval,single_cell,0,1.0,0,109,1,-0.9134574422361408,0.9473867494974706,0.016964653630664905,0.9304220958668057,1.8608441917336114,interval,0.27276327302913006,0.5455265460582601,1.0,0.27276327302913006,NA,NA,ok
pinn100d_shallow300_medium_interval,single_cell,0,1.0,0,110,0,-1.2677004222053616,1.2229038135571433,-0.022398304324109164,1.2453021178812524,2.490604235762505,interval,0.846840916941537,1.693681833883074,0.9319962481713716,0.90863125104107,NA,NA,ok
pinn100d_shallow300_medium_interval,single_cell,0,1.0,0,110,1,-1.2677004222053616,1.2229038135571433,-0.022398304324109164,1.2453021178812524,2.490604235762505,interval,0.3639522329250414,0.7279044658500828,1.0,0.3639522329250414,NA,NA,ok
pinn100d_shallow300_medium_interval,single_cell,0,1.0,0,111,0,-0.9581578905614647,0.9243831398125946,-0.016887375374435076,0.9412705151870296,1.8825410303740593,interval,0.7357092168554062,1.4714184337108125,0.9319962481713716,0.7893907494787759,NA,NA,ok
pinn100d_shallow300_medium_interval,single_cell,0,1.0,0,111,1,-0.9581578905614647,0.9243831398125946,-0.016887375374435076,0.9412705151870296,1.8825410303740593,interval,0.27636197241514915,0.5527239448302983,1.0,0.27636197241514915,NA,NA,ok
pinn100d_shallow300_medium_interval,single_cell,0,1.0,0,112,0,-0.7914234807966224,0.8188916681191162,0.013734093661246893,0.8051575744578693,1.6103151489157386,interval,0.666840429248015,1.33368085849603,0.9319962481713716,0.7154969030791626,NA,NA,ok
pinn100d_shallow300_medium_interval,single_cell,0,1.0,0,112,1,-0.7914234807966224,0.8188916681191162,0.013734093661246893,0.8051575744578693,1.6103151489157386,interval,0.2274523138389941,0.4549046276779882,1.0,0.2274523138389941,NA,NA,ok
pinn100d_shallow300_medium_interval,single_cell,0,1.0,0,113,0,-0.849686150820982,0.872017005906473,0.01116542754274552,0.8608515783637275,1.721703156727455,interval,0.6966514715103378,1.3933029430206756,0.9319962481713716,0.747483128689849,NA,NA,ok
pinn100d_shallow300_medium_interval,single_cell,0,1.0,0,113,1,-0.849686150820982,0.872017005906473,0.01116542754274552,0.8608515783637275,1.721703156727455,interval,0.24668110347759487,0.49336220695518973,1.0,0.24668110347759487,NA,NA,ok
pinn100d_shallow300_medium_interval,single_cell,0,1.0,0,114,0,-0.6630886315286886,0.6437069553096089,-0.009690838109539857,0.6533977934191487,1.3067955868382974,interval,0.5739167513151886,1.1478335026303772,0.9319962481713716,0.6157929846190316,NA,NA,ok
pinn100d_shallow300_medium_interval,single_cell,0,1.0,0,114,1,-0.6630886315286886,0.6437069553096089,-0.009690838109539857,0.6533977934191487,1.3067955868382974,interval,0.16844090943864065,0.3368818188772813,1.0,0.16844090943864065,NA,NA,ok
pinn100d_shallow300_medium_interval,single_cell,0,1.0,0,115,0,-0.7285481849997572,0.7485975228590082,0.010024668929625502,0.7385728539293827,1.4771457078587653,interval,0.6282439248722511,1.2564878497445022,0.9319962481713716,0.6740841780263607,NA,NA,ok
pinn100d_shallow300_medium_interval,single_cell,0,1.0,0,115,1,-0.7285481849997572,0.7485975228590082,0.010024668929625502,0.7385728539293827,1.4771457078587653,interval,0.20117554522378533,0.40235109044757067,1.0,0.20117554522378533,NA,NA,ok
pinn100d_shallow300_medium_interval,single_cell,0,1.0,0,116,0,-0.8744698086050322,0.9089145327376147,0.01722236206629124,0.8916921706713234,1.783384341342647,interval,0.7121244349396276,1.4242488698792553,0.9319962481713716,0.7640850876136629,NA,NA,ok
pinn100d_shallow300_medium_interval,single_cell,0,1.0,0,116,1,-0.8744698086050322,0.9089145327376147,0.01722236206629124,0.8916921706713234,1.783384341342647,interval,0.2596400031108217,0.5192800062216434,1.0,0.2596400031108217,NA,NA,ok
pinn100d_shallow300_medium_interval,single_cell,0,1.0,0,117,0,-1.3740507569108844,1.4125160594440576,0.019232651266586576,1.393283408177471,2.786566816354942,interval,0.8838196593740678,1.7676393187481356,0.9319962481713716,0.9483081730298497,NA,NA,ok
pinn100d_shallow300_medium_interval,single_cell,0,1.0,0,117,1,-1.3740507569108844,1.4125160594440576,0.019232651266586576,1.393283408177471,2.786566816354942,interval,0.3942961868391139,0.7885923736782278,1.0,0.3942961868391139,NA,NA,ok
pinn100d_shallow300_medium_interval,single_cell,0,1.0,0,118,0,-0.7114293139660043,0.6846611208139651,-0.013384096576019577,0.6980452173899847,1.3960904347799694,interval,0.6030567973951524,1.2061135947903048,0.9319962481713716,0.6470592543461235,NA,NA,ok
pinn100d_shallow300_medium_interval,single_cell,0,1.0,0,118,1,-0.7114293139660043,0.6846611208139651,-0.013384096576019577,0.6980452173899847,1.3960904347799694,interval,0.18701036102920576,0.3740207220584115,1.0,0.18701036102920576,NA,NA,ok
pinn100d_shallow300_medium_interval,single_cell,0,1.0,0,119,0,-1.168735262508867,1.1298298900732502,-0.01945268621780838,1.1492825762910586,2.298565152582117,interval,0.8174136690297589,1.6348273380595177,0.9319962481713716,0.8770568236015648,NA,NA,ok
pinn100d_shallow300_medium_interval,single_cell,0,1.0,0,119,1,-1.168735262508867,1.1298298900732502,-0.01945268621780838,1.1492825762910586,2.298565152582117,interval,0.3393778432135923,0.6787556864271846,1.0,0.3393778432135923,NA,NA,ok
pinn100d_shallow300_medium_interval,single_cell,0,1.0,0,120,0,-0.763981292013019,0.7365572828456634,-0.013712004583677828,0.7502692874293412,1.5005385748586824,interval,0.635238343505159,1.270476687010318,0.9319962481713716,0.6815889492597549,NA,NA,ok
pinn100d_shallow300_medium_interval,single_cell,0,1.0,0,120,1,-0.763981292013019,0.7365572828456634,-0.013712004583677828,0.7502692874293412,1.5005385748586824,interval,0.20699210071157514,0.4139842014231503,1.0,0.20699210071157514,NA,NA,ok
pinn100d_shallow300_medium_interval,single_cell,0,1.0,0,121,0,-0.6662127062570722,0.6906969277491459,0.012242110746036872,0.6784548170031091,1.3569096340062181,interval,0.5904563097134787,1.1809126194269575,0.9319962481713716,0.6335393633525744,NA,NA,ok
pinn100d_shallow300_medium_interval,single_cell,0,1.0,0,121,1,-0.6662127062570722,0.6906969277491459,0.012242110746036872,0.6784548170031091,1.3569096340062181,interval,0.1790589526951929,0.3581179053903858,1.0,0.1790589526951929,NA,NA,ok
pinn100d_shallow300_medium_interval,single_cell,0,1.0,0,122,0,-0.8964792612600481,0.9290067815766618,0.016263760158306884,0.912743021418355,1.82548604283671,interval,0.7223548617373069,1.4447097234746138,0.9319962481713716,0.7750619845891089,NA,NA,ok
pinn100d_shallow300_medium_interval,single_cell,0,1.0,0,122,1,-0.8964792612600481,0.9290067815766618,0.016263760158306884,0.912743021418355,1.82548604283671,interval,0.2665452656406132,0.5330905312812264,1.0,0.2665452656406132,NA,NA,ok
pinn100d_shallow300_medium_interval,single_cell,0,1.0,0,123,0,-1.104167563368715,1.1420328248526197,0.018932630741952394,1.1231001941106673,2.2462003882213346,interval,0.8085442518765142,1.6170885037530285,0.9319962481713716,0.8675402432820121,NA,NA,ok
pinn100d_shallow300_medium_interval,single_cell,0,1.0,0,123,1,-1.104167563368715,1.1420328248526197,0.018932630741952394,1.1231001941106673,2.2462003882213346,interval,0.3321919459926812,0.6643838919853624,1.0,0.3321919459926812,NA,NA,ok
pinn100d_shallow300_medium_interval,single_cell,0,1.0,0,124,0,-0.7854236701342574,0.7505279392833626,-0.017447865425447406,0.76797580470881,1.53595160941762,interval,0.6456362737049398,1.2912725474098796,0.9319962481713716,0.692745571639064,NA,NA,ok
pinn100d_shallow300_medium_interval,single_cell,0,1.0,0,124,1,-0.7854236701342574,0.7505279392833626,-0.017447865425447406,0.76797580470881,1.53595160941762,interval,0.2150425514318801,0.4300851028637602,1.0,0.2150425514318801,NA,NA,ok
pinn100d_shallow300_medium_interval,single_cell,0,1.0,0,125,0,-1.3977310453244938,1.3621603770086215,-0.01778533415793615,1.3799457111665576,2.7598914223331152,interval,0.8808767044886803,1.7617534089773605,0.9319962481713716,0.945150483402706,NA,NA,ok
pinn100d_shallow300_medium_interval,single_cell,0,1.0,0,125,1,-1.3977310453244938,1.3621603770086215,-0.01778533415793615,1.3799457111665576,2.7598914223331152,interval,0.39148880599503544,0.7829776119900709,1.0,0.39148880599503544,NA,NA,ok
pinn100d_shallow300_medium_interval,single_cell,0,1.0,0,126,0,-1.145506083024695,1.1862496927259267,0.02037180485061585,1.1658778878753109,2.3317557757506218,interval,0.8228359919841374,1.6456719839682747,0.9319962481713716,0.882874790106277,NA,NA,ok
pinn100d_shallow300_medium_interval,single_cell,0,1.0,0,126,1,-1.145506083024695,1.1862496927259267,0.02037180485061585,1.1658778878753109,2.3317557757506218,interval,0.34396223580338464,0.6879244716067693,1.0,0.34396223580338464,NA,NA,ok
pinn100d_shallow300_medium_interval,single_cell,0,1.0,0,127,0,-1.1653861727789863,1.1295881895992126,-0.017898991589886837,1.1474871811890994,2.294974362378199,interval,0.8168328644037188,1.6336657288074377,0.9319962481713716,0.8764336401636704,NA,NA,ok
pinn100d_shallow300_medium_interval,single_cell,0,1.0,0,127,1,-1.1653861727789863,1.1295881895992126,-0.017898991589886837,1.1474871811890994,2.294974362378199,interval,0.33848959803104195,0.6769791960620839,1.0,0.33848959803104195,NA,NA,ok
pinn100d_shallow300_medium_interval,single_cell,0,1.0,0,128,0,-0.918369695032508,0.9538988826345167,0.01776459380100437,0.9361342888335124,1.8722685776670247,interval,0.7333341603127539,1.4666683206255078,0.9319962481713716,0.7868423952903204,NA,NA,ok
pinn100d_shallow300_medium_interval,single_cell,0,1.0,0,128,1,-0.918369695032508,0.9538988826345167,0.01776459380100437,0.9361342888335124,1.8722685776670247,interval,0.274943063867085,0.54988612773417,1.0,0.274943063867085,NA,NA,ok
pinn100d_shallow300_medium_interval,single_cell,0,1.0,0,129,0,-0.8382147723907124,0.8049901321285019,-0.01661232013110525,0.8216024522596072,1.6432049045192143,interval,0.6758398113003152,1.3516796226006305,0.9319962481713716,0.7251529312766554,NA,NA,ok
pinn100d_shallow300_medium_interval,single_cell,0,1.0,0,129,1,-0.8382147723907124,0.8049901321285019,-0.01661232013110525,0.8216024522596072,1.6432049045192143,interval,0.23451820544726687,0.46903641089453374,1.0,0.23451820544726687,NA,NA,ok
pinn100d_shallow300_medium_interval,single_cell,0,1.0,0,130,0,-1.0156344504627695,1.0500586106082939,0.017212080072762204,1.0328465305355317,2.0656930610710633,interval,0.7749557909021136,1.5499115818042273,0.9319962481713716,0.8315009769863558,NA,NA,ok
pinn100d_shallow300_medium_interval,single_cell,0,1.0,0,130,1,-1.0156344504627695,1.0500586106082939,0.017212080072762204,1.0328465305355317,2.0656930610710633,interval,0.30562840452193735,0.6112568090438747,1.0,0.30562840452193735,NA,NA,ok
pinn100d_shallow300_medium_interval,single_cell,0,1.0,0,131,0,-1.0474500720898499,1.0179226028488395,-0.014763734620505176,1.0326863374693447,2.0653726749386894,interval,0.7749160339683391,1.5498320679366782,0.9319962481713716,0.8314583191603694,NA,NA,ok
pinn100d_shallow300_medium_interval,single_cell,0,1.0,0,131,1,-1.0474500720898499,1.0179226028488395,-0.014763734620505176,1.0326863374693447,2.0653726749386894,interval,0.3048344872991245,0.609668974598249,1.0,0.3048344872991245,NA,NA,ok
pinn100d_shallow300_medium_interval,single_cell,0,1.0,0,132,0,-1.0609350410804448,1.0970640029002234,0.018064480909889324,1.078999521990334,2.157999043980668,interval,0.7927316964807651,1.5854633929615303,0.9319962481713716,0.8505739138286755,NA,NA,ok
pinn100d_shallow300_medium_interval,single_cell,0,1.0,0,132,1,-1.0609350410804448,1.0970640029002234,0.018064480909889324,1.078999521990334,2.157999043980668,interval,0.319553696781892,0.639107393563784,1.0,0.319553696781892,NA,NA,ok
pinn100d_shallow300_medium_interval,single_cell,0,1.0,0,133,0,-1.2534023950114845,1.216564803864441,-0.018418795573521773,1.2349835994379628,2.4699671988759255,interval,0.8439364519936033,1.6878729039872067,0.9319962481713716,0.9055148597963281,NA,NA,ok
pinn100d_shallow300_medium_interval,single_cell,0,1.0,0,133,1,-1.2534023950114845,1.216564803864441,-0.018418795573521773,1.2349835994379628,2.4699671988759255,interval,0.36060001942466396,0.7212000388493279,1.0,0.36060001942466396,NA,NA,ok
pinn100d_shallow300_medium_interval,single_cell,0,1.0,0,134,0,-1.0114330530784952,0.9766652867437469,-0.01738388316737416,0.994049169911121,1.988098339822242,interval,0.7589863986022531,1.5179727972045063,0.9319962481713716,0.8143663669155606,NA,NA,ok
pinn100d_shallow300_medium_interval,single_cell,0,1.0,0,134,1,-1.0114330530784952,0.9766652867437469,-0.01738388316737416,0.994049169911121,1.988098339822242,interval,0.2936492964689251,0.5872985929378503,1.0,0.2936492964689251,NA,NA,ok
pinn100d_shallow300_medium_interval,single_cell,0,1.0,0,135,0,-1.2832724515737506,1.3273446149675858,0.02203608169691762,1.3053085332706682,2.6106170665413364,interval,0.8629766043713951,1.7259532087427902,0.9319962481713716,0.9259442900812135,NA,NA,ok
pinn100d_shallow300_medium_interval,single_cell,0,1.0,0,135,1,-1.2832724515737506,1.3273446149675858,0.02203608169691762,1.3053085332706682,2.6106170665413364,interval,0.3772319743846195,0.754463948769239,1.0,0.3772319743846195,NA,NA,ok
pinn100d_shallow300_medium_interval,single_cell,0,1.0,0,136,0,-0.8365248390947787,0.8557722052771414,0.009623683091181334,0.84614852218596,1.69229704437192,interval,0.6890184930856266,1.3780369861712531,0.9319962481713716,0.739293204707121,NA,NA,ok
pinn100d_shallow300_medium_interval,single_cell,0,1.0,0,136,1,-0.8365248390947787,0.8557722052771414,0.009623683091181334,0.84614852218596,1.69229704437192,interval,0.24086865646321104,0.4817373129264221,1.0,0.24086865646321104,NA,NA,ok
pinn100d_shallow300_medium_interval,single_cell,0,1.0,0,137,0,-1.1299748853383091,1.1721429880236616,0.021084051342676213,1.1510589366809854,2.3021178733619707,interval,0.8179843068197402,1.6359686136394804,0.9319962481713716,0.877669098373165,NA,NA,ok
pinn100d_shallow300_medium_interval,single_cell,0,1.0,0,137,1,-1.1299748853383091,1.1721429880236616,0.021084051342676213,1.1510589366809854,2.3021178733619707,interval,0.34027780728420504,0.6805556145684101,1.0,0.34027780728420504,NA,NA,ok
pinn100d_shallow300_medium_interval,single_cell,0,1.0,0,138,0,-1.4795147536405533,1.444980471104201,-0.01726714126817619,1.462247612372377,2.924495224744754,interval,0.8980364506502465,1.796072901300493,0.9319962481713716,0.9635623023292679,NA,NA,ok
pinn100d_shallow300_medium_interval,single_cell,0,1.0,0,138,1,-1.4795147536405533,1.444980471104201,-0.01726714126817619,1.462247612372377,2.924495224744754,interval,0.4062402791572797,0.8124805583145595,1.0,0.4062402791572797,NA,NA,ok
pinn100d_shallow300_medium_interval,single_cell,0,1.0,0,139,0,-1.1846112842973127,1.1451154059873385,-0.01974793915498707,1.1648633451423256,2.329726690284651,interval,0.8225147816101163,1.6450295632202325,0.9319962481713716,0.8825301423948175,NA,NA,ok
pinn100d_shallow300_medium_interval,single_cell,0,1.0,0,139,1,-1.1846112842973127,1.1451154059873385,-0.01974793915498707,1.1648633451423256,2.329726690284651,interval,0.34353770580701426,0.6870754116140285,1.0,0.34353770580701426,NA,NA,ok
pinn100d_shallow300_medium_interval,single_cell,0,1.0,0,140,0,-1.0016612677883299,1.0308531994790655,0.01459596584536782,1.0162572336336977,2.0325144672673954,interval,0.7682706333637228,1.5365412667274456,0.9319962481713716,0.8243280322974609,NA,NA,ok
pinn100d_shallow300_medium_interval,single_cell,0,1.0,0,140,1,-1.0016612677883299,1.0308531994790655,0.01459596584536782,1.0162572336336977,2.0325144672673954,interval,0.2997317659842733,0.5994635319685466,1.0,0.2997317659842733,NA,NA,ok
pinn100d_shallow300_medium_interval,single_cell,0,1.0,0,141,0,-0.854215463176636,0.8897074866463958,0.017746011734879885,0.8719614749115159,1.7439229498230318,interval,0.7022572693341231,1.4045145386682463,0.9319962481713716,0.7534979574349048,NA,NA,ok
pinn100d_shallow300_medium_interval,single_cell,0,1.0,0,141,1,-0.854215463176636,0.8897074866463958,0.017746011734879885,0.8719614749115159,1.7439229498230318,interval,0.2529377292215802,0.5058754584431604,1.0,0.2529377292215802,NA,NA,ok
pinn100d_shallow300_medium_interval,single_cell,0,1.0,0,142,0,-1.0907597002338711,1.1219900064229056,0.01561515309451722,1.1063748533283884,2.2127497066567767,interval,0.8027076248045013,1.6054152496090026,0.9319962481713716,0.8612777426727396,NA,NA,ok
pinn100d_shallow300_medium_interval,single_cell,0,1.0,0,142,1,-1.0907597002338711,1.1219900064229056,0.01561515309451722,1.1063748533283884,2.2127497066567767,interval,0.3266421088358624,0.6532842176717248,1.0,0.3266421088358624,NA,NA,ok
pinn100d_shallow300_medium_interval,single_cell,0,1.0,0,143,0,-0.8162896758725655,0.828124195746196,0.0059172599368152445,0.8222069358093808,1.6444138716187615,interval,0.6762564289871127,1.3525128579742254,0.9319962481713716,0.7255999477615552,NA,NA,ok
pinn100d_shallow300_medium_interval,single_cell,0,1.0,0,143,1,-0.8162896758725655,0.828124195746196,0.0059172599368152445,0.8222069358093808,1.6444138716187615,interval,0.2308380434058983,0.4616760868117966,1.0,0.2308380434058983,NA,NA,ok
pinn100d_shallow300_medium_interval,single_cell,0,1.0,0,144,0,-1.0737179807403923,1.042612774283318,-0.015552603228537132,1.0581653775118551,2.1163307550237103,interval,0.7848877991555059,1.5697755983110118,0.9319962481713716,0.8421576811017204,NA,NA,ok
pinn100d_shallow300_medium_interval,single_cell,0,1.0,0,144,1,-1.0737179807403923,1.042612774283318,-0.015552603228537132,1.0581653775118551,2.1163307550237103,interval,0.31272808366406246,0.6254561673281249,1.0,0.31272808366406246,NA,NA,ok
pinn100d_shallow300_medium_interval,single_cell,0,1.0,0,145,0,-0.9082466318108172,0.8772921563875725,-0.01547723771162235,0.8927693940991949,1.7855387881983897,interval,0.7126748995587046,1.425349799117409,0.9319962481713716,0.76467571726497,NA,NA,ok
pinn100d_shallow300_medium_interval,single_cell,0,1.0,0,145,1,-0.9082466318108172,0.8772921563875725,-0.01547723771162235,0.8927693940991949,1.7855387881983897,interval,0.25940857440140686,0.5188171488028137,1.0,0.25940857440140686,NA,NA,ok
pinn100d_shallow300_medium_interval,single_cell,0,1.0,0,146,0,-1.3022655421739981,1.3407396287397118,0.019237043282856803,1.321502585456855,2.64300517091371,interval,0.8670775149794099,1.7341550299588198,0.9319962481713716,0.9303444264723856,NA,NA,ok
pinn100d_shallow300_medium_interval,single_cell,0,1.0,0,146,1,-1.3022655421739981,1.3407396287397118,0.019237043282856803,1.321502585456855,2.64300517091371,interval,0.38006102142303877,0.7601220428460775,1.0,0.38006102142303877,NA,NA,ok
pinn100d_shallow300_medium_interval,single_cell,0,1.0,0,147,0,-0.9610675137578782,0.9233653689554443,-0.018851072401216973,0.9422164413566613,1.8844328827133225,interval,0.736119124904681,1.472238249809362,0.9319962481713716,0.7898305667528036,NA,NA,ok
pinn100d_shallow300_medium_interval,single_cell,0,1.0,0,147,1,-0.9610675137578782,0.9233653689554443,-0.018851072401216973,0.9422164413566613,1.8844328827133225,interval,0.2773282591178785,0.554656518235757,1.0,0.2773282591178785,NA,NA,ok
pinn100d_shallow300_medium_interval,single_cell,0,1.0,0,148,0,-1.4347906560759482,1.3957044259669074,-0.019543115054520444,1.4152475410214278,2.8304950820428556,interval,0.8885318892576286,1.7770637785152572,0.9319962481713716,0.9533642340309605,NA,NA,ok
pinn100d_shallow300_medium_interval,single_cell,0,1.0,0,148,1,-1.4347906560759482,1.3957044259669074,-0.019543115054520444,1.4152475410214278,2.8304950820428556,interval,0.398406805419174,0.796813610838348,1.0,0.398406805419174,NA,NA,ok
pinn100d_shallow300_medium_interval,single_cell,0,1.0,0,149,0,-0.85590996830905,0.8252779003869347,-0.015316033961057629,0.8405939343479923,1.6811878686959847,interval,0.686038343735274,1.372076687470548,0.9319962481713716,0.736095606695112,NA,NA,ok
pinn100d_shallow300_medium_interval,single_cell,0,1.0,0,149,1,-0.85590996830905,0.8252779003869347,-0.015316033961057629,0.8405939343479923,1.6811878686959847,interval,0.2409182093072293,0.4818364186144586,1.0,0.2409182093072293,NA,NA,ok
pinn100d_shallow300_medium_interval,single_cell,0,1.0,0,150,0,-0.8144288244005298,0.8392548862181486,0.012413030908809408,0.8268418553093392,1.6536837106186784,interval,0.6787201875836991,1.3574403751673982,0.9319962481713716,0.7282434762107528,NA,NA,ok
pinn100d_shallow300_medium_interval,single_cell,0,1.0,0,150,1,-0.8144288244005298,0.8392548862181486,0.012413030908809408,0.8268418553093392,1.6536837106186784,interval,0.23489631219170992,0.46979262438341984,1.0,0.23489631219170992,NA,NA,ok
pinn100d_shallow300_medium_interval,single_cell,0,1.0,0,151,0,-0.7794240378560415,0.7516667225555955,-0.013878657650223003,0.7655453802058185,1.531090760411637,interval,0.6442591186892941,1.2885182373785882,0.9319962481713716,0.6912679315537656,NA,NA,ok
pinn100d_shallow300_medium_interval,single_cell,0,1.0,0,151,1,-0.7794240378560415,0.7516667225555955,-0.013878657650223003,0.7655453802058185,1.531090760411637,interval,0.21279721903629478,0.42559443807258956,1.0,0.21279721903629478,NA,NA,ok
pinn100d_shallow300_medium_interval,single_cell,0,1.0,0,152,0,-1.2728778080271934,1.314065379263317,0.0205937856180618,1.2934715936452552,2.5869431872905104,interval,0.8599380853733902,1.7198761707467805,0.9319962481713716,0.9226840634397794,NA,NA,ok
pinn100d_shallow300_medium_interval,single_cell,0,1.0,0,152,1,-1.2728778080271934,1.314065379263317,0.0205937856180618,1.2934715936452552,2.5869431872905104,interval,0.3743724433947929,0.7487448867895858,1.0,0.3743724433947929,NA,NA,ok
pinn100d_shallow300_medium_interval,single_cell,0,1.0,0,153,0,-0.6937322806667295,0.7204075004186045,0.013337609875937462,0.707069890542667,1.414139781085334,interval,0.6087679935662764,1.2175359871325528,0.9319962481713716,0.6531871719019395,NA,NA,ok
pinn100d_shallow300_medium_interval,single_cell,0,1.0,0,153,1,-0.6937322806667295,0.7204075004186045,0.013337609875937462,0.707069890542667,1.414139781085334,interval,0.19044425390502961,0.38088850781005923,1.0,0.19044425390502961,NA,NA,ok
pinn100d_shallow300_medium_interval,single_cell,0,1.0,0,154,0,-0.7966809166067104,0.7634063707671257,-0.016637272919792334,0.780043643686918,1.560087287373836,interval,0.6526280654287782,1.3052561308575563,0.9319962481713716,0.7002475242891488,NA,NA,ok
pinn100d_shallow300_medium_interval,single_cell,0,1.0,0,154,1,-0.7966809166067104,0.7634063707671257,-0.016637272919792334,0.780043643686918,1.560087287373836,interval,0.21923927424675393,0.43847854849350787,1.0,0.21923927424675393,NA,NA,ok
pinn100d_shallow300_medium_interval,single_cell,0,1.0,0,155,0,-0.8940835656454462,0.8588510895755224,-0.01761623803496193,0.8764673276104843,1.7529346552209686,interval,0.7045350401149252,1.4090700802298504,0.9319962481713716,0.7559419273385081,NA,NA,ok
pinn100d_shallow300_medium_interval,single_cell,0,1.0,0,155,1,-0.8940835656454462,0.8588510895755224,-0.01761623803496193,0.8764673276104843,1.7529346552209686,interval,0.2544732249111251,0.5089464498222502,1.0,0.2544732249111251,NA,NA,ok
pinn100d_shallow300_medium_interval,single_cell,0,1.0,0,156,0,-0.9292268209994731,0.9689797402104271,0.019876459605477015,0.9491032806049501,1.8982065612099002,interval,0.7392444053470522,1.4784888106941043,0.9319962481713716,0.7931838854474905,NA,NA,ok
pinn100d_shallow300_medium_interval,single_cell,0,1.0,0,156,1,-0.9292268209994731,0.9689797402104271,0.019876459605477015,0.9491032806049501,1.8982065612099002,interval,0.27994322108698116,0.5598864421739623,1.0,0.27994322108698116,NA,NA,ok
pinn100d_shallow300_medium_interval,single_cell,0,1.0,0,157,0,-1.1731237389534523,1.2050166691047848,0.015946465075666216,1.1890702040291186,2.378140408058237,interval,0.8302246974946781,1.6604493949893562,0.9319962481713716,0.8908026176324476,NA,NA,ok
pinn100d_shallow300_medium_interval,single_cell,0,1.0,0,157,1,-1.1731237389534523,1.2050166691047848,0.015946465075666216,1.1890702040291186,2.378140408058237,interval,0.3487614847871168,0.6975229695742337,1.0,0.3487614847871168,NA,NA,ok
pinn100d_shallow300_medium_interval,single_cell,0,1.0,0,158,0,-0.8913860173428699,0.9226653347131667,0.015639658685148383,0.9070256760280183,1.8140513520560366,interval,0.7196167560392228,1.4392335120784456,0.9319962481713716,0.7721240911121164,NA,NA,ok
pinn100d_shallow300_medium_interval,single_cell,0,1.0,0,158,1,-0.8913860173428699,0.9226653347131667,0.015639658685148383,0.9070256760280183,1.8140513520560366,interval,0.26437783311990976,0.5287556662398195,1.0,0.26437783311990976,NA,NA,ok
pinn100d_shallow300_medium_interval,single_cell,0,1.0,0,159,0,-1.1273921839493974,1.0959081779819329,-0.015742002983732295,1.1116501809656651,2.2233003619313303,interval,0.8045746326611436,1.6091492653222872,0.9319962481713716,0.8632809780508921,NA,NA,ok
pinn100d_shallow300_medium_interval,single_cell,0,1.0,0,159,1,-1.1273921839493974,1.0959081779819329,-0.015742002983732295,1.1116501809656651,2.2233003619313303,interval,0.3281511389425814,0.6563022778851628,1.0,0.3281511389425814,NA,NA,ok
pinn100d_shallow300_medium_interval,single_cell,0,1.0,0,160,0,-1.4923860445597164,1.4589190080498688,-0.01673351825492375,1.4756525263047926,2.951305052609585,interval,0.9006026422272458,1.8012052844544917,0.9319962481713716,0.966315737852248,NA,NA,ok
pinn100d_shallow300_medium_interval,single_cell,0,1.0,0,160,1,-1.4923860445597164,1.4589190080498688,-0.01673351825492375,1.4756525263047926,2.951305052609585,interval,0.4083936356497787,0.8167872712995574,1.0,0.4083936356497787,NA,NA,ok
pinn100d_shallow300_medium_interval,single_cell,0,1.0,0,161,0,-0.8118887083898725,0.7855637226605157,-0.01316249286467841,0.7987262155251941,1.5974524310503881,interval,0.6632596982517602,1.3265193965035205,0.9319962481713716,0.7116549015654436,NA,NA,ok
pinn100d_shallow300_medium_interval,single_cell,0,1.0,0,161,1,-0.8118887083898725,0.7855637226605157,-0.01316249286467841,0.7987262155251941,1.5974524310503881,interval,0.2248728659832353,0.4497457319664706,1.0,0.2248728659832353,NA,NA,ok
pinn100d_shallow300_medium_interval,single_cell,0,1.0,0,162,0,-0.9685612086655188,0.9950593658781902,0.013249078606335729,0.9818102872718545,1.963620574543709,interval,0.7537913684064195,1.507582736812839,0.9319962481713716,0.808792277742963,NA,NA,ok
pinn100d_shallow300_medium_interval,single_cell,0,1.0,0,162,1,-0.9685612086655188,0.9950593658781902,0.013249078606335729,0.9818102872718545,1.963620574543709,interval,0.28842878064565625,0.5768575612913125,1.0,0.28842878064565625,NA,NA,ok
pinn100d_shallow300_medium_interval,single_cell,0,1.0,0,163,0,-0.8271071303752253,0.8610459715485379,0.016969420586656292,0.8440765509618816,1.6881531019237632,interval,0.6878579023049842,1.3757158046099685,0.9319962481713716,0.7380479306162441,NA,NA,ok
pinn100d_shallow300_medium_interval,single_cell,0,1.0,0,163,1,-0.8271071303752253,0.8610459715485379,0.016969420586656292,0.8440765509618816,1.6881531019237632,interval,0.24276246607836216,0.4855249321567243,1.0,0.24276246607836216,NA,NA,ok
pinn100d_shallow300_medium_interval,single_cell,0,1.0,0,164,0,-1.1176997476072557,1.1538089483476917,0.018054600370218,1.1357543479774737,2.2715086959549473,interval,0.8128896510775949,1.6257793021551898,0.9319962481713716,0.8722027075457971,NA,NA,ok
pinn100d_shallow300_medium_interval,single_cell,0,1.0,0,164,1,-1.1176997476072557,1.1538089483476917,0.018054600370218,1.1357543479774737,2.2715086959549473,interval,0.3353903081046323,0.6707806162092645,1.0,0.3353903081046323,NA,NA,ok
pinn100d_shallow300_medium_interval,single_cell,0,1.0,0,165,0,-0.957106884738263,0.9915651490227829,0.017229132142259962,0.974336016880523,1.948672033761046,interval,0.750506261596203,1.501012523192406,0.9319962481713716,0.8052674708387915,NA,NA,ok
pinn100d_shallow300_medium_interval,single_cell,0,1.0,0,165,1,-0.957106884738263,0.9915651490227829,0.017229132142259962,0.974336016880523,1.948672033761046,interval,0.2873039192480161,0.5746078384960323,1.0,0.2873039192480161,NA,NA,ok
pinn100d_shallow300_medium_interval,single_cell,0,1.0,0,166,0,-1.1951923778641023,1.152966248577504,-0.021113064643299095,1.1740793132208032,2.3481586264416063,interval,0.8254583237888886,1.6509166475777772,0.9319962481713716,0.8856884621676147,NA,NA,ok
pinn100d_shallow300_medium_interval,single_cell,0,1.0,0,166,1,-1.1951923778641023,1.152966248577504,-0.021113064643299095,1.1740793132208032,2.3481586264416063,interval,0.34626368738910285,0.6925273747782057,1.0,0.34626368738910285,NA,NA,ok
pinn100d_shallow300_medium_interval,single_cell,0,1.0,0,167,0,-1.1001154688531447,1.0726088877062845,-0.01375329057343011,1.0863621782797146,2.172724356559429,interval,0.7954912969947248,1.5909825939894495,0.9319962481713716,0.853534870505673,NA,NA,ok
pinn100d_shallow300_medium_interval,single_cell,0,1.0,0,167,1,-1.1001154688531447,1.0726088877062845,-0.01375329057343011,1.0863621782797146,2.172724356559429,interval,0.3204325416599745,0.640865083319949,1.0,0.3204325416599745,NA,NA,ok
pinn100d_shallow300_medium_interval,single_cell,0,1.0,0,168,0,-1.0289821496950908,1.0687833262456736,0.019900588275291398,1.0488827379703822,2.0977654759407645,interval,0.7812510952946343,1.5625021905892686,0.9319962481713716,0.8382556226245463,NA,NA,ok
pinn100d_shallow300_medium_interval,single_cell,0,1.0,0,168,1,-1.0289821496950908,1.0687833262456736,0.019900588275291398,1.0488827379703822,2.0977654759407645,interval,0.3112623915859444,0.6225247831718888,1.0,0.3112623915859444,NA,NA,ok
pinn100d_shallow300_medium_interval,single_cell,0,1.0,0,169,0,-0.8810525006112329,0.8477341734459161,-0.0166591635826584,0.8643933370285745,1.728786674057149,interval,0.6984150485445756,1.3968300970891512,0.9319962481713716,0.7493753863439951,NA,NA,ok
pinn100d_shallow300_medium_interval,single_cell,0,1.0,0,169,1,-0.8810525006112329,0.8477341734459161,-0.0166591635826584,0.8643933370285745,1.728786674057149,interval,0.24988646592851105,0.4997729318570221,1.0,0.24988646592851105,NA,NA,ok
pinn100d_shallow300_medium_interval,single_cell,0,1.0,0,170,0,-0.8468298613304298,0.8765102975610902,0.014840218115330206,0.86167007944576,1.72334015889152,interval,0.6970382253264997,1.3940764506529995,0.9319962481713716,0.7478981022661061,NA,NA,ok
pinn100d_shallow300_medium_interval,single_cell,0,1.0,0,170,1,-0.8468298613304298,0.8765102975610902,0.014840218115330206,0.86167007944576,1.72334015889152,interval,0.24827762471194087,0.49655524942388174,1.0,0.24827762471194087,NA,NA,ok
pinn100d_shallow300_medium_interval,single_cell,0,1.0,0,171,0,-1.156771804990858,1.1214757897709782,-0.017648007609939897,1.139123797380918,2.278247594761836,interval,0.8140333370348873,1.6280666740697747,0.9319962481713716,0.8734298433411786,NA,NA,ok
pinn100d_shallow300_medium_interval,single_cell,0,1.0,0,171,1,-1.156771804990858,1.1214757897709782,-0.017648007609939897,1.139123797380918,2.278247594761836,interval,0.3361877340231146,0.6723754680462292,1.0,0.3361877340231146,NA,NA,ok
pinn100d_shallow300_medium_interval,single_cell,0,1.0,0,172,0,-0.6602039211953794,0.6350755481873449,-0.01256418650401725,0.6476397346913622,1.2952794693827243,interval,0.5700181648878115,1.140036329775623,0.9319962481713716,0.6116099351324845,NA,NA,ok
pinn100d_shallow300_medium_interval,single_cell,0,1.0,0,172,1,-0.6602039211953794,0.6350755481873449,-0.01256418650401725,0.6476397346913622,1.2952794693827243,interval,0.16733060766540886,0.3346612153308177,1.0,0.16733060766540886,NA,NA,ok
pinn100d_shallow300_medium_interval,single_cell,0,1.0,0,173,0,-0.6736564656359888,0.6502014587413384,-0.011727503447325205,0.6619289621886636,1.3238579243773272,interval,0.5795927637210074,1.1591855274420149,0.9319962481713716,0.6218831512017357,NA,NA,ok
pinn100d_shallow300_medium_interval,single_cell,0,1.0,0,173,1,-0.6736564656359888,0.6502014587413384,-0.011727503447325205,0.6619289621886636,1.3238579243773272,interval,0.1725076065144594,0.3450152130289188,1.0,0.1725076065144594,NA,NA,ok
pinn100d_shallow300_medium_interval,single_cell,0,1.0,0,174,0,-1.2671951827874366,1.225791054927446,-0.020702063929995296,1.2464931188574413,2.4929862377148826,interval,0.8471948914625302,1.6943897829250605,0.9319962481713716,0.9090110535581808,NA,NA,ok
pinn100d_shallow300_medium_interval,single_cell,0,1.0,0,174,1,-1.2671951827874366,1.225791054927446,-0.020702063929995296,1.2464931188574413,2.4929862377148826,interval,0.3638349032048351,0.7276698064096702,1.0,0.3638349032048351,NA,NA,ok
pinn100d_shallow300_medium_interval,single_cell,0,1.0,0,175,0,-1.3831413857359594,1.4281571697421036,0.022507892003072127,1.4056492777390315,2.811298555478063,interval,0.8864705421197983,1.7729410842395965,0.9319962481713716,0.9511524792713518,NA,NA,ok
pinn100d_shallow300_medium_interval,single_cell,0,1.0,0,175,1,-1.3831413857359594,1.4281571697421036,0.022507892003072127,1.4056492777390315,2.811298555478063,interval,0.39719743953234826,0.7943948790646965,1.0,0.39719743953234826,NA,NA,ok
pinn100d_shallow300_medium_interval,single_cell,0,1.0,0,176,0,-1.0572251389801488,1.018236306714756,-0.019494416132696424,1.0377307228474524,2.0754614456949048,interval,0.7768733551762651,1.5537467103525302,0.9319962481713716,0.8335584576660408,NA,NA,ok
pinn100d_shallow300_medium_interval,single_cell,0,1.0,0,176,1,-1.0572251389801488,1.018236306714756,-0.019494416132696424,1.0377307228474524,2.0754614456949048,interval,0.3077981974496608,0.6155963948993216,1.0,0.3077981974496608,NA,NA,ok
pinn100d_shallow300_medium_interval,single_cell,0,1.0,0,177,0,-0.8553465281258208,0.8396584283206341,-0.007844049902593353,0.8475024782232274,1.6950049564464549,interval,0.6897402056887825,1.379480411377565,0.9319962481713716,0.7400675775702864,NA,NA,ok
pinn100d_shallow300_medium_interval,single_cell,0,1.0,0,177,1,-0.8553465281258208,0.8396584283206341,-0.007844049902593353,0.8475024782232274,1.6950049564464549,interval,0.2407155143330154,0.4814310286660308,1.0,0.2407155143330154,NA,NA,ok
pinn100d_shallow300_medium_interval,single_cell,0,1.0,0,178,0,-1.0655132612430596,1.026646201899785,-0.01943352967163725,1.0460797315714223,2.0921594631428446,interval,0.7801622954825553,1.5603245909651107,0.9319962481713716,0.8370873777799825,NA,NA,ok
pinn100d_shallow300_medium_interval,single_cell,0,1.0,0,178,1,-1.0655132612430596,1.026646201899785,-0.01943352967163725,1.0460797315714223,2.0921594631428446,interval,0.3102867218469211,0.6205734436938422,1.0,0.3102867218469211,NA,NA,ok
pinn100d_shallow300_medium_interval,single_cell,0,1.0,0,179,0,-1.2375301238723018,1.1985866600574022,-0.019471731907449774,1.218058391964852,2.436116783929704,interval,0.8389863521718962,1.6779727043437924,0.9319962481713716,0.9002035725122649,NA,NA,ok
pinn100d_shallow300_medium_interval,single_cell,0,1.0,0,179,1,-1.2375301238723018,1.1985866600574022,-0.019471731907449774,1.218058391964852,2.436116783929704,interval,0.3568010299551185,0.713602059910237,1.0,0.3568010299551185,NA,NA,ok
pinn100d_shallow300_medium_interval,single_cell,0,1.0,0,180,0,-1.0633221779271935,1.0983992430851333,0.017538532578969868,1.0808607105061634,2.161721421012327,interval,0.7934276697788627,1.5868553395577254,0.9319962481713716,0.8513206693005598,NA,NA,ok
pinn100d_shallow300_medium_interval,single_cell,0,1.0,0,180,1,-1.0633221779271935,1.0983992430851333,0.017538532578969868,1.0808607105061634,2.161721421012327,interval,0.3199386353559291,0.6398772707118582,1.0,0.3199386353559291,NA,NA,ok
pinn100d_shallow300_medium_interval,single_cell,0,1.0,0,181,0,-1.120720769777153,1.160081025234179,0.01968012772851302,1.140400897505666,2.280801795011332,interval,0.8144428814895603,1.6288857629791207,0.9319962481713716,0.8738692704906725,NA,NA,ok
pinn100d_shallow300_medium_interval,single_cell,0,1.0,0,181,1,-1.120720769777153,1.160081025234179,0.01968012772851302,1.140400897505666,2.280801795011332,interval,0.337074922325155,0.67414984465031,1.0,0.337074922325155,NA,NA,ok
pinn100d_shallow300_medium_interval,single_cell,0,1.0,0,182,0,-0.9468539302832151,0.9082390537521356,-0.01930743826553971,0.9275464920176754,1.8550929840353507,interval,0.7293207116853668,1.4586414233707337,0.9319962481713716,0.7825361026037762,NA,NA,ok
pinn100d_shallow300_medium_interval,single_cell,0,1.0,0,182,1,-0.9468539302832151,0.9082390537521356,-0.01930743826553971,0.9275464920176754,1.8550929840353507,interval,0.2725843789277421,0.5451687578554842,1.0,0.2725843789277421,NA,NA,ok
pinn100d_shallow300_medium_interval,single_cell,0,1.0,0,183,0,-0.9012005330706289,0.9364696817911625,0.01763457436026683,0.9188351074308957,1.8376702148617914,interval,0.7252389841503541,1.4504779683007083,0.9319962481713716,0.7781565489918155,NA,NA,ok
pinn100d_shallow300_medium_interval,single_cell,0,1.0,0,183,1,-0.9012005330706289,0.9364696817911625,0.01763457436026683,0.9188351074308957,1.8376702148617914,interval,0.26908157512926484,0.5381631502585297,1.0,0.26908157512926484,NA,NA,ok
pinn100d_shallow300_medium_interval,single_cell,0,1.0,0,184,0,-1.4793999358375653,1.440529834424064,-0.019435050706750667,1.4599648851308147,2.9199297702616294,interval,0.897579918198107,1.795159836396214,0.9319962481713716,0.9630724586705243,NA,NA,ok
pinn100d_shallow300_medium_interval,single_cell,0,1.0,0,184,1,-1.4793999358375653,1.440529834424064,-0.019435050706750667,1.4599648851308147,2.9199297702616294,interval,0.40622087021884185,0.8124417404376837,1.0,0.40622087021884185,NA,NA,ok
pinn100d_shallow300_medium_interval,single_cell,0,1.0,0,185,0,-0.7321511044331087,0.7389444504690762,0.0033966730179837423,0.7355477774510925,1.471095554902185,interval,0.6264433045498379,1.2528866090996758,0.9319962481713716,0.672152174194858,NA,NA,ok
pinn100d_shallow300_medium_interval,single_cell,0,1.0,0,185,1,-0.7321511044331087,0.7389444504690762,0.0033966730179837423,0.7355477774510925,1.471095554902185,interval,0.1975105243813362,0.3950210487626724,1.0,0.1975105243813362,NA,NA,ok
pinn100d_shallow300_medium_interval,single_cell,0,1.0,0,186,0,-0.8942204521232301,0.8708685501338455,-0.011675950994692319,0.8825445011285378,1.7650890022570755,interval,0.7076435955338851,1.4152871910677702,0.9319962481713716,0.7592773006568655,NA,NA,ok
pinn100d_shallow300_medium_interval,single_cell,0,1.0,0,186,1,-0.8942204521232301,0.8708685501338455,-0.011675950994692319,0.8825445011285378,1.7650890022570755,interval,0.25452117655436113,0.5090423531087223,1.0,0.25452117655436113,NA,NA,ok
pinn100d_shallow300_medium_interval,single_cell,0,1.0,0,187,0,-1.0714555174736884,1.0473124800913574,-0.012071518691165517,1.0593839987825229,2.1187679975650457,interval,0.7853841340753871,1.5707682681507742,0.9319962481713716,0.8426902314428351,NA,NA,ok
pinn100d_shallow300_medium_interval,single_cell,0,1.0,0,187,1,-1.0714555174736884,1.0473124800913574,-0.012071518691165517,1.0593839987825229,2.1187679975650457,interval,0.31205707750163003,0.6241141550032601,1.0,0.31205707750163003,NA,NA,ok
pinn100d_shallow300_medium_interval,single_cell,0,1.0,0,188,0,-0.8561385666094257,0.8238401922534622,-0.01614918717798175,0.8399893794314439,1.6799787588628878,interval,0.6857087069259329,1.3714174138518658,0.9319962481713716,0.7357419177076425,NA,NA,ok
pinn100d_shallow300_medium_interval,single_cell,0,1.0,0,188,1,-0.8561385666094257,0.8238401922534622,-0.01614918717798175,0.8399893794314439,1.6799787588628878,interval,0.24100042558773194,0.4820008511754639,1.0,0.24100042558773194,NA,NA,ok
pinn100d_shallow300_medium_interval,single_cell,0,1.0,0,189,0,-1.0554762744104922,1.0911960330035595,0.017859879296533654,1.0733361537070258,2.1466723074140517,interval,0.7906202911240923,1.5812405822481845,0.9319962481713716,0.848308448317612,NA,NA,ok
pinn100d_shallow300_medium_interval,single_cell,0,1.0,0,189,1,-1.0554762744104922,1.0911960330035595,0.017859879296533654,1.0733361537070258,2.1466723074140517,interval,0.31785501675906824,0.6357100335181365,1.0,0.31785501675906824,NA,NA,ok
pinn100d_shallow300_medium_interval,single_cell,0,1.0,0,190,0,-0.8409602339792387,0.8183358148780696,-0.01131220955058454,0.8296480244286542,1.6592960488573083,interval,0.6802402018685354,1.3604804037370708,0.9319962481713716,0.7298743993907748,NA,NA,ok
pinn100d_shallow300_medium_interval,single_cell,0,1.0,0,190,1,-0.8409602339792387,0.8183358148780696,-0.01131220955058454,0.8296480244286542,1.6592960488573083,interval,0.2355157391293331,0.4710314782586662,1.0,0.2355157391293331,NA,NA,ok
pinn100d_shallow300_medium_interval,single_cell,0,1.0,0,191,0,-0.9923663640591591,0.9567994816892673,-0.017783441184945903,0.9745829228742132,1.9491658457484264,interval,0.7506077031966338,1.5012154063932677,0.9319962481713716,0.8053763141958649,NA,NA,ok
pinn100d_shallow300_medium_interval,single_cell,0,1.0,0,191,1,-0.9923663640591591,0.9567994816892673,-0.017783441184945903,0.9745829228742132,1.9491658457484264,interval,0.28756217983474036,0.5751243596694807,1.0,0.28756217983474036,NA,NA,ok
pinn100d_shallow300_medium_interval,single_cell,0,1.0,0,192,0,-0.6229070664001423,0.5904531146635356,-0.01622697586830335,0.6066800905318389,1.2133601810636778,interval,0.541685133626351,1.083370267252702,0.9319962481713716,0.5812095646191359,NA,NA,ok
pinn100d_shallow300_medium_interval,single_cell,0,1.0,0,192,1,-0.6229070664001423,0.5904531146635356,-0.01622697586830335,0.6066800905318389,1.2133601810636778,interval,0.1529868268347906,0.3059736536695812,1.0,0.1529868268347906,NA,NA,ok
pinn100d_shallow300_medium_interval,single_cell,0,1.0,0,193,0,-0.737441641819339,0.710743302455173,-0.013349169682082995,0.724092472137256,1.448184944274512,interval,0.6193698500330489,1.2387397000660978,0.9319962481713716,0.6645626001695683,NA,NA,ok
pinn100d_shallow300_medium_interval,single_cell,0,1.0,0,193,1,-0.737441641819339,0.710743302455173,-0.013349169682082995,0.724092472137256,1.448184944274512,interval,0.1969389804558423,0.3938779609116846,1.0,0.1969389804558423,NA,NA,ok
pinn100d_shallow300_medium_interval,single_cell,0,1.0,0,194,0,-0.9262917881438902,0.9624928742496374,0.018100543052873563,0.9443923311967638,1.8887846623935276,interval,0.7371235377640917,1.4742470755281833,0.9319962481713716,0.790908267292244,NA,NA,ok
pinn100d_shallow300_medium_interval,single_cell,0,1.0,0,194,1,-0.9262917881438902,0.9624928742496374,0.018100543052873563,0.9443923311967638,1.8887846623935276,interval,0.2778007088991379,0.5556014177982758,1.0,0.2778007088991379,NA,NA,ok
pinn100d_shallow300_medium_interval,single_cell,0,1.0,0,195,0,-1.4438322648629727,1.481626895743142,0.01889731544008466,1.4627295803030573,2.9254591606061147,interval,0.8981194455052559,1.7962388910105118,0.9319962481713716,0.9636513529613624,NA,NA,ok
pinn100d_shallow300_medium_interval,single_cell,0,1.0,0,195,1,-1.4438322648629727,1.481626895743142,0.01889731544008466,1.4627295803030573,2.9254591606061147,interval,0.40659668471103166,0.8131933694220633,1.0,0.40659668471103166,NA,NA,ok
pinn100d_shallow300_medium_interval,single_cell,0,1.0,0,196,0,-1.1524474377340883,1.194174318747599,0.02086344050675537,1.1733108782408437,2.3466217564816874,interval,0.8252161229039865,1.650432245807973,0.9319962481713716,0.8854285889273764,NA,NA,ok
pinn100d_shallow300_medium_interval,single_cell,0,1.0,0,196,1,-1.1524474377340883,1.194174318747599,0.02086344050675537,1.1733108782408437,2.3466217564816874,interval,0.34600302155351115,0.6920060431070223,1.0,0.34600302155351115,NA,NA,ok
pinn100d_shallow300_medium_interval,single_cell,0,1.0,0,197,0,-0.6221827602303873,0.6073776418168664,-0.007402559206760473,0.6147802010236268,1.2295604020472537,interval,0.5474622420835513,1.0949244841671026,0.9319962481713716,0.5874082037966383,NA,NA,ok
pinn100d_shallow300_medium_interval,single_cell,0,1.0,0,197,1,-0.6221827602303873,0.6073776418168664,-0.007402559206760473,0.6147802010236268,1.2295604020472537,interval,0.15270878083270878,0.30541756166541756,1.0,0.15270878083270878,NA,NA,ok
pinn100d_shallow300_medium_interval,single_cell,0,1.0,0,198,0,-0.8900304609633193,0.9240067976547858,0.016988168345733246,0.9070186293090525,1.814037258618105,interval,0.7195980959612935,1.439196191922587,0.9319962481713716,0.7721040694886755,NA,NA,ok
pinn100d_shallow300_medium_interval,single_cell,0,1.0,0,198,1,-0.8900304609633193,0.9240067976547858,0.016988168345733246,0.9070186293090525,1.814037258618105,interval,0.26483726084892223,0.5296745216978445,1.0,0.26483726084892223,NA,NA,ok
pinn100d_shallow300_medium_interval,single_cell,0,1.0,0,199,0,-1.095266671314244,1.1346180087386017,0.01967566871217885,1.114942340026423,2.229884680052846,interval,0.8056931033537187,1.6113862067074374,0.9319962481713716,0.8644810587323,NA,NA,ok
pinn100d_shallow300_medium_interval,single_cell,0,1.0,0,199,1,-1.095266671314244,1.1346180087386017,0.01967566871217885,1.114942340026423,2.229884680052846,interval,0.3301543879870156,0.6603087759740311,1.0,0.3301543879870156,NA,NA,ok
pinn100d_shallow300_medium_interval,single_cell,0,1.0,0,200,0,-0.9767008442562581,1.0102996945497789,0.01679942514676036,0.9935002694030185,1.987000538806037,interval,0.7587600608527837,1.5175201217055674,0.9319962481713716,0.8141235142754202,NA,NA,ok
pinn100d_shallow300_medium_interval,single_cell,0,1.0,0,200,1,-0.9767008442562581,1.0102996945497789,0.01679942514676036,0.9935002694030185,1.987000538806037,interval,0.29329064116050324,0.5865812823210065,1.0,0.29329064116050324,NA,NA,ok
pinn100d_shallow300_medium_interval,single_cell,0,1.0,0,201,0,-1.09950069888472,1.1349408402969055,0.017720070706092717,1.1172207695908127,2.2344415391816255,interval,0.8065115457223337,1.6130230914446675,0.9319962481713716,0.8653592193152646,NA,NA,ok
pinn100d_shallow300_medium_interval,single_cell,0,1.0,0,201,1,-1.09950069888472,1.1349408402969055,0.017720070706092717,1.1172207695908127,2.2344415391816255,interval,0.33024348214164084,0.6604869642832817,1.0,0.33024348214164084,NA,NA,ok
pinn100d_shallow300_medium_interval,single_cell,0,1.0,0,202,0,-0.7951331280804159,0.8148313974508758,0.009849134685229965,0.8049822627656459,1.6099645255312918,interval,0.6667769999669,1.3335539999338,0.9319962481713716,0.7154288456366144,NA,NA,ok
pinn100d_shallow300_medium_interval,single_cell,0,1.0,0,202,1,-0.7951331280804159,0.8148313974508758,0.009849134685229965,0.8049822627656459,1.6099645255312918,interval,0.2259579335961155,0.451915867192231,1.0,0.2259579335961155,NA,NA,ok
pinn100d_shallow300_medium_interval,single_cell,0,1.0,0,203,0,-0.9291054457961191,0.8942568543418769,-0.01742429572712112,0.911681150068998,1.823362300137996,interval,0.7218332327560163,1.4436664655120326,0.9319962481713716,0.7745022945878732,NA,NA,ok
pinn100d_shallow300_medium_interval,single_cell,0,1.0,0,203,1,-0.9291054457961191,0.8942568543418769,-0.01742429572712112,0.911681150068998,1.823362300137996,interval,0.266578899388455,0.53315779877691,1.0,0.266578899388455,NA,NA,ok
pinn100d_shallow300_medium_interval,single_cell,0,1.0,0,204,0,-0.7641244024694368,0.7349866898999596,-0.014568856284738585,0.7495555461846982,1.4991110923693964,interval,0.634803288839437,1.269606577678874,0.9319962481713716,0.6811221505289923,NA,NA,ok
pinn100d_shallow300_medium_interval,single_cell,0,1.0,0,204,1,-0.7641244024694368,0.7349866898999596,-0.014568856284738585,0.7495555461846982,1.4991110923693964,interval,0.20704605933785514,0.4140921186757103,1.0,0.20704605933785514,NA,NA,ok
pinn100d_shallow300_medium_interval,single_cell,0,1.0,0,205,0,-1.0117373774449654,0.9756317416300795,-0.018052817907442953,0.9936845595375224,1.9873691190750449,interval,0.7588241749078044,1.5176483498156088,0.9319962481713716,0.8141923064568763,NA,NA,ok
pinn100d_shallow300_medium_interval,single_cell,0,1.0,0,205,1,-1.0117373774449654,0.9756317416300795,-0.018052817907442953,0.9936845595375224,1.9873691190750449,interval,0.29374553222135164,0.5874910644427033,1.0,0.29374553222135164,NA,NA,ok
pinn100d_shallow300_medium_interval,single_cell,0,1.0,0,206,0,-1.2710325117297012,1.3114418482049404,0.020204668237619572,1.2912371799673208,2.5824743599346416,interval,0.8593585171479842,1.7187170342959683,0.9319962481713716,0.9220622066173477,NA,NA,ok
pinn100d_shallow300_medium_interval,single_cell,0,1.0,0,206,1,-1.2710325117297012,1.3114418482049404,0.020204668237619572,1.2912371799673208,2.5824743599346416,interval,0.37380098020882946,0.7476019604176589,1.0,0.37380098020882946,NA,NA,ok
pinn100d_shallow300_medium_interval,single_cell,0,1.0,0,207,0,-1.3112708446293022,1.2772121752583019,-0.017029334685500164,1.294241509943802,2.588483019887604,interval,0.8601684943175822,1.7203369886351645,0.9319962481713716,0.9229312843321854,NA,NA,ok
pinn100d_shallow300_medium_interval,single_cell,0,1.0,0,207,1,-1.3112708446293022,1.2772121752583019,-0.017029334685500164,1.294241509943802,2.588483019887604,interval,0.37376365693276586,0.7475273138655317,1.0,0.37376365693276586,NA,NA,ok
pinn100d_shallow300_medium_interval,single_cell,0,1.0,0,208,0,-1.1651989100051083,1.2002604364732328,0.01753076323406222,1.1827296732391706,2.365459346478341,interval,0.8282304919900442,1.6564609839800883,0.9319962481713716,0.8886629035418098,NA,NA,ok
pinn100d_shallow300_medium_interval,single_cell,0,1.0,0,208,1,-1.1651989100051083,1.2002604364732328,0.01753076323406222,1.1827296732391706,2.365459346478341,interval,0.3475562148050939,0.6951124296101878,1.0,0.3475562148050939,NA,NA,ok
pinn100d_shallow300_medium_interval,single_cell,0,1.0,0,209,0,-1.198239351087613,1.2306822718446646,0.016221460378525787,1.2144608114661388,2.4289216229322776,interval,0.837946948397919,1.675893896795838,0.9319962481713716,0.8990883279219389,NA,NA,ok
pinn100d_shallow300_medium_interval,single_cell,0,1.0,0,209,1,-1.198239351087613,1.2306822718446646,0.016221460378525787,1.2144608114661388,2.4289216229322776,interval,0.3551366300474823,0.7102732600949646,1.0,0.3551366300474823,NA,NA,ok
pinn100d_shallow300_medium_interval,single_cell,0,1.0,0,210,0,-0.9228447532260018,0.9507075443892261,0.01393139558161216,0.936776148807614,1.873552297615228,interval,0.7336718087944889,1.4673436175889778,0.9319962481713716,0.7872046805274096,NA,NA,ok
pinn100d_shallow300_medium_interval,single_cell,0,1.0,0,210,1,-0.9228447532260018,0.9507075443892261,0.01393139558161216,0.936776148807614,1.873552297615228,interval,0.2738763761915111,0.5477527523830222,1.0,0.2738763761915111,NA,NA,ok
pinn100d_shallow300_medium_interval,single_cell,0,1.0,0,211,0,-1.321932019950464,1.284569394122059,-0.018681312914202497,1.3032507070362616,2.606501414072523,interval,0.8624805958471207,1.7249611916942413,0.9319962481713716,0.9254120899513871,NA,NA,ok
pinn100d_shallow300_medium_interval,single_cell,0,1.0,0,211,1,-1.321932019950464,1.284569394122059,-0.018681312914202497,1.3032507070362616,2.606501414072523,interval,0.37607306776507016,0.7521461355301403,1.0,0.37607306776507016,NA,NA,ok
pinn100d_shallow300_medium_interval,single_cell,0,1.0,0,212,0,-1.1136630602458562,1.0736732395863262,-0.01999491032976497,1.0936681499160912,2.1873362998321824,interval,0.7980972624876542,1.5961945249753084,0.9319962481713716,0.8563309820759101,NA,NA,ok
pinn100d_shallow300_medium_interval,single_cell,0,1.0,0,212,1,-1.1136630602458562,1.0736732395863262,-0.01999491032976497,1.0936681499160912,2.1873362998321824,interval,0.3242970616249836,0.6485941232499672,1.0,0.3242970616249836,NA,NA,ok
pinn100d_shallow300_medium_interval,single_cell,0,1.0,0,213,0,-1.397693525091098,1.3709670065547264,-0.013363259268185823,1.3843302658229122,2.7686605316458244,interval,0.8818822328733968,1.7637644657467937,0.9319962481713716,0.946229380862529,NA,NA,ok
pinn100d_shallow300_medium_interval,single_cell,0,1.0,0,213,1,-1.397693525091098,1.3709670065547264,-0.013363259268185823,1.3843302658229122,2.7686605316458244,interval,0.3914816006105234,0.7829632012210468,1.0,0.3914816006105234,NA,NA,ok
pinn100d_shallow300_medium_interval,single_cell,0,1.0,0,214,0,-0.6308511366333197,0.5817134666571074,-0.024568834988106136,0.6062823016452136,1.2125646032904271,interval,0.5412738541667765,1.082547708333553,0.9319962481713716,0.580768275868906,NA,NA,ok
pinn100d_shallow300_medium_interval,single_cell,0,1.0,0,214,1,-0.6308511366333197,0.5817134666571074,-0.024568834988106136,0.6062823016452136,1.2125646032904271,interval,0.15603821361353043,0.31207642722706086,1.0,0.15603821361353043,NA,NA,ok
pinn100d_shallow300_medium_interval,single_cell,0,1.0,0,215,0,-0.6750710083304652,0.6486981605886053,-0.013186423870929942,0.6618845844595352,1.3237691689190705,interval,0.57954930726608,1.15909861453216,0.9319962481713716,0.6218365239164727,NA,NA,ok
pinn100d_shallow300_medium_interval,single_cell,0,1.0,0,215,1,-0.6750710083304652,0.6486981605886053,-0.013186423870929942,0.6618845844595352,1.3237691689190705,interval,0.17305179269644722,0.34610358539289443,1.0,0.17305179269644722,NA,NA,ok
pinn100d_shallow300_medium_interval,single_cell,0,1.0,0,216,0,-1.2424597126868333,1.285783314865348,0.021661801089257304,1.2641215137760906,2.528243027552181,interval,0.8520869167139018,1.7041738334278036,0.9319962481713716,0.9142600288206564,NA,NA,ok
pinn100d_shallow300_medium_interval,single_cell,0,1.0,0,216,1,-1.2424597126868333,1.285783314865348,0.021661801089257304,1.2641215137760906,2.528243027552181,interval,0.36809759259862157,0.7361951851972431,1.0,0.36809759259862157,NA,NA,ok
pinn100d_shallow300_medium_interval,single_cell,0,1.0,0,217,0,-1.0176420196916929,0.9812025096472038,-0.018219755022244544,0.9994222646694484,1.9988445293388968,interval,0.7612451814013625,1.522490362802725,0.9319962481713716,0.8167899633662344,NA,NA,ok
pinn100d_shallow300_medium_interval,single_cell,0,1.0,0,217,1,-1.0176420196916929,0.9812025096472038,-0.018219755022244544,0.9994222646694484,1.9988445293388968,interval,0.2956069671477636,0.5912139342955272,1.0,0.2956069671477636,NA,NA,ok
pinn100d_shallow300_medium_interval,single_cell,0,1.0,0,218,0,-0.9798393779987575,1.0123201516079219,0.016240386804582174,0.9960797648033397,1.9921595296066794,interval,0.7598581568044667,1.5197163136089333,0.9319962481713716,0.8153017335588535,NA,NA,ok
pinn100d_shallow300_medium_interval,single_cell,0,1.0,0,218,1,-0.9798393779987575,1.0123201516079219,0.016240386804582174,0.9960797648033397,1.9921595296066794,interval,0.2939297401650445,0.587859480330089,1.0,0.2939297401650445,NA,NA,ok
pinn100d_shallow300_medium_interval,single_cell,0,1.0,0,219,0,-1.0508980722181285,1.0267112727541425,-0.012093399731992971,1.0388046724861355,2.077609344972271,interval,0.7773706233504556,1.5547412467009112,0.9319962481713716,0.8340920093570118,NA,NA,ok
pinn100d_shallow300_medium_interval,single_cell,0,1.0,0,219,1,-1.0508980722181285,1.0267112727541425,-0.012093399731992971,1.0388046724861355,2.077609344972271,interval,0.3058834284997655,0.611766856999531,1.0,0.3058834284997655,NA,NA,ok
pinn100d_shallow300_medium_interval,single_cell,0,1.0,0,220,0,-1.0276272819085597,0.9881549383021557,-0.019736171803201974,1.0078911101053576,2.015782220210715,interval,0.7647647301852281,1.5295294603704561,0.9319962481713716,0.820566318465057,NA,NA,ok
pinn100d_shallow300_medium_interval,single_cell,0,1.0,0,220,1,-1.0276272819085597,0.9881549383021557,-0.019736171803201974,1.0078911101053576,2.015782220210715,interval,0.29872969648748143,0.5974593929749629,1.0,0.29872969648748143,NA,NA,ok
pinn100d_shallow300_medium_interval,single_cell,0,1.0,0,221,0,-0.9182714052195694,0.9526902849630151,0.017209439871722854,0.9354808450912923,1.8709616901825845,interval,0.7330386073110371,1.4660772146220742,0.9319962481713716,0.7865252770591078,NA,NA,ok
pinn100d_shallow300_medium_interval,single_cell,0,1.0,0,221,1,-0.9182714052195694,0.9526902849630151,0.017209439871722854,0.9354808450912923,1.8709616901825845,interval,0.2745394461256135,0.549078892251227,1.0,0.2745394461256135,NA,NA,ok
pinn100d_shallow300_medium_interval,single_cell,0,1.0,0,222,0,-1.0931660046004659,1.1314416045523372,0.019137799975935676,1.1123038045764015,2.224607609152803,interval,0.8047714243766837,1.6095428487533674,0.9319962481713716,0.8634921288102714,NA,NA,ok
pinn100d_shallow300_medium_interval,single_cell,0,1.0,0,222,1,-1.0931660046004659,1.1314416045523372,0.019137799975935676,1.1123038045764015,2.224607609152803,interval,0.3292759210988318,0.6585518421976636,1.0,0.3292759210988318,NA,NA,ok
pinn100d_shallow300_medium_interval,single_cell,0,1.0,0,223,0,-0.7347884981061659,0.7031688277584787,-0.0158098351738436,0.7189786629323223,1.4379573258646445,interval,0.6161807360939711,1.2323614721879421,0.9319962481713716,0.6611407903228708,NA,NA,ok
pinn100d_shallow300_medium_interval,single_cell,0,1.0,0,223,1,-0.7347884981061659,0.7031688277584787,-0.0158098351738436,0.7189786629323223,1.4379573258646445,interval,0.19592934004425883,0.39185868008851765,1.0,0.19592934004425883,NA,NA,ok
pinn100d_shallow300_medium_interval,single_cell,0,1.0,0,224,0,-1.2999700704514805,1.2604818939852531,-0.019744088233113688,1.2802259822183668,2.5604519644367336,interval,0.8564561813723275,1.712912362744655,0.9319962481713716,0.9189480999014128,NA,NA,ok
pinn100d_shallow300_medium_interval,single_cell,0,1.0,0,224,1,-1.2999700704514805,1.2604818939852531,-0.019744088233113688,1.2802259822183668,2.5604519644367336,interval,0.3712767620511541,0.7425535241023082,1.0,0.3712767620511541,NA,NA,ok
pinn100d_shallow300_medium_interval,single_cell,0,1.0,0,225,0,-0.8019294265090882,0.837801627533995,0.017936100512453423,0.8198655270215416,1.6397310540430832,interval,0.6748784737557538,1.3497569475115077,0.9319962481713716,0.7241214490722498,NA,NA,ok
pinn100d_shallow300_medium_interval,single_cell,0,1.0,0,225,1,-0.8019294265090882,0.837801627533995,0.017936100512453423,0.8198655270215416,1.6397310540430832,interval,0.23436795226932694,0.4687359045386539,1.0,0.23436795226932694,NA,NA,ok
pinn100d_shallow300_medium_interval,single_cell,0,1.0,0,226,0,-1.0355052941917033,0.9968705997566256,-0.01931734721753886,1.0161879469741644,2.0323758939483287,interval,0.7681918443135693,1.5363836886271387,0.9319962481713716,0.8242434943496869,NA,NA,ok
pinn100d_shallow300_medium_interval,single_cell,0,1.0,0,226,1,-1.0355052941917033,0.9968705997566256,-0.01931734721753886,1.0161879469741644,2.0323758939483287,interval,0.3011709880446853,0.6023419760893706,1.0,0.3011709880446853,NA,NA,ok
pinn100d_shallow300_medium_interval,single_cell,0,1.0,0,227,0,-1.2227325622777168,1.2664926147953335,0.02188002625880836,1.2446125885365251,2.4892251770730502,interval,0.8466512894064633,1.6933025788129266,0.9319962481713716,0.9084277872015474,NA,NA,ok
pinn100d_shallow300_medium_interval,single_cell,0,1.0,0,227,1,-1.2227325622777168,1.2664926147953335,0.02188002625880836,1.2446125885365251,2.4892251770730502,interval,0.3636716119668499,0.7273432239336998,1.0,0.3636716119668499,NA,NA,ok
pinn100d_shallow300_medium_interval,single_cell,0,1.0,0,228,0,-0.9930624745502175,1.028424554536726,0.01768103999325432,1.0107435145434718,2.0214870290869436,interval,0.7659704281119591,1.5319408562239183,0.9319962481713716,0.8218599909761822,NA,NA,ok
pinn100d_shallow300_medium_interval,single_cell,0,1.0,0,228,1,-0.9930624745502175,1.028424554536726,0.01768103999325432,1.0107435145434718,2.0214870290869436,interval,0.29897766309344787,0.5979553261868957,1.0,0.29897766309344787,NA,NA,ok
pinn100d_shallow300_medium_interval,single_cell,0,1.0,0,229,0,-0.778224352240515,0.7634707519083999,-0.007376800166057573,0.7708475520744574,1.5416951041489149,interval,0.6474015533685031,1.2948031067370063,0.9319962481713716,0.6946396561560638,NA,NA,ok
pinn100d_shallow300_medium_interval,single_cell,0,1.0,0,229,1,-0.778224352240515,0.7634707519083999,-0.007376800166057573,0.7708475520744574,1.5416951041489149,interval,0.21234754866793204,0.4246950973358641,1.0,0.21234754866793204,NA,NA,ok
pinn100d_shallow300_medium_interval,single_cell,0,1.0,0,230,0,-1.4736909184242273,1.4349512883955997,-0.019369815014313785,1.4543211034099135,2.908642206819827,interval,0.8964780016272622,1.7929560032545244,0.9319962481713716,0.9618901399938056,NA,NA,ok
pinn100d_shallow300_medium_interval,single_cell,0,1.0,0,230,1,-1.4736909184242273,1.4349512883955997,-0.019369815014313785,1.4543211034099135,2.908642206819827,interval,0.40525132035880546,0.8105026407176109,1.0,0.40525132035880546,NA,NA,ok
pinn100d_shallow300_medium_interval,single_cell,0,1.0,0,231,0,-0.9741772249753827,1.0156090479613669,0.020715911492992067,0.9948931364683749,1.9897862729367497,interval,0.7593031115465589,1.5186062230931179,0.9319962481713716,0.8147061890392304,NA,NA,ok
pinn100d_shallow300_medium_interval,single_cell,0,1.0,0,231,1,-0.9741772249753827,1.0156090479613669,0.020715911492992067,0.9948931364683749,1.9897862729367497,interval,0.29496731563828993,0.5899346312765799,1.0,0.29496731563828993,NA,NA,ok
pinn100d_shallow300_medium_interval,single_cell,0,1.0,0,232,0,-0.9915097879699296,1.0315020359202351,0.01999612397515277,1.0115059119450824,2.023011823890165,interval,0.7662577104113392,1.5325154208226783,0.9319962481713716,0.8221682350275329,NA,NA,ok
pinn100d_shallow300_medium_interval,single_cell,0,1.0,0,232,1,-0.9915097879699296,1.0315020359202351,0.01999612397515277,1.0115059119450824,2.023011823890165,interval,0.2999329128856286,0.5998658257712572,1.0,0.2999329128856286,NA,NA,ok
pinn100d_shallow300_medium_interval,single_cell,0,1.0,0,233,0,-1.08080947479655,1.0470137954558827,-0.016897839670333648,1.0639116351262163,2.1278232702524327,interval,0.7870708786771334,1.5741417573542669,0.9319962481713716,0.8445000505328323,NA,NA,ok
pinn100d_shallow300_medium_interval,single_cell,0,1.0,0,233,1,-1.08080947479655,1.0470137954558827,-0.016897839670333648,1.0639116351262163,2.1278232702524327,interval,0.3148203998560853,0.6296407997121706,1.0,0.3148203998560853,NA,NA,ok
pinn100d_shallow300_medium_interval,single_cell,0,1.0,0,234,0,-0.9553499690208583,0.9911598413697275,0.01790493617443456,0.9732549051952929,1.9465098103905858,interval,0.7500259863213763,1.5000519726427526,0.9319962481713716,0.804752151945857,NA,NA,ok
pinn100d_shallow300_medium_interval,single_cell,0,1.0,0,234,1,-0.9553499690208583,0.9911598413697275,0.01790493617443456,0.9732549051952929,1.9465098103905858,interval,0.2871731986340159,0.5743463972680318,1.0,0.2871731986340159,NA,NA,ok
pinn100d_shallow300_medium_interval,single_cell,0,1.0,0,235,0,-0.9690273603532125,1.0071673197752011,0.019069979710994334,0.9880973400642068,1.9761946801284136,interval,0.756432205374689,1.512864410749378,0.9319962481713716,0.8116258052098932,NA,NA,ok
pinn100d_shallow300_medium_interval,single_cell,0,1.0,0,235,1,-0.9690273603532125,1.0071673197752011,0.019069979710994334,0.9880973400642068,1.9761946801284136,interval,0.2922972930370976,0.5845945860741952,1.0,0.2922972930370976,NA,NA,ok
pinn100d_shallow300_medium_interval,single_cell,0,1.0,0,236,0,-1.1558838037706325,1.1917587708387827,0.017937483534075094,1.1738212873047076,2.347642574609415,interval,0.8254087168793831,1.6508174337587662,0.9319962481713716,0.885635235655595,NA,NA,ok
pinn100d_shallow300_medium_interval,single_cell,0,1.0,0,236,1,-1.1558838037706325,1.1917587708387827,0.017937483534075094,1.1738212873047076,2.347642574609415,interval,0.34538316546999365,0.6907663309399873,1.0,0.34538316546999365,NA,NA,ok
pinn100d_shallow300_medium_interval,single_cell,0,1.0,0,237,0,-0.9032024251467428,0.9272904688323389,0.01204402184279807,0.9152464469895408,1.8304928939790817,interval,0.7235908672194047,1.4471817344388094,0.9319962481713716,0.7763881760673716,NA,NA,ok
pinn100d_shallow300_medium_interval,single_cell,0,1.0,0,237,1,-0.9032024251467428,0.9272904688323389,0.01204402184279807,0.9152464469895408,1.8304928939790817,interval,0.26595975466700533,0.5319195093340107,1.0,0.26595975466700533,NA,NA,ok
pinn100d_shallow300_medium_interval,single_cell,0,1.0,0,238,0,-1.2475163628525585,1.297087234801867,0.024785435974654213,1.2723017988272127,2.5446035976544255,interval,0.8542785771854895,1.708557154370979,0.9319962481713716,0.9166116053166861,NA,NA,ok
pinn100d_shallow300_medium_interval,single_cell,0,1.0,0,238,1,-1.2475163628525585,1.297087234801867,0.024785435974654213,1.2723017988272127,2.5446035976544255,interval,0.37063590348916114,0.7412718069783223,1.0,0.37063590348916114,NA,NA,ok
pinn100d_shallow300_medium_interval,single_cell,0,1.0,0,239,0,-0.9472028721092913,0.9617653086795486,0.007281218285128621,0.95448409039442,1.90896818078884,interval,0.7417886814323581,1.4835773628647162,0.9319962481713716,0.7959138063997454,NA,NA,ok
pinn100d_shallow300_medium_interval,single_cell,0,1.0,0,239,1,-0.9472028721092913,0.9617653086795486,0.007281218285128621,0.95448409039442,1.90896818078884,interval,0.27755962526177946,0.5551192505235589,1.0,0.27755962526177946,NA,NA,ok
pinn100d_shallow300_medium_interval,single_cell,0,1.0,0,240,0,-1.1390201794660135,1.1757004326923166,0.01834012661315154,1.157360306079165,2.31472061215833,interval,0.8200874592669462,1.6401749185338923,0.9319962481713716,0.8799257087955057,NA,NA,ok
pinn100d_shallow300_medium_interval,single_cell,0,1.0,0,240,1,-1.1390201794660135,1.1757004326923166,0.01834012661315154,1.157360306079165,2.31472061215833,interval,0.34121318898571984,0.6824263779714397,1.0,0.34121318898571984,NA,NA,ok
pinn100d_shallow300_medium_interval,single_cell,0,1.0,0,241,0,-0.80342181434636,0.8305734264130719,0.013575806033355953,0.8169976203797159,1.6339952407594318,interval,0.6733645988279076,1.3467291976558151,0.9319962481713716,0.7224971132116532,NA,NA,ok
pinn100d_shallow300_medium_interval,single_cell,0,1.0,0,241,1,-0.80342181434636,0.8305734264130719,0.013575806033355953,0.8169976203797159,1.6339952407594318,interval,0.2317332834599305,0.463466566919861,1.0,0.2317332834599305,NA,NA,ok
pinn100d_shallow300_medium_interval,single_cell,0,1.0,0,242,0,-0.8216464738019208,0.8370838065220393,0.007718666360059245,0.82936514016198,1.65873028032396,interval,0.680113192950857,1.360226385901714,0.9319962481713716,0.7297381231794408,NA,NA,ok
pinn100d_shallow300_medium_interval,single_cell,0,1.0,0,242,1,-0.8216464738019208,0.8370838065220393,0.007718666360059245,0.82936514016198,1.65873028032396,interval,0.23410680642078796,0.4682136128415759,1.0,0.23410680642078796,NA,NA,ok
pinn100d_shallow300_medium_interval,single_cell,0,1.0,0,243,0,-1.0947451042886664,1.1262257894330194,0.01574034257217649,1.110485446860843,2.220970893721686,interval,0.804163543656955,1.60832708731391,0.9319962481713716,0.8628398936527572,NA,NA,ok
pinn100d_shallow300_medium_interval,single_cell,0,1.0,0,243,1,-1.0947451042886664,1.1262257894330194,0.01574034257217649,1.110485446860843,2.220970893721686,interval,0.3278261437909269,0.6556522875818538,1.0,0.3278261437909269,NA,NA,ok
pinn100d_shallow300_medium_interval,single_cell,0,1.0,0,244,0,-1.3579344396070399,1.401979835836499,0.022022698114729566,1.3799571377217694,2.759914275443539,interval,0.8808459842054002,1.7616919684108003,0.9319962481713716,0.9451175215926769,NA,NA,ok
pinn100d_shallow300_medium_interval,single_cell,0,1.0,0,244,1,-1.3579344396070399,1.401979835836499,0.022022698114729566,1.3799571377217694,2.759914275443539,interval,0.3923020813160433,0.7846041626320867,1.0,0.3923020813160433,NA,NA,ok
pinn100d_shallow300_medium_interval,single_cell,0,1.0,0,245,0,-1.075784461901336,1.0586892018922316,-0.008547630004552165,1.0672368318967838,2.1344736637935675,interval,0.7883961245671858,1.5767922491343715,0.9319962481713716,0.8459219939072317,NA,NA,ok
pinn100d_shallow300_medium_interval,single_cell,0,1.0,0,245,1,-1.075784461901336,1.0586892018922316,-0.008547630004552165,1.0672368318967838,2.1344736637935675,interval,0.31333949692570723,0.6266789938514145,1.0,0.31333949692570723,NA,NA,ok
pinn100d_shallow300_medium_interval,single_cell,0,1.0,0,246,0,-0.8996611244567158,0.9223465961082323,0.011342735825758288,0.911003860282474,1.822007720564948,interval,0.7215692309844932,1.4431384619689864,0.9319962481713716,0.7742190297442206,NA,NA,ok
pinn100d_shallow300_medium_interval,single_cell,0,1.0,0,246,1,-0.8996611244567158,0.9223465961082323,0.011342735825758288,0.911003860282474,1.822007720564948,interval,0.2642685975413804,0.5285371950827608,1.0,0.2642685975413804,NA,NA,ok
pinn100d_shallow300_medium_interval,single_cell,0,1.0,0,247,0,-0.8285968972008306,0.819679600921353,-0.004458648139738841,0.8241382490610918,1.6482764981221836,interval,0.67730866863177,1.35461733726354,0.9319962481713716,0.7267289648007567,NA,NA,ok
pinn100d_shallow300_medium_interval,single_cell,0,1.0,0,247,1,-0.8285968972008306,0.819679600921353,-0.004458648139738841,0.8241382490610918,1.6482764981221836,interval,0.23101092194822404,0.46202184389644807,1.0,0.23101092194822404,NA,NA,ok
pinn100d_shallow300_medium_interval,single_cell,0,1.0,0,248,0,-0.9630373114550294,0.9343823587700507,-0.01432747634248932,0.94870983511254,1.89741967022508,interval,0.7391295833538607,1.4782591667077214,0.9319962481713716,0.7930606853880302,NA,NA,ok
pinn100d_shallow300_medium_interval,single_cell,0,1.0,0,248,1,-0.9630373114550294,0.9343823587700507,-0.01432747634248932,0.94870983511254,1.89741967022508,interval,0.277981009150684,0.555962018301368,1.0,0.277981009150684,NA,NA,ok
pinn100d_shallow300_medium_interval,single_cell,0,1.0,0,249,0,-0.8971474300455687,0.9299772734367956,0.016414921695613427,0.9135623517411822,1.8271247034823643,interval,0.7227446821664513,1.4454893643329025,0.9319962481713716,0.7754802485358889,NA,NA,ok
pinn100d_shallow300_medium_interval,single_cell,0,1.0,0,249,1,-0.8971474300455687,0.9299772734367956,0.016414921695613427,0.9135623517411822,1.8271247034823643,interval,0.26687597916056977,0.5337519583211395,1.0,0.26687597916056977,NA,NA,ok
pinn100d_shallow300_medium_interval,single_cell,0,1.0,0,250,0,-0.7261210591057341,0.7589229120372532,0.016400926465759524,0.7425219855714936,1.4850439711429873,interval,0.6305643065146452,1.2611286130292905,0.9319962481713716,0.6765738679225881,NA,NA,ok
pinn100d_shallow300_medium_interval,single_cell,0,1.0,0,250,1,-0.7261210591057341,0.7589229120372532,0.016400926465759524,0.7425219855714936,1.4850439711429873,interval,0.20508303938985106,0.4101660787797021,1.0,0.20508303938985106,NA,NA,ok
pinn100d_shallow300_medium_interval,single_cell,0,1.0,0,251,0,-0.63648666478885,0.6638130918043738,0.013663213507761895,0.6501498782966119,1.3002997565932237,interval,0.5716990146421077,1.1433980292842154,0.9319962481713716,0.6134134292534041,NA,NA,ok
pinn100d_shallow300_medium_interval,single_cell,0,1.0,0,251,1,-0.63648666478885,0.6638130918043738,0.013663213507761895,0.6501498782966119,1.3002997565932237,interval,0.16871974057148242,0.33743948114296485,1.0,0.16871974057148242,NA,NA,ok
pinn100d_shallow300_medium_interval,single_cell,0,1.0,0,252,0,-1.0954772645448596,1.134105751171441,0.01931424331329068,1.1147915078581503,2.2295830157163006,interval,0.8056441661058092,1.6112883322116185,0.9319962481713716,0.8644285507441987,NA,NA,ok
pinn100d_shallow300_medium_interval,single_cell,0,1.0,0,252,1,-1.0954772645448596,1.134105751171441,0.01931424331329068,1.1147915078581503,2.2295830157163006,interval,0.3300129452993124,0.6600258905986248,1.0,0.3300129452993124,NA,NA,ok
pinn100d_shallow300_medium_interval,single_cell,0,1.0,0,253,0,-0.7874311842140019,0.822751261165814,0.017660038475906026,0.805091222689908,1.610182445379816,interval,0.6667579495812916,1.3335158991625833,0.9319962481713716,0.7154084052264242,NA,NA,ok
pinn100d_shallow300_medium_interval,single_cell,0,1.0,0,253,1,-0.7874311842140019,0.822751261165814,0.017660038475906026,0.805091222689908,1.610182445379816,interval,0.228869797367434,0.457739594734868,1.0,0.228869797367434,NA,NA,ok
pinn100d_shallow300_medium_interval,single_cell,0,1.0,0,254,0,-0.9847557236564188,1.0201811473465006,0.017712711845040863,1.0024684355014597,2.0049368710029194,interval,0.7625287820926692,1.5250575641853383,0.9319962481713716,0.8181672228711145,NA,NA,ok
pinn100d_shallow300_medium_interval,single_cell,0,1.0,0,254,1,-0.9847557236564188,1.0201811473465006,0.017712711845040863,1.0024684355014597,2.0049368710029194,interval,0.2964040388903658,0.5928080777807316,1.0,0.2964040388903658,NA,NA,ok
pinn100d_shallow300_medium_interval,single_cell,0,1.0,0,255,0,-1.288565530322774,1.2507822038897218,-0.018891663216526133,1.269673867106248,2.539347734212496,interval,0.8536266105409407,1.7072532210818814,0.9319962481713716,0.9159120674743095,NA,NA,ok
pinn100d_shallow300_medium_interval,single_cell,0,1.0,0,255,1,-1.288565530322774,1.2507822038897218,-0.018891663216526133,1.269673867106248,2.539347734212496,interval,0.36872611188030885,0.7374522237606177,1.0,0.36872611188030885,NA,NA,ok
pinn100d_shallow300_medium_interval,single_cell,0,1.0,0,256,0,-0.8345849622272772,0.8628897940747233,0.014152415923723072,0.8487373781510003,1.6974747563020005,interval,0.6903369060260611,1.3806738120521223,0.9319962481713716,0.7407078165610006,NA,NA,ok
pinn100d_shallow300_medium_interval,single_cell,0,1.0,0,256,1,-0.8345849622272772,0.8628897940747233,0.014152415923723072,0.8487373781510003,1.6974747563020005,interval,0.24342304734780995,0.4868460946956199,1.0,0.24342304734780995,NA,NA,ok
pinn100d_shallow300_medium_interval,single_cell,0,1.0,0,257,0,-0.6351214718940507,0.5726601313824508,-0.031230670255799953,0.6038908016382507,1.2077816032765014,interval,0.5394394391054169,1.0788788782108338,0.9319962481713716,0.5788000114419205,NA,NA,ok
pinn100d_shallow300_medium_interval,single_cell,0,1.0,0,257,1,-0.6351214718940507,0.5726601313824508,-0.031230670255799953,0.6038908016382507,1.2077816032765014,interval,0.15767968336803823,0.31535936673607645,1.0,0.15767968336803823,NA,NA,ok
pinn100d_shallow300_medium_interval,single_cell,0,1.0,0,258,0,-0.999812516182559,0.9675624413404639,-0.01612503742104754,0.9836874787615114,1.9673749575230228,interval,0.7545732857848453,1.5091465715696906,0.9319962481713716,0.8096312482645289,NA,NA,ok
pinn100d_shallow300_medium_interval,single_cell,0,1.0,0,258,1,-0.999812516182559,0.9675624413404639,-0.01612503742104754,0.9836874787615114,1.9673749575230228,interval,0.2899528570309791,0.5799057140619582,1.0,0.2899528570309791,NA,NA,ok
pinn100d_shallow300_medium_interval,single_cell,0,1.0,0,259,0,-0.8697080952856973,0.8389415568536382,-0.015383269216029505,0.8543248260696678,1.7086496521393355,interval,0.6932369126003877,1.3864738252007753,0.9319962481713716,0.743819424123817,NA,NA,ok
pinn100d_shallow300_medium_interval,single_cell,0,1.0,0,259,1,-0.8697080952856973,0.8389415568536382,-0.015383269216029505,0.8543248260696678,1.7086496521393355,interval,0.24585880517855296,0.4917176103571059,1.0,0.24585880517855296,NA,NA,ok
pinn100d_shallow300_medium_interval,single_cell,0,1.0,0,260,0,-0.838165694995407,0.825208349668195,-0.006478672663606022,0.831687022331801,1.663374044663602,interval,0.6813654959253415,1.362730991850683,0.9319962481713716,0.7310818013079112,NA,NA,ok
pinn100d_shallow300_medium_interval,single_cell,0,1.0,0,260,1,-0.838165694995407,0.825208349668195,-0.006478672663606022,0.831687022331801,1.663374044663602,interval,0.2345003588320943,0.4690007176641886,1.0,0.2345003588320943,NA,NA,ok
pinn100d_shallow300_medium_interval,single_cell,0,1.0,0,261,0,-0.8336237521159587,0.8706092838418998,0.01849276586297055,0.8521165179789293,1.7042330359578586,interval,0.6920502769718595,1.384100553943719,0.9319962481713716,0.7425462048046874,NA,NA,ok
pinn100d_shallow300_medium_interval,single_cell,0,1.0,0,261,1,-0.8336237521159587,0.8706092838418998,0.01849276586297055,0.8521165179789293,1.7042330359578586,interval,0.24617990929141698,0.49235981858283395,1.0,0.24617990929141698,NA,NA,ok
pinn100d_shallow300_medium_interval,single_cell,0,1.0,0,262,0,-0.9956755857415509,0.9684535524140818,-0.013611016663734543,0.9820645690778164,1.9641291381556327,interval,0.753897974549621,1.507795949099242,0.9319962481713716,0.8089066624772479,NA,NA,ok
pinn100d_shallow300_medium_interval,single_cell,0,1.0,0,262,1,-0.9956755857415509,0.9684535524140818,-0.013611016663734543,0.9820645690778164,1.9641291381556327,interval,0.2886267636052713,0.5772535272105426,1.0,0.2886267636052713,NA,NA,ok
pinn100d_shallow300_medium_interval,single_cell,0,1.0,0,263,0,-1.0209221961890607,1.0532642598531714,0.01617103183205537,1.037093228021116,2.074186456042232,interval,0.7766570413339962,1.5533140826679923,0.9319962481713716,0.8333263603344331,NA,NA,ok
pinn100d_shallow300_medium_interval,single_cell,0,1.0,0,263,1,-1.0209221961890607,1.0532642598531714,0.01617103183205537,1.037093228021116,2.074186456042232,interval,0.30660103344906114,0.6132020668981223,1.0,0.30660103344906114,NA,NA,ok
pinn100d_shallow300_medium_interval,single_cell,0,1.0,0,264,0,-0.7417572625689902,0.76670716980087,0.012474953615939866,0.7542322161849301,1.5084644323698602,interval,0.6376081659023431,1.2752163318046863,0.9319962481713716,0.6841316873896925,NA,NA,ok
pinn100d_shallow300_medium_interval,single_cell,0,1.0,0,264,1,-0.7417572625689902,0.76670716980087,0.012474953615939866,0.7542322161849301,1.5084644323698602,interval,0.20801936766531537,0.41603873533063074,1.0,0.20801936766531537,NA,NA,ok
pinn100d_shallow300_medium_interval,single_cell,0,1.0,0,265,0,-0.8885673887593574,0.8568782922249835,-0.015844548267186953,0.8727228404921704,1.7454456809843408,interval,0.702665604185817,1.405331208371634,0.9319962481713716,0.7539360867219004,NA,NA,ok
pinn100d_shallow300_medium_interval,single_cell,0,1.0,0,265,1,-0.8885673887593574,0.8568782922249835,-0.015844548267186953,0.8727228404921704,1.7454456809843408,interval,0.25253688066400265,0.5050737613280053,1.0,0.25253688066400265,NA,NA,ok
pinn100d_shallow300_medium_interval,single_cell,0,1.0,0,266,0,-1.0979394401052625,1.0589211186241403,-0.019509160740561082,1.0784302793647014,2.1568605587294027,interval,0.7925041151146257,1.5850082302292514,0.9319962481713716,0.8503297268305133,NA,NA,ok
pinn100d_shallow300_medium_interval,single_cell,0,1.0,0,266,1,-1.0979394401052625,1.0589211186241403,-0.019509160740561082,1.0784302793647014,2.1568605587294027,interval,0.31980614464730556,0.6396122892946111,1.0,0.31980614464730556,NA,NA,ok
pinn100d_shallow300_medium_interval,single_cell,0,1.0,0,267,0,-0.9212656338216744,0.9528695879992138,0.015801977088769736,0.9370676109104441,1.8741352218208882,interval,0.7337875103139531,1.4675750206279061,0.9319962481713716,0.7873288242883862,NA,NA,ok
pinn100d_shallow300_medium_interval,single_cell,0,1.0,0,267,1,-0.9212656338216744,0.9528695879992138,0.015801977088769736,0.9370676109104441,1.8741352218208882,interval,0.2745993522977662,0.5491987045955324,1.0,0.2745993522977662,NA,NA,ok
pinn100d_shallow300_medium_interval,single_cell,0,1.0,0,268,0,-0.8940710602099512,0.8588320503931356,-0.0176195049084078,0.8764515553015434,1.7529031106030868,interval,0.7045270570195337,1.4090541140390673,0.9319962481713716,0.7559333617510315,NA,NA,ok
pinn100d_shallow300_medium_interval,single_cell,0,1.0,0,268,1,-0.8940710602099512,0.8588320503931356,-0.0176195049084078,0.8764515553015434,1.7529031106030868,interval,0.2544688439870598,0.5089376879741196,1.0,0.2544688439870598,NA,NA,ok
pinn100d_shallow300_medium_interval,single_cell,0,1.0,0,269,0,-0.8629278062752651,0.8343272647993648,-0.01430027073795015,0.848627535537315,1.69725507107463,interval,0.6902778922371247,1.3805557844742493,0.9319962481713716,0.7406444967900764,NA,NA,ok
pinn100d_shallow300_medium_interval,single_cell,0,1.0,0,269,1,-0.8629278062752651,0.8343272647993648,-0.01430027073795015,0.848627535537315,1.69725507107463,interval,0.24343665743937826,0.4868733148787565,1.0,0.24343665743937826,NA,NA,ok
pinn100d_shallow300_medium_interval,single_cell,0,1.0,0,270,0,-0.9706774538813653,1.00311566976285,0.016219107940742383,0.9868965618221077,1.9737931236442154,interval,0.7559506965773626,1.5119013931547252,0.9319962481713716,0.8111091627896355,NA,NA,ok
pinn100d_shallow300_medium_interval,single_cell,0,1.0,0,270,1,-0.9706774538813653,1.00311566976285,0.016219107940742383,0.9868965618221077,1.9737931236442154,interval,0.2910078659199701,0.5820157318399402,1.0,0.2910078659199701,NA,NA,ok
pinn100d_shallow300_medium_interval,single_cell,0,1.0,0,271,0,-0.9732209605163529,0.9367859559488059,-0.0182175022837735,0.9550034582325794,1.9100069164651587,interval,0.7419291876701919,1.4838583753403838,0.9319962481713716,0.7960645647725494,NA,NA,ok
pinn100d_shallow300_medium_interval,single_cell,0,1.0,0,271,1,-0.9732209605163529,0.9367859559488059,-0.0182175022837735,0.9550034582325794,1.9100069164651587,interval,0.28133723320683734,0.5626744664136747,1.0,0.28133723320683734,NA,NA,ok
pinn100d_shallow300_medium_interval,single_cell,0,1.0,0,272,0,-0.9651068342533383,0.9988666288565112,0.016879897301586455,0.9819867315549248,1.9639734631098495,interval,0.7538319469369148,1.5076638938738296,0.9319962481713716,0.8088358171140441,NA,NA,ok
pinn100d_shallow300_medium_interval,single_cell,0,1.0,0,272,1,-0.9651068342533383,0.9988666288565112,0.016879897301586455,0.9819867315549248,1.9639734631098495,interval,0.28965012088428127,0.5793002417685625,1.0,0.28965012088428127,NA,NA,ok
pinn100d_shallow300_medium_interval,single_cell,0,1.0,0,273,0,-0.8018194571083688,0.7795301587031831,-0.011144649202592838,0.7906748079057759,1.5813496158115519,interval,0.6587448325890022,1.3174896651780044,0.9319962481713716,0.706810605602218,NA,NA,ok
pinn100d_shallow300_medium_interval,single_cell,0,1.0,0,273,1,-0.8018194571083688,0.7795301587031831,-0.011144649202592838,0.7906748079057759,1.5813496158115519,interval,0.22114755925244545,0.4422951185048909,1.0,0.22114755925244545,NA,NA,ok
pinn100d_shallow300_medium_interval,single_cell,0,1.0,0,274,0,-1.3704733539073404,1.4030091777593325,0.01626791192599608,1.3867412658333365,2.773482531666673,interval,0.8824001925062456,1.7648003850124911,0.9319962481713716,0.9467851337787719,NA,NA,ok
pinn100d_shallow300_medium_interval,single_cell,0,1.0,0,274,1,-1.3704733539073404,1.4030091777593325,0.01626791192599608,1.3867412658333365,2.773482531666673,interval,0.3924983181923667,0.7849966363847334,1.0,0.3924983181923667,NA,NA,ok
pinn100d_shallow300_medium_interval,single_cell,0,1.0,0,275,0,-1.0543222479141343,1.0201728471958658,-0.017074700359134276,1.037247547555,2.07449509511,interval,0.7767090072997833,1.5534180145995666,0.9319962481713716,0.8333821180329101,NA,NA,ok
pinn100d_shallow300_medium_interval,single_cell,0,1.0,0,275,1,-1.0543222479141343,1.0201728471958658,-0.017074700359134276,1.037247547555,2.07449509511,interval,0.30692130640613546,0.6138426128122709,1.0,0.30692130640613546,NA,NA,ok
pinn100d_shallow300_medium_interval,single_cell,0,1.0,0,276,0,-1.125487268448763,1.1656844838811944,0.020098607716215744,1.1455858761649786,2.2911717523299573,interval,0.8161764595161093,1.6323529190322186,0.9319962481713716,0.875729340238754,NA,NA,ok
pinn100d_shallow300_medium_interval,single_cell,0,1.0,0,276,1,-1.125487268448763,1.1656844838811944,0.020098607716215744,1.1455858761649786,2.2911717523299573,interval,0.3385688675823769,0.6771377351647538,1.0,0.3385688675823769,NA,NA,ok
pinn100d_shallow300_medium_interval,single_cell,0,1.0,0,277,0,-1.1043859523878046,1.142637937807702,0.019125992709948747,1.1235119450977533,2.2470238901955066,interval,0.8086846995446106,1.6173693990892213,0.9319962481713716,0.8676909388114973,NA,NA,ok
pinn100d_shallow300_medium_interval,single_cell,0,1.0,0,277,1,-1.1043859523878046,1.142637937807702,0.019125992709948747,1.1235119450977533,2.2470238901955066,interval,0.33235741957262144,0.6647148391452429,1.0,0.33235741957262144,NA,NA,ok
pinn100d_shallow300_medium_interval,single_cell,0,1.0,0,278,0,-0.7530154612851289,0.7784502098291964,0.012717374272033788,0.7657328355571626,1.5314656711143253,interval,0.6443803780842384,1.2887607561684769,0.9319962481713716,0.6913980387244568,NA,NA,ok
pinn100d_shallow300_medium_interval,single_cell,0,1.0,0,278,1,-0.7530154612851289,0.7784502098291964,0.012717374272033788,0.7657328355571626,1.5314656711143253,interval,0.21243222279884333,0.42486444559768666,1.0,0.21243222279884333,NA,NA,ok
pinn100d_shallow300_medium_interval,single_cell,0,1.0,0,279,0,-0.9664557004775319,0.9399092435870481,-0.013273228445241925,0.95318247203229,1.90636494406458,interval,0.7411615940183135,1.482323188036627,0.9319962481713716,0.7952409631181603,NA,NA,ok
pinn100d_shallow300_medium_interval,single_cell,0,1.0,0,279,1,-0.9664557004775319,0.9399092435870481,-0.013273228445241925,0.95318247203229,1.90636494406458,interval,0.27911105909809497,0.5582221181961899,1.0,0.27911105909809497,NA,NA,ok
pinn100d_shallow300_medium_interval,single_cell,0,1.0,0,280,0,-1.121841329562469,1.0845588312120331,-0.018641249175217922,1.103200080387251,2.206400160774502,interval,0.8015460041794957,1.6030920083589915,0.9319962481713716,0.8600313635941921,NA,NA,ok
pinn100d_shallow300_medium_interval,single_cell,0,1.0,0,280,1,-1.121841329562469,1.0845588312120331,-0.018641249175217922,1.103200080387251,2.206400160774502,interval,0.3266004404752712,0.6532008809505424,1.0,0.3266004404752712,NA,NA,ok
pinn100d_shallow300_medium_interval,single_cell,0,1.0,0,281,0,-0.7251348527214967,0.7587825851372445,0.016823866207873905,0.7419587189293706,1.4839174378587412,interval,0.6302195981176367,1.2604391962352735,0.9319962481713716,0.6762040076386172,NA,NA,ok
pinn100d_shallow300_medium_interval,single_cell,0,1.0,0,281,1,-0.7251348527214967,0.7587825851372445,0.016823866207873905,0.7419587189293706,1.4839174378587412,interval,0.20503002893763023,0.41006005787526045,1.0,0.20503002893763023,NA,NA,ok
pinn100d_shallow300_medium_interval,single_cell,0,1.0,0,282,0,-1.5402310170390952,1.5057766624553988,-0.017227177291848195,1.523003839747247,3.046007679494494,interval,0.909172936965028,1.818345873930056,0.9319962481713716,0.9755113700820961,NA,NA,ok
pinn100d_shallow300_medium_interval,single_cell,0,1.0,0,282,1,-1.5402310170390952,1.5057766624553988,-0.017227177291848195,1.523003839747247,3.046007679494494,interval,0.4160171851100182,0.8320343702200363,1.0,0.4160171851100182,NA,NA,ok
pinn100d_shallow300_medium_interval,single_cell,0,1.0,0,283,0,-0.8267574423081064,0.7934742831840175,-0.016641579562044484,0.810115862746062,1.620231725492124,interval,0.6695518859624171,1.3391037719248342,0.9319962481713716,0.7184062031109193,NA,NA,ok
pinn100d_shallow300_medium_interval,single_cell,0,1.0,0,283,1,-0.8267574423081064,0.7934742831840175,-0.016641579562044484,0.810115862746062,1.620231725492124,interval,0.23033792786576274,0.4606758557315255,1.0,0.23033792786576274,NA,NA,ok
pinn100d_shallow300_medium_interval,single_cell,0,1.0,0,284,0,-0.8807211491905231,0.9069751074714278,0.013126979140452355,0.8938481283309755,1.787696256661951,interval,0.7132288219578495,1.426457643915699,0.9319962481713716,0.7652700569956629,NA,NA,ok
pinn100d_shallow300_medium_interval,single_cell,0,1.0,0,284,1,-0.8807211491905231,0.9069751074714278,0.013126979140452355,0.8938481283309755,1.787696256661951,interval,0.2589676592488249,0.5179353184976498,1.0,0.2589676592488249,NA,NA,ok
pinn100d_shallow300_medium_interval,single_cell,0,1.0,0,285,0,-0.9136703395627072,0.9488611758931845,0.017595418165238685,0.9312657577279458,1.8625315154558917,interval,0.7310781447349803,1.4621562894699607,0.9319962481713716,0.7844217679732041,NA,NA,ok
pinn100d_shallow300_medium_interval,single_cell,0,1.0,0,285,1,-0.9136703395627072,0.9488611758931845,0.017595418165238685,0.9312657577279458,1.8625315154558917,interval,0.2732578834949018,0.5465157669898036,1.0,0.2732578834949018,NA,NA,ok
pinn100d_shallow300_medium_interval,single_cell,0,1.0,0,286,0,-1.3222298401611523,1.281014428317464,-0.020607705921844133,1.3016221342393082,2.6032442684786163,interval,0.8620461729655207,1.7240923459310413,0.9319962481713716,0.9249459691033125,NA,NA,ok
pinn100d_shallow300_medium_interval,single_cell,0,1.0,0,286,1,-1.3222298401611523,1.281014428317464,-0.020607705921844133,1.3016221342393082,2.6032442684786163,interval,0.3761370717892764,0.7522741435785528,1.0,0.3761370717892764,NA,NA,ok
pinn100d_shallow300_medium_interval,single_cell,0,1.0,0,287,0,-1.0082309842020036,1.048218791399595,0.019993903598795715,1.0282248878007993,2.0564497756015987,interval,0.7730711214778007,1.5461422429556013,0.9319962481713716,0.8294787913520136,NA,NA,ok
pinn100d_shallow300_medium_interval,single_cell,0,1.0,0,287,1,-1.0082309842020036,1.048218791399595,0.019993903598795715,1.0282248878007993,2.0564497756015987,interval,0.3050686785231899,0.6101373570463798,1.0,0.3050686785231899,NA,NA,ok
pinn100d_shallow300_medium_interval,single_cell,0,1.0,0,288,0,-0.9609248528732857,0.9933100955407534,0.016192621333733892,0.9771174742070196,1.954234948414039,interval,0.7517296689193206,1.5034593378386412,0.9319962481713716,0.8065801449246774,NA,NA,ok
pinn100d_shallow300_medium_interval,single_cell,0,1.0,0,288,1,-0.9609248528732857,0.9933100955407534,0.016192621333733892,0.9771174742070196,1.954234948414039,interval,0.28786612485259233,0.5757322497051847,1.0,0.28786612485259233,NA,NA,ok
pinn100d_shallow300_medium_interval,single_cell,0,1.0,0,289,0,-1.2578650512751823,1.2187445857963908,-0.019560232739395778,1.2383048185357866,2.476609637071573,interval,0.8448789586605285,1.689757917321057,0.9319962481713716,0.9065261371150667,NA,NA,ok
pinn100d_shallow300_medium_interval,single_cell,0,1.0,0,289,1,-1.2578650512751823,1.2187445857963908,-0.019560232739395778,1.2383048185357866,2.476609637071573,interval,0.3616533996562892,0.7233067993125784,1.0,0.3616533996562892,NA,NA,ok
pinn100d_shallow300_medium_interval,single_cell,0,1.0,0,290,0,-1.2209164590474622,1.2650042904501948,0.022043915701366323,1.2429603747488285,2.485920749497657,interval,0.8461810925933617,1.6923621851867234,0.9319962481713716,0.907923282152279,NA,NA,ok
pinn100d_shallow300_medium_interval,single_cell,0,1.0,0,290,1,-1.2209164590474622,1.2650042904501948,0.022043915701366323,1.2429603747488285,2.485920749497657,interval,0.3633251692820505,0.726650338564101,1.0,0.3633251692820505,NA,NA,ok
pinn100d_shallow300_medium_interval,single_cell,0,1.0,0,291,0,-0.8933386502203349,0.9310906530126257,0.018876001396145425,0.9122146516164803,1.8244293032329606,interval,0.7220704150169062,1.4441408300338123,0.9319962481713716,0.7747567830167218,NA,NA,ok
pinn100d_shallow300_medium_interval,single_cell,0,1.0,0,291,1,-0.8933386502203349,0.9310906530126257,0.018876001396145425,0.9122146516164803,1.8244293032329606,interval,0.26725505914430636,0.5345101182886127,1.0,0.26725505914430636,NA,NA,ok
pinn100d_shallow300_medium_interval,single_cell,0,1.0,0,292,0,-0.8645810082391747,0.8388811245143484,-0.012849941862413172,0.8517310663767615,1.703462132753523,interval,0.6919131901678273,1.3838263803356545,0.9319962481713716,0.7423991153670407,NA,NA,ok
pinn100d_shallow300_medium_interval,single_cell,0,1.0,0,292,1,-0.8645810082391747,0.8388811245143484,-0.012849941862413172,0.8517310663767615,1.703462132753523,interval,0.24402824771483522,0.48805649542967044,1.0,0.24402824771483522,NA,NA,ok
pinn100d_shallow300_medium_interval,single_cell,0,1.0,0,293,0,-0.7696583947245352,0.7436963641755314,-0.012981015274501906,0.7566773794500333,1.5133547589000667,interval,0.6390519973962911,1.2781039947925823,0.9319962481713716,0.6856808690487184,NA,NA,ok
pinn100d_shallow300_medium_interval,single_cell,0,1.0,0,293,1,-0.7696583947245352,0.7436963641755314,-0.012981015274501906,0.7566773794500333,1.5133547589000667,interval,0.20913034386681462,0.41826068773362923,1.0,0.20913034386681462,NA,NA,ok
pinn100d_shallow300_medium_interval,single_cell,0,1.0,0,294,0,-1.034379581810341,1.0680421053694114,0.0168312617795352,1.0512108435898762,2.1024216871797523,interval,0.7821906687174249,1.5643813374348499,0.9319962481713716,0.8392637526729603,NA,NA,ok
pinn100d_shallow300_medium_interval,single_cell,0,1.0,0,294,1,-1.034379581810341,1.0680421053694114,0.0168312617795352,1.0512108435898762,2.1024216871797523,interval,0.3110415446724509,0.6220830893449018,1.0,0.3110415446724509,NA,NA,ok
pinn100d_shallow300_medium_interval,single_cell,0,1.0,0,295,0,-1.4165490101664338,1.4487144266980425,0.01608270826580438,1.4326317184322381,2.8652634368644763,interval,0.8921575827142894,1.7843151654285787,0.9319962481713716,0.9572544787221537,NA,NA,ok
pinn100d_shallow300_medium_interval,single_cell,0,1.0,0,295,1,-1.4165490101664338,1.4487144266980425,0.01608270826580438,1.4326317184322381,2.8652634368644763,interval,0.4009049453219005,0.801809890643801,1.0,0.4009049453219005,NA,NA,ok
pinn100d_shallow300_medium_interval,single_cell,0,1.0,0,296,0,-0.7369816136118259,0.7101516754046739,-0.01341496910357598,0.7235666445082499,1.4471332890164998,interval,0.6190449976261072,1.2380899952522144,0.9319962481713716,0.6642140446817333,NA,NA,ok
pinn100d_shallow300_medium_interval,single_cell,0,1.0,0,296,1,-0.7369816136118259,0.7101516754046739,-0.01341496910357598,0.7235666445082499,1.4471332890164998,interval,0.19676397393240463,0.39352794786480927,1.0,0.19676397393240463,NA,NA,ok
pinn100d_shallow300_medium_interval,single_cell,0,1.0,0,297,0,-0.9825135379376003,1.0138240898880804,0.015655275975240024,0.9981688139128404,1.9963376278256808,interval,0.7607455026573765,1.521491005314753,0.9319962481713716,0.816253825216573,NA,NA,ok
pinn100d_shallow300_medium_interval,single_cell,0,1.0,0,297,1,-0.9825135379376003,1.0138240898880804,0.015655275975240024,0.9981688139128404,1.9963376278256808,interval,0.2944046231149402,0.5888092462298804,1.0,0.2944046231149402,NA,NA,ok
pinn100d_shallow300_medium_interval,single_cell,0,1.0,0,298,0,-0.8332058737903768,0.854855836494384,0.010824981352003604,0.8440308551423804,1.6880617102847608,interval,0.6878957105502226,1.3757914211004452,0.9319962481713716,0.7380884975662855,NA,NA,ok
pinn100d_shallow300_medium_interval,single_cell,0,1.0,0,298,1,-0.8332058737903768,0.854855836494384,0.010824981352003604,0.8440308551423804,1.6880617102847608,interval,0.24053893071877808,0.48107786143755615,1.0,0.24053893071877808,NA,NA,ok
pinn100d_shallow300_medium_interval,single_cell,0,1.0,0,299,0,-0.7428390480563722,0.7269071605470814,-0.007965943754645433,0.7348731043017268,1.4697462086034536,interval,0.6260134598050827,1.2520269196101654,0.9319962481713716,0.6716909655305543,NA,NA,ok
pinn100d_shallow300_medium_interval,single_cell,0,1.0,0,299,1,-0.7428390480563722,0.7269071605470814,-0.007965943754645433,0.7348731043017268,1.4697462086034536,interval,0.19899051961512126,0.39798103923024253,1.0,0.19899051961512126,NA,NA,ok
