run_id,split_id,cell_id,cell_weight,layer,neuron,derivative_order,preactivation_lower,preactivation_upper,preactivation_midpoint,preactivation_radius,preactivation_width,approximation_kind,approximation_error_radius,approximation_error_diameter,activation_scale,normalized_approximation_radius,noise_symbol_id,shared_noise_group,status
pinn100d_shallow300_medium_affine_pz_topk96_symbolic,single_cell,0,1.0,0,0,0,-0.8000887741224202,0.7908767282671686,-0.004606022927625797,0.7954827511947944,1.5909655023895888,affine,0.04776087567042881,0.09552175134085762,0.9319962481713715,0.051245781047014195,eta_l0_n0_r0,NA,ok
pinn100d_shallow300_medium_affine_pz_topk96_symbolic,single_cell,0,1.0,0,0,1,-0.8000887741224202,0.7908767282671686,-0.004606022927625797,0.7954827511947944,1.5909655023895888,affine,0.21878416980543125,0.4375683396108625,1.0,0.21878416980543125,eta_l0_n0_r1,NA,ok
pinn100d_shallow300_medium_affine_pz_topk96_symbolic,single_cell,0,1.0,0,1,0,-0.6668101129690581,0.6933849725568156,0.013287429793878758,0.6800975427629369,1.3601950855258738,affine,0.032203781618758816,0.06440756323751763,0.9319962481713715,0.034553552851682,eta_l0_n1_r0,NA,ok
pinn100d_shallow300_medium_affine_pz_topk96_symbolic,single_cell,0,1.0,0,1,1,-0.6668101129690581,0.6933849725568156,0.013287429793878758,0.6800975427629369,1.3601950855258738,affine,0.17491064771605164,0.3498212954321033,1.0,0.17491064771605164,eta_l0_n1_r1,NA,ok
pinn100d_shallow300_medium_affine_pz_topk96_symbolic,single_cell,0,1.0,0,2,0,-0.8409685245821178,0.8705015267430377,0.01476650108045996,0.8557350256625778,1.7114700513251555,affine,0.05704981128360182,0.11409962256720364,0.9319962481713715,0.06121249028151854,eta_l0_n2_r0,NA,ok
pinn100d_shallow300_medium_affine_pz_topk96_symbolic,single_cell,0,1.0,0,2,1,-0.8409685245821178,0.8705015267430377,0.01476650108045996,0.8557350256625778,1.7114700513251555,affine,0.2407577465691454,0.4815154931382908,1.0,0.2407577465691454,eta_l0_n2_r1,NA,ok
pinn100d_shallow300_medium_affine_pz_topk96_symbolic,single_cell,0,1.0,0,3,0,-0.8131646470132093,0.8461858474217637,0.016510600204277193,0.8296752472174865,1.659350494434973,affine,0.05297381165009602,0.10594762330019204,0.9319962481713715,0.056839082511365886,eta_l0_n3_r0,NA,ok
pinn100d_shallow300_medium_affine_pz_topk96_symbolic,single_cell,0,1.0,0,3,1,-0.8131646470132093,0.8461858474217637,0.016510600204277193,0.8296752472174865,1.659350494434973,affine,0.23128307788642288,0.46256615577284577,1.0,0.23128307788642288,eta_l0_n3_r1,NA,ok
pinn100d_shallow300_medium_affine_pz_topk96_symbolic,single_cell,0,1.0,0,4,0,-1.0376263596207114,1.0010137091612128,-0.018306325229749287,1.019320034390962,2.038640068781924,affine,0.08534503477820339,0.17069006955640678,0.9319962481713715,0.09157229435811046,eta_l0_n4_r0,NA,ok
pinn100d_shallow300_medium_affine_pz_topk96_symbolic,single_cell,0,1.0,0,4,1,-1.0376263596207114,1.0010137091612128,-0.018306325229749287,1.019320034390962,2.038640068781924,affine,0.2959936114346802,0.5919872228693605,1.0,0.2959936114346802,eta_l0_n4_r1,NA,ok
pinn100d_shallow300_medium_affine_pz_topk96_symbolic,single_cell,0,1.0,0,5,0,-0.8652278170806447,0.8877201689912209,0.011246175955288096,0.8764739930359328,1.7529479860718655,affine,0.06037470341247909,0.12074940682495817,0.9319962481713715,0.06477998546768575,eta_l0_n5_r0,NA,ok
pinn100d_shallow300_medium_affine_pz_topk96_symbolic,single_cell,0,1.0,0,5,1,-0.8652278170806447,0.8877201689912209,0.011246175955288096,0.8764739930359328,1.7529479860718655,affine,0.24820832817273963,0.49641665634547927,1.0,0.24820832817273963,eta_l0_n5_r1,NA,ok
pinn100d_shallow300_medium_affine_pz_topk96_symbolic,single_cell,0,1.0,0,6,0,-0.8002253266309622,0.829648498761181,0.014711586065109361,0.8149369126960716,1.6298738253921432,affine,0.05070909200326985,0.1014181840065397,0.9319962481713715,0.05440911602676932,eta_l0_n6_r0,NA,ok
pinn100d_shallow300_medium_affine_pz_topk96_symbolic,single_cell,0,1.0,0,6,1,-0.8002253266309622,0.829648498761181,0.014711586065109361,0.8149369126960716,1.6298738253921432,affine,0.22589998281650625,0.4517999656330125,1.0,0.22589998281650625,eta_l0_n6_r1,NA,ok
pinn100d_shallow300_medium_affine_pz_topk96_symbolic,single_cell,0,1.0,0,7,0,-0.6724065457781009,0.693292462113097,0.010442958167498073,0.682849503945599,1.365699007891198,affine,0.03252624948541378,0.06505249897082756,0.9319962481713715,0.034899549809596433,eta_l0_n7_r0,NA,ok
pinn100d_shallow300_medium_affine_pz_topk96_symbolic,single_cell,0,1.0,0,7,1,-0.6724065457781009,0.693292462113097,0.010442958167498073,0.682849503945599,1.365699007891198,affine,0.17599713778830367,0.35199427557660734,1.0,0.17599713778830367,eta_l0_n7_r1,NA,ok
pinn100d_shallow300_medium_affine_pz_topk96_symbolic,single_cell,0,1.0,0,8,0,-1.306841361512731,1.2669144201791418,-0.019963470666794603,1.2868778908459364,2.573755781691873,affine,0.13821186086084938,0.27642372172169877,0.9319962481713715,0.1482965850259899,eta_l0_n8_r0,NA,ok
pinn100d_shallow300_medium_affine_pz_topk96_symbolic,single_cell,0,1.0,0,8,1,-1.306841361512731,1.2669144201791418,-0.019963470666794603,1.2868778908459364,2.573755781691873,affine,0.3682178238498487,0.7364356476996974,1.0,0.3682178238498487,eta_l0_n8_r1,NA,ok
pinn100d_shallow300_medium_affine_pz_topk96_symbolic,single_cell,0,1.0,0,9,0,-0.8395677251243508,0.8685446340190673,0.014488454447358246,0.8540561795717091,1.7081123591434182,affine,0.056781076836971985,0.11356215367394397,0.9319962481713715,0.06092414743984176,eta_l0_n9_r0,NA,ok
pinn100d_shallow300_medium_affine_pz_topk96_symbolic,single_cell,0,1.0,0,9,1,-0.8395677251243508,0.8685446340190673,0.014488454447358246,0.8540561795717091,1.7081123591434182,affine,0.24015713034047748,0.48031426068095495,1.0,0.24015713034047748,eta_l0_n9_r1,NA,ok
pinn100d_shallow300_medium_affine_pz_topk96_symbolic,single_cell,0,1.0,0,10,0,-0.8080868528523598,0.7839032216460967,-0.01209181560313155,0.7959950372492283,1.5919900744984565,affine,0.04786198015530158,0.09572396031060317,0.9319962481713715,0.05135426269065938,eta_l0_n10_r0,NA,ok
pinn100d_shallow300_medium_affine_pz_topk96_symbolic,single_cell,0,1.0,0,10,1,-0.8080868528523598,0.7839032216460967,-0.01209181560313155,0.7959950372492283,1.5919900744984565,affine,0.21891895411782564,0.4378379082356513,1.0,0.21891895411782564,eta_l0_n10_r1,NA,ok
pinn100d_shallow300_medium_affine_pz_topk96_symbolic,single_cell,0,1.0,0,11,0,-0.7982094929703909,0.8217535642036393,0.01177203561662421,0.8099815285870151,1.6199630571740302,affine,0.049945300875641425,0.09989060175128285,0.9319962481713715,0.05358959435044603,eta_l0_n11_r0,NA,ok
pinn100d_shallow300_medium_affine_pz_topk96_symbolic,single_cell,0,1.0,0,11,1,-0.7982094929703909,0.8217535642036393,0.01177203561662421,0.8099815285870151,1.6199630571740302,affine,0.22410676447470157,0.44821352894940314,1.0,0.22410676447470157,eta_l0_n11_r1,NA,ok
pinn100d_shallow300_medium_affine_pz_topk96_symbolic,single_cell,0,1.0,0,12,0,-0.906774438074293,0.9399477281012678,0.01658664501348739,0.9233610830877804,1.8467221661755608,affine,0.06823703003790989,0.13647406007581978,0.9319962481713715,0.07321599220146512,eta_l0_n12_r0,NA,ok
pinn100d_shallow300_medium_affine_pz_topk96_symbolic,single_cell,0,1.0,0,12,1,-0.906774438074293,0.9399477281012678,0.01658664501348739,0.9233610830877804,1.8467221661755608,affine,0.2644950169656779,0.5289900339313558,1.0,0.2644950169656779,eta_l0_n12_r1,NA,ok
pinn100d_shallow300_medium_affine_pz_topk96_symbolic,single_cell,0,1.0,0,13,0,-0.931364154693545,0.8930929315848278,-0.01913561155435861,0.9122285431391864,1.8244570862783729,affine,0.06636055767389427,0.13272111534778855,0.9319962481713715,0.07120260173160287,eta_l0_n13_r0,NA,ok
pinn100d_shallow300_medium_affine_pz_topk96_symbolic,single_cell,0,1.0,0,13,1,-0.931364154693545,0.8930929315848278,-0.01913561155435861,0.9122285431391864,1.8244570862783729,affine,0.2606246761987212,0.5212493523974424,1.0,0.2606246761987212,eta_l0_n13_r1,NA,ok
pinn100d_shallow300_medium_affine_pz_topk96_symbolic,single_cell,0,1.0,0,14,0,-1.2211529111329582,1.2547055639860074,0.0167763264265246,1.2379292375594828,2.4758584751189656,affine,0.1281480288819092,0.2562960577638184,0.9319962481713715,0.1374984385756303,eta_l0_n14_r0,NA,ok
pinn100d_shallow300_medium_affine_pz_topk96_symbolic,single_cell,0,1.0,0,14,1,-1.2211529111329582,1.2547055639860074,0.0167763264265246,1.2379292375594828,2.4758584751189656,affine,0.35680199089624876,0.7136039817924975,1.0,0.35680199089624876,eta_l0_n14_r1,NA,ok
pinn100d_shallow300_medium_affine_pz_topk96_symbolic,single_cell,0,1.0,0,15,0,-0.858538760091075,0.829128620847134,-0.01470506962197049,0.8438336904691045,1.687667380938209,affine,0.055167049976694256,0.11033409995338851,0.9319962481713715,0.059192351991689963,eta_l0_n15_r0,NA,ok
pinn100d_shallow300_medium_affine_pz_topk96_symbolic,single_cell,0,1.0,0,15,1,-0.858538760091075,0.829128620847134,-0.01470506962197049,0.8438336904691045,1.687667380938209,affine,0.2364612101423731,0.4729224202847462,1.0,0.2364612101423731,eta_l0_n15_r1,NA,ok
pinn100d_shallow300_medium_affine_pz_topk96_symbolic,single_cell,0,1.0,0,16,0,-1.5135272447646497,1.5437531980141883,0.015112976624769292,1.528640221389419,3.057280442778838,affine,0.18859813104338555,0.3771962620867711,0.9319962481713715,0.20235932431426154,eta_l0_n16_r0,NA,ok
pinn100d_shallow300_medium_affine_pz_topk96_symbolic,single_cell,0,1.0,0,16,1,-1.5135272447646497,1.5437531980141883,0.015112976624769292,1.528640221389419,3.057280442778838,affine,0.41417314403421934,0.8283462880684387,1.0,0.41417314403421934,eta_l0_n16_r1,NA,ok
pinn100d_shallow300_medium_affine_pz_topk96_symbolic,single_cell,0,1.0,0,17,0,-0.9249747098227338,0.8972162631509849,-0.013879223335874435,0.9110954864868593,1.8221909729737187,affine,0.06613657047259132,0.13227314094518264,0.9319962481713715,0.07096227114900404,eta_l0_n17_r0,NA,ok
pinn100d_shallow300_medium_affine_pz_topk96_symbolic,single_cell,0,1.0,0,17,1,-0.9249747098227338,0.8972162631509849,-0.013879223335874435,0.9110954864868593,1.8221909729737187,affine,0.2603096831220119,0.5206193662440238,1.0,0.2603096831220119,eta_l0_n17_r1,NA,ok
pinn100d_shallow300_medium_affine_pz_topk96_symbolic,single_cell,0,1.0,0,18,0,-1.6733730976128967,1.6691489651366265,-0.0021120662381350908,1.6712610313747616,3.342522062749523,affine,0.2180433724141755,0.436086744828351,0.9319962481713715,0.23395305811797928,eta_l0_n18_r0,NA,ok
pinn100d_shallow300_medium_affine_pz_topk96_symbolic,single_cell,0,1.0,0,18,1,-1.6733730976128967,1.6691489651366265,-0.0021120662381350908,1.6712610313747616,3.342522062749523,affine,0.4340486250718861,0.8680972501437721,1.0,0.4340486250718861,eta_l0_n18_r1,NA,ok
pinn100d_shallow300_medium_affine_pz_topk96_symbolic,single_cell,0,1.0,0,19,0,-0.9806865471881266,0.9462170674146505,-0.01723473988673807,0.9634518073013886,1.9269036146027771,affine,0.07522189449895324,0.15044378899790647,0.9319962481713715,0.08071051213622671,eta_l0_n19_r0,NA,ok
pinn100d_shallow300_medium_affine_pz_topk96_symbolic,single_cell,0,1.0,0,19,1,-0.9806865471881266,0.9462170674146505,-0.01723473988673807,0.9634518073013886,1.9269036146027771,affine,0.277989649600464,0.555979299200928,1.0,0.277989649600464,eta_l0_n19_r1,NA,ok
pinn100d_shallow300_medium_affine_pz_topk96_symbolic,single_cell,0,1.0,0,20,0,-0.8770094683630917,0.84103632101463,-0.017986573674230844,0.8590228946888608,1.7180457893777217,affine,0.05759508702140571,0.11519017404281141,0.9319962481713715,0.061797552441236185,eta_l0_n20_r0,NA,ok
pinn100d_shallow300_medium_affine_pz_topk96_symbolic,single_cell,0,1.0,0,20,1,-0.8770094683630917,0.84103632101463,-0.017986573674230844,0.8590228946888608,1.7180457893777217,affine,0.2418920890071064,0.4837841780142128,1.0,0.2418920890071064,eta_l0_n20_r1,NA,ok
pinn100d_shallow300_medium_affine_pz_topk96_symbolic,single_cell,0,1.0,0,21,0,-0.9711358295108821,0.9996589259075808,0.01426154819834935,0.9853973777092314,1.9707947554184628,affine,0.07912843252686426,0.15825686505372852,0.9319962481713715,0.08490209341734867,eta_l0_n21_r0,NA,ok
pinn100d_shallow300_medium_affine_pz_topk96_symbolic,single_cell,0,1.0,0,21,1,-0.9711358295108821,0.9996589259075808,0.01426154819834935,0.9853973777092314,1.9707947554184628,affine,0.2852222128166809,0.5704444256333618,1.0,0.2852222128166809,eta_l0_n21_r1,NA,ok
pinn100d_shallow300_medium_affine_pz_topk96_symbolic,single_cell,0,1.0,0,22,0,-1.0915414624371893,1.1306988296348472,0.019578683598828972,1.1111201460360183,2.2222402920720365,affine,0.10280415066198174,0.2056083013239635,0.9319962481713715,0.1103053267260348,eta_l0_n22_r0,NA,ok
pinn100d_shallow300_medium_affine_pz_topk96_symbolic,single_cell,0,1.0,0,22,1,-1.0915414624371893,1.1306988296348472,0.019578683598828972,1.1111201460360183,2.2222402920720365,affine,0.32342725517235416,0.6468545103447083,1.0,0.32342725517235416,eta_l0_n22_r1,NA,ok
pinn100d_shallow300_medium_affine_pz_topk96_symbolic,single_cell,0,1.0,0,23,0,-1.0995505666712748,1.068345283359666,-0.015602641655804383,1.0839479250154704,2.167895850030941,affine,0.09752239534692254,0.1950447906938451,0.9319962481713715,0.10463818447581405,eta_l0_n23_r0,NA,ok
pinn100d_shallow300_medium_affine_pz_topk96_symbolic,single_cell,0,1.0,0,23,1,-1.0995505666712748,1.068345283359666,-0.015602641655804383,1.0839479250154704,2.167895850030941,affine,0.3156441037740703,0.6312882075481406,1.0,0.3156441037740703,eta_l0_n23_r1,NA,ok
pinn100d_shallow300_medium_affine_pz_topk96_symbolic,single_cell,0,1.0,0,24,0,-1.2523324641820424,1.2922888533963237,0.019978194607140676,1.272310658789183,2.544621317578366,affine,0.13521015581349047,0.27042031162698094,0.9319962481713715,0.14507585849061122,eta_l0_n24_r0,NA,ok
pinn100d_shallow300_medium_affine_pz_topk96_symbolic,single_cell,0,1.0,0,24,1,-1.2523324641820424,1.2922888533963237,0.019978194607140676,1.272310658789183,2.544621317578366,affine,0.3648891411432009,0.7297782822864018,1.0,0.3648891411432009,eta_l0_n24_r1,NA,ok
pinn100d_shallow300_medium_affine_pz_topk96_symbolic,single_cell,0,1.0,0,25,0,-1.2223185723825791,1.1844726444174873,-0.018922963982545893,1.2033956084000332,2.4067912168000665,affine,0.12114127036711338,0.24228254073422675,0.9319962481713715,0.12998042707231847,eta_l0_n25_r0,NA,ok
pinn100d_shallow300_medium_affine_pz_topk96_symbolic,single_cell,0,1.0,0,25,1,-1.2223185723825791,1.1844726444174873,-0.018922963982545893,1.2033956084000332,2.4067912168000665,affine,0.3482249401892906,0.6964498803785812,1.0,0.3482249401892906,eta_l0_n25_r1,NA,ok
pinn100d_shallow300_medium_affine_pz_topk96_symbolic,single_cell,0,1.0,0,26,0,-1.076035332101526,1.0349918026899472,-0.02052176470578937,1.0555135673957365,2.111027134791473,affine,0.09212749605465377,0.18425499210930754,0.9319962481713715,0.09884964261971338,eta_l0_n26_r0,NA,ok
pinn100d_shallow300_medium_affine_pz_topk96_symbolic,single_cell,0,1.0,0,26,1,-1.076035332101526,1.0349918026899472,-0.02052176470578937,1.0555135673957365,2.111027134791473,affine,0.30710974875608243,0.6142194975121649,1.0,0.30710974875608243,eta_l0_n26_r1,NA,ok
pinn100d_shallow300_medium_affine_pz_topk96_symbolic,single_cell,0,1.0,0,27,0,-1.0765750272011247,1.0932061682436134,0.00831557052124432,1.084890597722369,2.169781195444738,affine,0.09767678010090204,0.19535356020180408,0.9319962481713715,0.10480383402030782,eta_l0_n27_r0,NA,ok
pinn100d_shallow300_medium_affine_pz_topk96_symbolic,single_cell,0,1.0,0,27,1,-1.0765750272011247,1.0932061682436134,0.00831557052124432,1.084890597722369,2.169781195444738,affine,0.315989484240928,0.631978968481856,1.0,0.315989484240928,eta_l0_n27_r1,NA,ok
pinn100d_shallow300_medium_affine_pz_topk96_symbolic,single_cell,0,1.0,0,28,0,-0.8349571475513465,0.8610004970616331,0.013021674755143264,0.8479788223064898,1.6959576446129796,affine,0.055810473951034785,0.11162094790206957,0.9319962481713715,0.059882723842009065,eta_l0_n28_r0,NA,ok
pinn100d_shallow300_medium_affine_pz_topk96_symbolic,single_cell,0,1.0,0,28,1,-0.8349571475513465,0.8610004970616331,0.013021674755143264,0.8479788223064898,1.6959576446129796,affine,0.23798244361387216,0.4759648872277443,1.0,0.23798244361387216,eta_l0_n28_r1,NA,ok
pinn100d_shallow300_medium_affine_pz_topk96_symbolic,single_cell,0,1.0,0,29,0,-1.191499282547206,1.2302241779957939,0.019362447724293963,1.2108617302715,2.421723460543,affine,0.1226544191509072,0.2453088383018144,0.9319962481713715,0.13160398380525887,eta_l0_n29_r0,NA,ok
pinn100d_shallow300_medium_affine_pz_topk96_symbolic,single_cell,0,1.0,0,29,1,-1.191499282547206,1.2302241779957939,0.019362447724293963,1.2108617302715,2.421723460543,affine,0.3501010164013204,0.7002020328026408,1.0,0.3501010164013204,eta_l0_n29_r1,NA,ok
pinn100d_shallow300_medium_affine_pz_topk96_symbolic,single_cell,0,1.0,0,30,0,-0.7475100832928717,0.7212093167911565,-0.0131503832508576,0.7343597000420141,1.4687194000840282,affine,0.03916738782673008,0.07833477565346016,0.9319962481713715,0.042025263410210796,eta_l0_n30_r0,NA,ok
pinn100d_shallow300_medium_affine_pz_topk96_symbolic,single_cell,0,1.0,0,30,1,-0.7475100832928717,0.7212093167911565,-0.0131503832508576,0.7343597000420141,1.4687194000840282,affine,0.19569049953193574,0.39138099906387147,1.0,0.19569049953193574,eta_l0_n30_r1,NA,ok
pinn100d_shallow300_medium_affine_pz_topk96_symbolic,single_cell,0,1.0,0,31,0,-1.0033698976233738,0.9680875531177247,-0.017641172252824577,0.9857287253705492,1.9714574507410985,affine,0.07920689094127416,0.15841378188254832,0.9319962481713715,0.08498627660431304,eta_l0_n31_r0,NA,ok
pinn100d_shallow300_medium_affine_pz_topk96_symbolic,single_cell,0,1.0,0,31,1,-1.0033698976233738,0.9680875531177247,-0.017641172252824577,0.9857287253705492,1.9714574507410985,affine,0.2852835771335912,0.5705671542671824,1.0,0.2852835771335912,eta_l0_n31_r1,NA,ok
pinn100d_shallow300_medium_affine_pz_topk96_symbolic,single_cell,0,1.0,0,32,0,-1.2946227610182182,1.2514994629324607,-0.021561649042878717,1.2730611119753394,2.546122223950679,affine,0.1353723538326648,0.2707447076653296,0.9319962481713715,0.1452498914006069,eta_l0_n32_r0,NA,ok
pinn100d_shallow300_medium_affine_pz_topk96_symbolic,single_cell,0,1.0,0,32,1,-1.2946227610182182,1.2514994629324607,-0.021561649042878717,1.2730611119753394,2.546122223950679,affine,0.3650408857692888,0.7300817715385776,1.0,0.3650408857692888,eta_l0_n32_r1,NA,ok
pinn100d_shallow300_medium_affine_pz_topk96_symbolic,single_cell,0,1.0,0,33,0,-0.8320043509056442,0.8630198990126959,0.01550777405352588,0.84751212495917,1.69502424991834,affine,0.05575080421097712,0.11150160842195424,0.9319962481713715,0.05981870025803569,eta_l0_n33_r0,NA,ok
pinn100d_shallow300_medium_affine_pz_topk96_symbolic,single_cell,0,1.0,0,33,1,-0.8320043509056442,0.8630198990126959,0.01550777405352588,0.84751212495917,1.69502424991834,affine,0.23778197001319706,0.4755639400263941,1.0,0.23778197001319706,eta_l0_n33_r1,NA,ok
pinn100d_shallow300_medium_affine_pz_topk96_symbolic,single_cell,0,1.0,0,34,0,-0.9062201538536022,0.9391835025457022,0.016481674346049968,0.9227018281996522,1.8454036563993044,affine,0.06812369722603763,0.13624739445207526,0.9319962481713715,0.07309438998247055,eta_l0_n34_r0,NA,ok
pinn100d_shallow300_medium_affine_pz_topk96_symbolic,single_cell,0,1.0,0,34,1,-0.9062201538536022,0.9391835025457022,0.016481674346049968,0.9227018281996522,1.8454036563993044,affine,0.26427067826313716,0.5285413565262743,1.0,0.26427067826313716,eta_l0_n34_r1,NA,ok
pinn100d_shallow300_medium_affine_pz_topk96_symbolic,single_cell,0,1.0,0,35,0,-0.9404150670737785,0.9548630677126784,0.007224000319449919,0.9476390673932285,1.895278134786457,affine,0.07239481230028884,0.14478962460057768,0.9319962481713715,0.07767714992665635,eta_l0_n35_r0,NA,ok
pinn100d_shallow300_medium_affine_pz_topk96_symbolic,single_cell,0,1.0,0,35,1,-0.9404150670737785,0.9548630677126784,0.007224000319449919,0.9476390673932285,1.895278134786457,affine,0.27282519963288465,0.5456503992657693,1.0,0.27282519963288465,eta_l0_n35_r1,NA,ok
pinn100d_shallow300_medium_affine_pz_topk96_symbolic,single_cell,0,1.0,0,36,0,-1.2437303274076266,1.2791681800370145,0.01771892631469396,1.2614492537223205,2.522898507444641,affine,0.1329675800582422,0.2659351601164844,0.9319962481713715,0.1426696516419803,eta_l0_n36_r0,NA,ok
pinn100d_shallow300_medium_affine_pz_topk96_symbolic,single_cell,0,1.0,0,36,1,-1.2437303274076266,1.2791681800370145,0.01771892631469396,1.2614492537223205,2.522898507444641,affine,0.36239116506943936,0.7247823301388787,1.0,0.36239116506943936,eta_l0_n36_r1,NA,ok
pinn100d_shallow300_medium_affine_pz_topk96_symbolic,single_cell,0,1.0,0,37,0,-1.1019913101592176,1.1337401489755885,0.01587441940818546,1.117865729567403,2.235731459134806,affine,0.10410160451057877,0.20820320902115755,0.9319962481713715,0.11169745019342289,eta_l0_n37_r0,NA,ok
pinn100d_shallow300_medium_affine_pz_topk96_symbolic,single_cell,0,1.0,0,37,1,-1.1019913101592176,1.1337401489755885,0.01587441940818546,1.117865729567403,2.235731459134806,affine,0.3253861193108082,0.6507722386216164,1.0,0.3253861193108082,eta_l0_n37_r1,NA,ok
pinn100d_shallow300_medium_affine_pz_topk96_symbolic,single_cell,0,1.0,0,38,0,-0.7748642347846233,0.7429797929158597,-0.0159422209343818,0.7589220138502415,1.517844027700483,affine,0.04255388603436006,0.08510777206872013,0.9319962481713715,0.04565885980534058,eta_l0_n38_r0,NA,ok
pinn100d_shallow300_medium_affine_pz_topk96_symbolic,single_cell,0,1.0,0,38,1,-0.7748642347846233,0.7429797929158597,-0.0159422209343818,0.7589220138502415,1.517844027700483,affine,0.20497042177762226,0.4099408435552445,1.0,0.20497042177762226,eta_l0_n38_r1,NA,ok
pinn100d_shallow300_medium_affine_pz_topk96_symbolic,single_cell,0,1.0,0,39,0,-1.0441939899867645,1.0106362591533826,-0.016778865416690936,1.0274151245700736,2.054830249140147,affine,0.08683626610744645,0.1736725322148929,0.9319962481713715,0.09317233441424688,eta_l0_n39_r0,NA,ok
pinn100d_shallow300_medium_affine_pz_topk96_symbolic,single_cell,0,1.0,0,39,1,-1.0441939899867645,1.0106362591533826,-0.016778865416690936,1.0274151245700736,2.054830249140147,affine,0.29854643485100885,0.5970928697020177,1.0,0.29854643485100885,eta_l0_n39_r1,NA,ok
pinn100d_shallow300_medium_affine_pz_topk96_symbolic,single_cell,0,1.0,0,40,0,-1.0016438696095071,0.9635624254813989,-0.019040722064054105,0.9826031475454531,1.9652062950909062,affine,0.07865281463649128,0.15730562927298256,0.9319962481713715,0.08439177173815074,eta_l0_n40_r0,NA,ok
pinn100d_shallow300_medium_affine_pz_topk96_symbolic,single_cell,0,1.0,0,40,1,-1.0016438696095071,0.9635624254813989,-0.019040722064054105,0.9826031475454531,1.9652062950909062,affine,0.2842463860855686,0.5684927721711373,1.0,0.2842463860855686,eta_l0_n40_r1,NA,ok
pinn100d_shallow300_medium_affine_pz_topk96_symbolic,single_cell,0,1.0,0,41,0,-0.8115738720587108,0.8429313111060704,0.01567871952367983,0.8272525915823906,1.6545051831647812,affine,0.052595132871832324,0.10519026574366465,0.9319962481713715,0.056432773173740666,eta_l0_n41_r0,NA,ok
pinn100d_shallow300_medium_affine_pz_topk96_symbolic,single_cell,0,1.0,0,41,1,-0.8115738720587108,0.8429313111060704,0.01567871952367983,0.8272525915823906,1.6545051831647812,affine,0.2304090999181408,0.4608181998362816,1.0,0.2304090999181408,eta_l0_n41_r1,NA,ok
pinn100d_shallow300_medium_affine_pz_topk96_symbolic,single_cell,0,1.0,0,42,0,-0.8258438072260423,0.7979791433617529,-0.013932331932144715,0.8119114752938976,1.6238229505877952,affine,0.05024729084278002,0.10049458168556004,0.9319962481713715,0.05391361922472113,eta_l0_n42_r0,NA,ok
pinn100d_shallow300_medium_affine_pz_topk96_symbolic,single_cell,0,1.0,0,42,1,-0.8258438072260423,0.7979791433617529,-0.013932331932144715,0.8119114752938976,1.6238229505877952,affine,0.2247944505364547,0.4495889010729094,1.0,0.2247944505364547,eta_l0_n42_r1,NA,ok
pinn100d_shallow300_medium_affine_pz_topk96_symbolic,single_cell,0,1.0,0,43,0,-1.506554210451975,1.539800993136927,0.016623391342476035,1.523177601794451,3.046355203588902,affine,0.18746340190277452,0.37492680380554905,0.9319962481713715,0.20114179887589478,eta_l0_n43_r0,NA,ok
pinn100d_shallow300_medium_affine_pz_topk96_symbolic,single_cell,0,1.0,0,43,1,-1.506554210451975,1.539800993136927,0.016623391342476035,1.523177601794451,3.046355203588902,affine,0.41330507513892245,0.8266101502778449,1.0,0.41330507513892245,eta_l0_n43_r1,NA,ok
pinn100d_shallow300_medium_affine_pz_topk96_symbolic,single_cell,0,1.0,0,44,0,-1.298895240010546,1.254490838972456,-0.02220220051904498,1.276693039491501,2.553386078983002,affine,0.13612331689707471,0.27224663379414943,0.9319962481713715,0.14605564900519313,eta_l0_n44_r0,NA,ok
pinn100d_shallow300_medium_affine_pz_topk96_symbolic,single_cell,0,1.0,0,44,1,-1.298895240010546,1.254490838972456,-0.02220220051904498,1.276693039491501,2.553386078983002,affine,0.36586726001736714,0.7317345200347343,1.0,0.36586726001736714,eta_l0_n44_r1,NA,ok
pinn100d_shallow300_medium_affine_pz_topk96_symbolic,single_cell,0,1.0,0,45,0,-0.6773605002971811,0.6675984405014698,-0.00488102989785566,0.6724794703993254,1.3449589407986509,affine,0.031247814786823872,0.062495629573647744,0.9319962481713715,0.03352783323767003,eta_l0_n45_r0,NA,ok
pinn100d_shallow300_medium_affine_pz_topk96_symbolic,single_cell,0,1.0,0,45,1,-0.6773605002971811,0.6675984405014698,-0.00488102989785566,0.6724794703993254,1.3449589407986509,affine,0.17204478770874515,0.3440895754174903,1.0,0.17204478770874515,eta_l0_n45_r1,NA,ok
pinn100d_shallow300_medium_affine_pz_topk96_symbolic,single_cell,0,1.0,0,46,0,-0.8663927459559603,0.9013360930495738,0.017471673546806787,0.8838644195027671,1.7677288390055341,affine,0.06161881063103398,0.12323762126206796,0.9319962481713715,0.06611486983121823,eta_l0_n46_r0,NA,ok
pinn100d_shallow300_medium_affine_pz_topk96_symbolic,single_cell,0,1.0,0,46,1,-0.8663927459559603,0.9013360930495738,0.017471673546806787,0.8838644195027671,1.7677288390055341,affine,0.25074390701983446,0.5014878140396689,1.0,0.25074390701983446,eta_l0_n46_r1,NA,ok
pinn100d_shallow300_medium_affine_pz_topk96_symbolic,single_cell,0,1.0,0,47,0,-0.8527698834317742,0.8310757190829284,-0.010847082174422873,0.8419228012573513,1.6838456025147026,affine,0.054847789658709296,0.10969557931741859,0.9319962481713715,0.05884979662345606,eta_l0_n47_r0,NA,ok
pinn100d_shallow300_medium_affine_pz_topk96_symbolic,single_cell,0,1.0,0,47,1,-0.8527698834317742,0.8310757190829284,-0.010847082174422873,0.8419228012573513,1.6838456025147026,affine,0.23581240905165818,0.47162481810331636,1.0,0.23581240905165818,eta_l0_n47_r1,NA,ok
pinn100d_shallow300_medium_affine_pz_topk96_symbolic,single_cell,0,1.0,0,48,0,-1.0115982611523093,1.0428605240202082,0.015631131433949452,1.0272293925862588,2.0544587851725176,affine,0.0867955966979921,0.1735911933959842,0.9319962481713715,0.09312869753316055,eta_l0_n48_r0,NA,ok
pinn100d_shallow300_medium_affine_pz_topk96_symbolic,single_cell,0,1.0,0,48,1,-1.0115982611523093,1.0428605240202082,0.015631131433949452,1.0272293925862588,2.0544587851725176,affine,0.2985041035683372,0.5970082071366744,1.0,0.2985041035683372,eta_l0_n48_r1,NA,ok
pinn100d_shallow300_medium_affine_pz_topk96_symbolic,single_cell,0,1.0,0,49,0,-0.8165600505003638,0.847871599185807,0.015655774342721585,0.8322158248430854,1.6644316496861709,affine,0.053361052968857854,0.10672210593771571,0.9319962481713715,0.057254579161187834,eta_l0_n49_r0,NA,ok
pinn100d_shallow300_medium_affine_pz_topk96_symbolic,single_cell,0,1.0,0,49,1,-0.8165600505003638,0.847871599185807,0.015655774342721585,0.8322158248430854,1.6644316496861709,affine,0.23222316361302536,0.4644463272260507,1.0,0.23222316361302536,eta_l0_n49_r1,NA,ok
pinn100d_shallow300_medium_affine_pz_topk96_symbolic,single_cell,0,1.0,0,50,0,-1.1685921066522982,1.2049616256427143,0.018184759495208036,1.1867768661475062,2.3735537322950124,affine,0.11778720959870133,0.23557441919740266,0.9319962481713715,0.1263816349366281,eta_l0_n50_r0,NA,ok
pinn100d_shallow300_medium_affine_pz_topk96_symbolic,single_cell,0,1.0,0,50,1,-1.1685921066522982,1.2049616256427143,0.018184759495208036,1.1867768661475062,2.3735537322950124,affine,0.34397954463048375,0.6879590892609675,1.0,0.34397954463048375,eta_l0_n50_r1,NA,ok
pinn100d_shallow300_medium_affine_pz_topk96_symbolic,single_cell,0,1.0,0,51,0,-0.8006207796149774,0.8344702881968007,0.01692475429091167,0.817545533905889,1.635091067811778,affine,0.05111893061710033,0.10223786123420066,0.9319962481713715,0.054848858798947436,eta_l0_n51_r0,NA,ok
pinn100d_shallow300_medium_affine_pz_topk96_symbolic,single_cell,0,1.0,0,51,1,-0.8006207796149774,0.8344702881968007,0.01692475429091167,0.817545533905889,1.635091067811778,affine,0.2268290575123888,0.4536581150247776,1.0,0.2268290575123888,eta_l0_n51_r1,NA,ok
pinn100d_shallow300_medium_affine_pz_topk96_symbolic,single_cell,0,1.0,0,52,0,-0.7420477599644351,0.7703028121308593,0.014127526083212105,0.7561752860476472,1.5123505720952943,affine,0.04215920397663842,0.08431840795327684,0.9319962481713715,0.04523537949788653,eta_l0_n52_r0,NA,ok
pinn100d_shallow300_medium_affine_pz_topk96_symbolic,single_cell,0,1.0,0,52,1,-0.7420477599644351,0.7703028121308593,0.014127526083212105,0.7561752860476472,1.5123505720952943,affine,0.20395651747432286,0.4079130349486457,1.0,0.20395651747432286,eta_l0_n52_r1,NA,ok
pinn100d_shallow300_medium_affine_pz_topk96_symbolic,single_cell,0,1.0,0,53,0,-1.0909113768846286,1.05038646716867,-0.020262454857979284,1.0706489220266493,2.1412978440532986,affine,0.09500119573358663,0.19000239146717326,0.9319962481713715,0.10193302378629127,eta_l0_n53_r0,NA,ok
pinn100d_shallow300_medium_affine_pz_topk96_symbolic,single_cell,0,1.0,0,53,1,-1.0909113768846286,1.05038646716867,-0.020262454857979284,1.0706489220266493,2.1412978440532986,affine,0.31165202620511157,0.6233040524102231,1.0,0.31165202620511157,eta_l0_n53_r1,NA,ok
pinn100d_shallow300_medium_affine_pz_topk96_symbolic,single_cell,0,1.0,0,54,0,-1.2066771566490586,1.173895383021899,-0.016390886813579808,1.1902862698354788,2.3805725396709576,affine,0.11848491224053499,0.23696982448106998,0.9319962481713715,0.12713024593501207,eta_l0_n54_r0,NA,ok
pinn100d_shallow300_medium_affine_pz_topk96_symbolic,single_cell,0,1.0,0,54,1,-1.2066771566490586,1.173895383021899,-0.016390886813579808,1.1902862698354788,2.3805725396709576,affine,0.34490796924504935,0.6898159384900987,1.0,0.34490796924504935,eta_l0_n54_r1,NA,ok
pinn100d_shallow300_medium_affine_pz_topk96_symbolic,single_cell,0,1.0,0,55,0,-0.6654554261844666,0.6941495666632106,0.014347070239371984,0.6798024964238386,1.3596049928476772,affine,0.03217402595959646,0.06434805191919292,0.9319962481713715,0.03452162605023753,eta_l0_n55_r0,NA,ok
pinn100d_shallow300_medium_affine_pz_topk96_symbolic,single_cell,0,1.0,0,55,1,-0.6654554261844666,0.6941495666632106,0.014347070239371984,0.6798024964238386,1.3596049928476772,affine,0.17478486104675106,0.3495697220935021,1.0,0.17478486104675106,eta_l0_n55_r1,NA,ok
pinn100d_shallow300_medium_affine_pz_topk96_symbolic,single_cell,0,1.0,0,56,0,-0.7083442383527363,0.7036147618286084,-0.002364738262063959,0.7059795000906723,1.4119590001813447,affine,0.03540540227173134,0.07081080454346268,0.9319962481713715,0.03798878197331664,eta_l0_n56_r0,NA,ok
pinn100d_shallow300_medium_affine_pz_topk96_symbolic,single_cell,0,1.0,0,56,1,-0.7083442383527363,0.7036147618286084,-0.002364738262063959,0.7059795000906723,1.4119590001813447,affine,0.18492049713101028,0.36984099426202055,1.0,0.18492049713101028,eta_l0_n56_r1,NA,ok
pinn100d_shallow300_medium_affine_pz_topk96_symbolic,single_cell,0,1.0,0,57,0,-1.2329296305415842,1.1932285191339407,-0.01985055570382177,1.2130790748377624,2.426158149675525,affine,0.1231062852532452,0.2462125705064904,0.9319962481713715,0.1320888206307553,eta_l0_n57_r0,NA,ok
pinn100d_shallow300_medium_affine_pz_topk96_symbolic,single_cell,0,1.0,0,57,1,-1.2329296305415842,1.1932285191339407,-0.01985055570382177,1.2130790748377624,2.426158149675525,affine,0.3506497194153906,0.7012994388307812,1.0,0.3506497194153906,eta_l0_n57_r1,NA,ok
pinn100d_shallow300_medium_affine_pz_topk96_symbolic,single_cell,0,1.0,0,58,0,-0.7334941393710497,0.7131942540621978,-0.010149942654425925,0.7233441967166238,1.4466883934332475,affine,0.037684701643931236,0.07536940328786247,0.9319962481713715,0.04043439200304799,eta_l0_n58_r0,NA,ok
pinn100d_shallow300_medium_affine_pz_topk96_symbolic,single_cell,0,1.0,0,58,1,-0.7334941393710497,0.7131942540621978,-0.010149942654425925,0.7233441967166238,1.4466883934332475,affine,0.191521183406278,0.383042366812556,1.0,0.191521183406278,eta_l0_n58_r1,NA,ok
pinn100d_shallow300_medium_affine_pz_topk96_symbolic,single_cell,0,1.0,0,59,0,-0.9466935748263166,0.9255364543021678,-0.010578560262074377,0.9361150145642422,1.8722300291284844,affine,0.07040104306089869,0.14080208612179737,0.9319962481713715,0.07553790393365795,eta_l0_n59_r0,NA,ok
pinn100d_shallow300_medium_affine_pz_topk96_symbolic,single_cell,0,1.0,0,59,1,-0.9466935748263166,0.9255364543021678,-0.010578560262074377,0.9361150145642422,1.8722300291284844,affine,0.2689123493482129,0.5378246986964258,1.0,0.2689123493482129,eta_l0_n59_r1,NA,ok
pinn100d_shallow300_medium_affine_pz_topk96_symbolic,single_cell,0,1.0,0,60,0,-1.5860529702984403,1.5733837593857998,-0.0063346054563202525,1.57971836484212,3.15943672968424,affine,0.1992008157072346,0.3984016314144692,0.9319962481713715,0.21373564120894015,eta_l0_n60_r0,NA,ok
pinn100d_shallow300_medium_affine_pz_topk96_symbolic,single_cell,0,1.0,0,60,1,-1.5860529702984403,1.5733837593857998,-0.0063346054563202525,1.57971836484212,3.15943672968424,affine,0.4218660257056953,0.8437320514113906,1.0,0.4218660257056953,eta_l0_n60_r1,NA,ok
pinn100d_shallow300_medium_affine_pz_topk96_symbolic,single_cell,0,1.0,0,61,0,-1.1365766537137107,1.104048554877431,-0.01626404941813986,1.120312604295571,2.240625208591142,affine,0.10458222490461823,0.20916444980923646,0.9319962481713715,0.11221313938743249,eta_l0_n61_r0,NA,ok
pinn100d_shallow300_medium_affine_pz_topk96_symbolic,single_cell,0,1.0,0,61,1,-1.1365766537137107,1.104048554877431,-0.01626404941813986,1.120312604295571,2.240625208591142,affine,0.32606958196707225,0.6521391639341445,1.0,0.32606958196707225,eta_l0_n61_r1,NA,ok
pinn100d_shallow300_medium_affine_pz_topk96_symbolic,single_cell,0,1.0,0,62,0,-1.0643707508376148,1.0985694149464218,0.017099332054403504,1.0814700828920183,2.1629401657840366,affine,0.09705393191182805,0.1941078638236561,0.9319962481713715,0.1041355392816798,eta_l0_n62_r0,NA,ok
pinn100d_shallow300_medium_affine_pz_topk96_symbolic,single_cell,0,1.0,0,62,1,-1.0643707508376148,1.0985694149464218,0.017099332054403504,1.0814700828920183,2.1629401657840366,affine,0.3148977187880977,0.6297954375761954,1.0,0.3148977187880977,eta_l0_n62_r1,NA,ok
pinn100d_shallow300_medium_affine_pz_topk96_symbolic,single_cell,0,1.0,0,63,0,-1.4015171493211274,1.3643005656294995,-0.018608291845813918,1.3829088574753134,2.765817714950627,affine,0.15815871965502917,0.31631743931005835,0.9319962481713715,0.16969888018899795,eta_l0_n63_r0,NA,ok
pinn100d_shallow300_medium_affine_pz_topk96_symbolic,single_cell,0,1.0,0,63,1,-1.4015171493211274,1.3643005656294995,-0.018608291845813918,1.3829088574753134,2.765817714950627,affine,0.3885130831309809,0.7770261662619617,1.0,0.3885130831309809,eta_l0_n63_r1,NA,ok
pinn100d_shallow300_medium_affine_pz_topk96_symbolic,single_cell,0,1.0,0,64,0,-0.8850519189924945,0.8509091370870555,-0.01707139095271948,0.867980528039775,1.73596105607955,affine,0.05902823505223593,0.11805647010447186,0.9319962481713715,0.0633352711108576,eta_l0_n64_r0,NA,ok
pinn100d_shallow300_medium_affine_pz_topk96_symbolic,single_cell,0,1.0,0,64,1,-0.8850519189924945,0.8509091370870555,-0.01707139095271948,0.867980528039775,1.73596105607955,affine,0.245112538951466,0.490225077902932,1.0,0.245112538951466,eta_l0_n64_r1,NA,ok
pinn100d_shallow300_medium_affine_pz_topk96_symbolic,single_cell,0,1.0,0,65,0,-0.8429087446687172,0.8658273177411767,0.01145928653622974,0.854368031204947,1.708736062409894,affine,0.05681525626691875,0.1136305125338375,0.9319962481713715,0.060960820795570206,eta_l0_n65_r0,NA,ok
pinn100d_shallow300_medium_affine_pz_topk96_symbolic,single_cell,0,1.0,0,65,1,-0.8429087446687172,0.8658273177411767,0.01145928653622974,0.854368031204947,1.708736062409894,affine,0.24030458215024153,0.48060916430048306,1.0,0.24030458215024153,eta_l0_n65_r1,NA,ok
pinn100d_shallow300_medium_affine_pz_topk96_symbolic,single_cell,0,1.0,0,66,0,-0.9905468239121493,0.9617857365141982,-0.014380543698975568,0.9761662802131738,1.9523325604263475,affine,0.0774704270215625,0.154940854043125,0.9319962481713715,0.08312311039187527,eta_l0_n66_r0,NA,ok
pinn100d_shallow300_medium_affine_pz_topk96_symbolic,single_cell,0,1.0,0,66,1,-0.9905468239121493,0.9617857365141982,-0.014380543698975568,0.9761662802131738,1.9523325604263475,affine,0.28221320191889177,0.5644264038377835,1.0,0.28221320191889177,eta_l0_n66_r1,NA,ok
pinn100d_shallow300_medium_affine_pz_topk96_symbolic,single_cell,0,1.0,0,67,0,-0.8810449969340859,0.912044788908644,0.015499895987279078,0.896544892921365,1.79308978584273,affine,0.06370430392497341,0.12740860784994681,0.9319962481713715,0.06835253258794206,eta_l0_n67_r0,NA,ok
pinn100d_shallow300_medium_affine_pz_topk96_symbolic,single_cell,0,1.0,0,67,1,-0.8810449969340859,0.912044788908644,0.015499895987279078,0.896544892921365,1.79308978584273,affine,0.25522800306256815,0.5104560061251363,1.0,0.25522800306256815,eta_l0_n67_r1,NA,ok
pinn100d_shallow300_medium_affine_pz_topk96_symbolic,single_cell,0,1.0,0,68,0,-1.0577074974769154,1.0951935167927762,0.01874300965793041,1.0764505071348458,2.1529010142696916,affine,0.0961007655593182,0.1922015311186364,0.9319962481713715,0.10311282448601401,eta_l0_n68_r0,NA,ok
pinn100d_shallow300_medium_affine_pz_topk96_symbolic,single_cell,0,1.0,0,68,1,-1.0577074974769154,1.0951935167927762,0.01874300965793041,1.0764505071348458,2.1529010142696916,affine,0.313395395818585,0.62679079163717,1.0,0.313395395818585,eta_l0_n68_r1,NA,ok
pinn100d_shallow300_medium_affine_pz_topk96_symbolic,single_cell,0,1.0,0,69,0,-1.3791784207269757,1.42228292189483,0.02155225058392718,1.400730671310903,2.801461342621806,affine,0.16189286350766371,0.32378572701532743,0.9319962481713715,0.17370548843442934,eta_l0_n69_r0,NA,ok
pinn100d_shallow300_medium_affine_pz_topk96_symbolic,single_cell,0,1.0,0,69,1,-1.3791784207269757,1.42228292189483,0.02155225058392718,1.400730671310903,2.801461342621806,affine,0.39193665167048064,0.7838733033409613,1.0,0.39193665167048064,eta_l0_n69_r1,NA,ok
pinn100d_shallow300_medium_affine_pz_topk96_symbolic,single_cell,0,1.0,0,70,0,-0.9308513790946814,0.9636725950147781,0.01641060796004834,0.9472619870547297,1.8945239741094595,affine,0.07236808784580497,0.14473617569160993,0.9319962481713715,0.0776484755038394,eta_l0_n70_r0,NA,ok
pinn100d_shallow300_medium_affine_pz_topk96_symbolic,single_cell,0,1.0,0,70,1,-0.9308513790946814,0.9636725950147781,0.01641060796004834,0.9472619870547297,1.8945239741094595,affine,0.2726039266590261,0.5452078533180522,1.0,0.2726039266590261,eta_l0_n70_r1,NA,ok
pinn100d_shallow300_medium_affine_pz_topk96_symbolic,single_cell,0,1.0,0,71,0,-1.438885897394498,1.3949902367415656,-0.02194783032646619,1.4169380670680318,2.8338761341360637,affine,0.16528217318108282,0.33056434636216564,0.9319962481713715,0.17734210143589701,eta_l0_n71_r0,NA,ok
pinn100d_shallow300_medium_affine_pz_topk96_symbolic,single_cell,0,1.0,0,71,1,-1.438885897394498,1.3949902367415656,-0.02194783032646619,1.4169380670680318,2.8338761341360637,affine,0.39499506530744755,0.7899901306148951,1.0,0.39499506530744755,eta_l0_n71_r1,NA,ok
pinn100d_shallow300_medium_affine_pz_topk96_symbolic,single_cell,0,1.0,0,72,0,-1.1711538278994709,1.2088264922154857,0.018836332158007396,1.1899901600574783,2.3799803201149565,affine,0.11843682940143908,0.23687365880287817,0.9319962481713715,0.12707865469825522,eta_l0_n72_r0,NA,ok
pinn100d_shallow300_medium_affine_pz_topk96_symbolic,single_cell,0,1.0,0,72,1,-1.1711538278994709,1.2088264922154857,0.018836332158007396,1.1899901600574783,2.3799803201149565,affine,0.3448007599664116,0.6896015199328231,1.0,0.3448007599664116,eta_l0_n72_r1,NA,ok
pinn100d_shallow300_medium_affine_pz_topk96_symbolic,single_cell,0,1.0,0,73,0,-1.1745387071873483,1.2100713466785744,0.017766319745613046,1.1923050269329614,2.3846100538659227,affine,0.11889769438589372,0.23779538877178744,0.9319962481713715,0.12757314701553532,eta_l0_n73_r0,NA,ok
pinn100d_shallow300_medium_affine_pz_topk96_symbolic,single_cell,0,1.0,0,73,1,-1.1745387071873483,1.2100713466785744,0.017766319745613046,1.1923050269329614,2.3846100538659227,affine,0.3454105213869702,0.6908210427739404,1.0,0.3454105213869702,eta_l0_n73_r1,NA,ok
pinn100d_shallow300_medium_affine_pz_topk96_symbolic,single_cell,0,1.0,0,74,0,-0.9300731152852425,0.8929332780733105,-0.018569918605966018,0.9115031966792765,1.823006393358553,affine,0.06623391994248702,0.13246783988497404,0.9319962481713715,0.0710667237904033,eta_l0_n74_r0,NA,ok
pinn100d_shallow300_medium_affine_pz_topk96_symbolic,single_cell,0,1.0,0,74,1,-0.9300731152852425,0.8929332780733105,-0.018569918605966018,0.9115031966792765,1.823006393358553,affine,0.26038337545599277,0.5207667509119855,1.0,0.26038337545599277,eta_l0_n74_r1,NA,ok
pinn100d_shallow300_medium_affine_pz_topk96_symbolic,single_cell,0,1.0,0,75,0,-0.8829617050674686,0.9081151180277419,0.012576706480136646,0.8955384115476053,1.7910768230952105,affine,0.06352122059880379,0.12704244119760758,0.9319962481713715,0.0681560904600592,eta_l0_n75_r0,NA,ok
pinn100d_shallow300_medium_affine_pz_topk96_symbolic,single_cell,0,1.0,0,75,1,-0.8829617050674686,0.9081151180277419,0.012576706480136646,0.8955384115476053,1.7910768230952105,affine,0.25491234963215775,0.5098246992643155,1.0,0.25491234963215775,eta_l0_n75_r1,NA,ok
pinn100d_shallow300_medium_affine_pz_topk96_symbolic,single_cell,0,1.0,0,76,0,-1.1805875736327942,1.148801902205817,-0.01589283571348865,1.1646947379193056,2.329389475838611,affine,0.1133540174298754,0.2267080348597508,0.9319962481713715,0.1216249718303934,eta_l0_n76_r0,NA,ok
pinn100d_shallow300_medium_affine_pz_topk96_symbolic,single_cell,0,1.0,0,76,1,-1.1805875736327942,1.148801902205817,-0.01589283571348865,1.1646947379193056,2.329389475838611,affine,0.3382125951197492,0.6764251902394984,1.0,0.3382125951197492,eta_l0_n76_r1,NA,ok
pinn100d_shallow300_medium_affine_pz_topk96_symbolic,single_cell,0,1.0,0,77,0,-1.3659675145450216,1.3314526620255038,-0.0172574262597589,1.3487100882852627,2.6974201765705255,affine,0.1510226319798477,0.3020452639596954,0.9319962481713715,0.16204210293352844,eta_l0_n77_r0,NA,ok
pinn100d_shallow300_medium_affine_pz_topk96_symbolic,single_cell,0,1.0,0,77,1,-1.3659675145450216,1.3314526620255038,-0.0172574262597589,1.3487100882852627,2.6974201765705255,affine,0.38163061019264893,0.7632612203852979,1.0,0.38163061019264893,eta_l0_n77_r1,NA,ok
pinn100d_shallow300_medium_affine_pz_topk96_symbolic,single_cell,0,1.0,0,78,0,-0.6125577319415736,0.6569759697827164,0.022209118920571425,0.634766850862145,1.26953370172429,affine,0.026981033085969944,0.05396206617193989,0.9319962481713715,0.028949722854473108,eta_l0_n78_r0,NA,ok
pinn100d_shallow300_medium_affine_pz_topk96_symbolic,single_cell,0,1.0,0,78,1,-0.6125577319415736,0.6569759697827164,0.022209118920571425,0.634766850862145,1.26953370172429,affine,0.1573444023687779,0.3146888047375558,1.0,0.1573444023687779,eta_l0_n78_r1,NA,ok
pinn100d_shallow300_medium_affine_pz_topk96_symbolic,single_cell,0,1.0,0,79,0,-0.8548400889214125,0.8380958072828193,-0.008372140819296603,0.8464679481021159,1.6929358962042318,affine,0.05555260530301887,0.11110521060603774,0.9319962481713715,0.05960603962946865,eta_l0_n79_r0,NA,ok
pinn100d_shallow300_medium_affine_pz_topk96_symbolic,single_cell,0,1.0,0,79,1,-0.8548400889214125,0.8380958072828193,-0.008372140819296603,0.8464679481021159,1.6929358962042318,affine,0.23748054605143304,0.4749610921028661,1.0,0.23748054605143304,eta_l0_n79_r1,NA,ok
pinn100d_shallow300_medium_affine_pz_topk96_symbolic,single_cell,0,1.0,0,80,0,-1.2719651427464111,1.229509990212115,-0.021227576267148107,1.250737566479263,2.501475132958526,affine,0.13078781192491887,0.26157562384983774,0.9319962481713715,0.14033083521691406,eta_l0_n80_r0,NA,ok
pinn100d_shallow300_medium_affine_pz_topk96_symbolic,single_cell,0,1.0,0,80,1,-1.2719651427464111,1.229509990212115,-0.021227576267148107,1.250737566479263,2.501475132958526,affine,0.3598172673204265,0.719634534640853,1.0,0.3598172673204265,eta_l0_n80_r1,NA,ok
pinn100d_shallow300_medium_affine_pz_topk96_symbolic,single_cell,0,1.0,0,81,0,-0.6323568266861045,0.5723896197843606,-0.02998360345087192,0.6023732232352326,1.2047464464704651,affine,0.023591200034515373,0.047182400069030746,0.9319962481713715,0.025312548286329072,eta_l0_n81_r0,NA,ok
pinn100d_shallow300_medium_affine_pz_topk96_symbolic,single_cell,0,1.0,0,81,1,-0.6323568266861045,0.5723896197843606,-0.02998360345087192,0.6023732232352326,1.2047464464704651,affine,0.14477030561706322,0.28954061123412644,1.0,0.14477030561706322,eta_l0_n81_r1,NA,ok
pinn100d_shallow300_medium_affine_pz_topk96_symbolic,single_cell,0,1.0,0,82,0,-0.7707737858392829,0.7995670803645063,0.014396647262611695,0.7851704331018946,1.5703408662037892,affine,0.046288370646411676,0.09257674129282335,0.9319962481713715,0.049665833673935955,eta_l0_n82_r0,NA,ok
pinn100d_shallow300_medium_affine_pz_topk96_symbolic,single_cell,0,1.0,0,82,1,-0.7707737858392829,0.7995670803645063,0.014396647262611695,0.7851704331018946,1.5703408662037892,affine,0.21485561047209328,0.42971122094418657,1.0,0.21485561047209328,eta_l0_n82_r1,NA,ok
pinn100d_shallow300_medium_affine_pz_topk96_symbolic,single_cell,0,1.0,0,83,0,-0.8932013736751792,0.8717751463069086,-0.0107131136841353,0.8824882599910439,1.7649765199820877,affine,0.06135632904886263,0.12271265809772526,0.9319962481713715,0.0658332360985864,eta_l0_n83_r0,NA,ok
pinn100d_shallow300_medium_affine_pz_topk96_symbolic,single_cell,0,1.0,0,83,1,-0.8932013736751792,0.8717751463069086,-0.0107131136841353,0.8824882599910439,1.7649765199820877,affine,0.250342804135403,0.500685608270806,1.0,0.250342804135403,eta_l0_n83_r1,NA,ok
pinn100d_shallow300_medium_affine_pz_topk96_symbolic,single_cell,0,1.0,0,84,0,-0.7976625548491152,0.8270409447667988,0.0146891949588418,0.812351749807957,1.624703499615914,affine,0.05031809937737942,0.10063619875475883,0.9319962481713715,0.05398959435309566,eta_l0_n84_r0,NA,ok
pinn100d_shallow300_medium_affine_pz_topk96_symbolic,single_cell,0,1.0,0,84,1,-0.7976625548491152,0.8270409447667988,0.0146891949588418,0.812351749807957,1.624703499615914,affine,0.22494720723711653,0.44989441447423306,1.0,0.22494720723711653,eta_l0_n84_r1,NA,ok
pinn100d_shallow300_medium_affine_pz_topk96_symbolic,single_cell,0,1.0,0,85,0,-0.9348748672197601,0.9034342047802039,-0.015720331219778116,0.919154535999982,1.838309071999964,affine,0.06751399250682856,0.13502798501365712,0.9319962481713715,0.07244019773609044,eta_l0_n85_r0,NA,ok
pinn100d_shallow300_medium_affine_pz_topk96_symbolic,single_cell,0,1.0,0,85,1,-0.9348748672197601,0.9034342047802039,-0.015720331219778116,0.919154535999982,1.838309071999964,affine,0.26306409874430814,0.5261281974886163,1.0,0.26306409874430814,eta_l0_n85_r1,NA,ok
pinn100d_shallow300_medium_affine_pz_topk96_symbolic,single_cell,0,1.0,0,86,0,-1.1100026096220486,1.1489145687805893,0.019455979579270366,1.129458589201319,2.258917178402638,affine,0.1063931461831313,0.2127862923662626,0.9319962481713715,0.11415619579143217,eta_l0_n86_r0,NA,ok
pinn100d_shallow300_medium_affine_pz_topk96_symbolic,single_cell,0,1.0,0,86,1,-1.1100026096220486,1.1489145687805893,0.019455979579270366,1.129458589201319,2.258917178402638,affine,0.3285811233329348,0.6571622466658696,1.0,0.3285811233329348,eta_l0_n86_r1,NA,ok
pinn100d_shallow300_medium_affine_pz_topk96_symbolic,single_cell,0,1.0,0,87,0,-1.2789544097029169,1.2340401481250904,-0.022457130788913204,1.2564972789140036,2.5129945578280073,affine,0.13197455335417327,0.26394910670834654,0.9319962481713715,0.14160416805659323,eta_l0_n87_r0,NA,ok
pinn100d_shallow300_medium_affine_pz_topk96_symbolic,single_cell,0,1.0,0,87,1,-1.2789544097029169,1.2340401481250904,-0.022457130788913204,1.2564972789140036,2.5129945578280073,affine,0.3611638067539207,0.7223276135078414,1.0,0.3611638067539207,eta_l0_n87_r1,NA,ok
pinn100d_shallow300_medium_affine_pz_topk96_symbolic,single_cell,0,1.0,0,88,0,-0.8196835402297238,0.8511525501491992,0.015734504959737716,0.8354180451894615,1.670836090378923,affine,0.053858323789688196,0.10771664757937639,0.9319962481713715,0.05778813369191263,eta_l0_n88_r0,NA,ok
pinn100d_shallow300_medium_affine_pz_topk96_symbolic,single_cell,0,1.0,0,88,1,-0.8196835402297238,0.8511525501491992,0.015734504959737716,0.8354180451894615,1.670836090378923,affine,0.2333895181269373,0.4667790362538746,1.0,0.2333895181269373,eta_l0_n88_r1,NA,ok
pinn100d_shallow300_medium_affine_pz_topk96_symbolic,single_cell,0,1.0,0,89,0,-0.8579518670180813,0.8906473389988186,0.01634773599036865,0.87429960300845,1.7485992060169,affine,0.06004773422309601,0.12009546844619202,0.9319962481713715,0.06442915874491234,eta_l0_n89_r0,NA,ok
pinn100d_shallow300_medium_affine_pz_topk96_symbolic,single_cell,0,1.0,0,89,1,-0.8579518670180813,0.8906473389988186,0.01634773599036865,0.87429960300845,1.7485992060169,affine,0.2473735088482814,0.4947470176965628,1.0,0.2473735088482814,eta_l0_n89_r1,NA,ok
pinn100d_shallow300_medium_affine_pz_topk96_symbolic,single_cell,0,1.0,0,90,0,-0.8207744817317322,0.7924840586718498,-0.014145211529941193,0.806629270201791,1.613258540403582,affine,0.04945446424308742,0.09890892848617484,0.9319962481713715,0.05306294348300203,eta_l0_n90_r0,NA,ok
pinn100d_shallow300_medium_affine_pz_topk96_symbolic,single_cell,0,1.0,0,90,1,-0.8207744817317322,0.7924840586718498,-0.014145211529941193,0.806629270201791,1.613258540403582,affine,0.22283997146248546,0.44567994292497093,1.0,0.22283997146248546,eta_l0_n90_r1,NA,ok
pinn100d_shallow300_medium_affine_pz_topk96_symbolic,single_cell,0,1.0,0,91,0,-1.2894025896139478,1.2579584264319816,-0.015722081590983095,1.2736805080229647,2.5473610160459295,affine,0.13547413367370534,0.2709482673474107,0.9319962481713715,0.14535909767825045,eta_l0_n91_r0,NA,ok
pinn100d_shallow300_medium_affine_pz_topk96_symbolic,single_cell,0,1.0,0,91,1,-1.2894025896139478,1.2579584264319816,-0.015722081590983095,1.2736805080229647,2.5473610160459295,affine,0.3652544063984313,0.7305088127968626,1.0,0.3652544063984313,eta_l0_n91_r1,NA,ok
pinn100d_shallow300_medium_affine_pz_topk96_symbolic,single_cell,0,1.0,0,92,0,-1.1249469056327446,1.0858598844704395,-0.019543510581152557,1.105403395051592,2.210806790103184,affine,0.10169126819839032,0.20338253639678064,0.9319962481713715,0.10911124202260926,eta_l0_n92_r0,NA,ok
pinn100d_shallow300_medium_affine_pz_topk96_symbolic,single_cell,0,1.0,0,92,1,-1.1249469056327446,1.0858598844704395,-0.019543510581152557,1.105403395051592,2.210806790103184,affine,0.32179887662215556,0.6435977532443111,1.0,0.32179887662215556,eta_l0_n92_r1,NA,ok
pinn100d_shallow300_medium_affine_pz_topk96_symbolic,single_cell,0,1.0,0,93,0,-0.6468941826251269,0.6720388239177191,0.012572320646296098,0.659466503271423,1.318933006542846,affine,0.02973109792160489,0.05946219584320978,0.9319962481713715,0.03190044807577172,eta_l0_n93_r0,NA,ok
pinn100d_shallow300_medium_affine_pz_topk96_symbolic,single_cell,0,1.0,0,93,1,-0.6468941826251269,0.6720388239177191,0.012572320646296098,0.659466503271423,1.318933006542846,affine,0.16698133324584757,0.33396266649169515,1.0,0.16698133324584757,eta_l0_n93_r1,NA,ok
pinn100d_shallow300_medium_affine_pz_topk96_symbolic,single_cell,0,1.0,0,94,0,-1.1891179119541309,1.2318600758063356,0.021371081926102375,1.2104889938802332,2.4209779877604665,affine,0.12258952797033353,0.24517905594066705,0.9319962481713715,0.13153435779474543,eta_l0_n94_r0,NA,ok
pinn100d_shallow300_medium_affine_pz_topk96_symbolic,single_cell,0,1.0,0,94,1,-1.1891179119541309,1.2318600758063356,0.021371081926102375,1.2104889938802332,2.4209779877604665,affine,0.3499788038850754,0.6999576077701508,1.0,0.3499788038850754,eta_l0_n94_r1,NA,ok
pinn100d_shallow300_medium_affine_pz_topk96_symbolic,single_cell,0,1.0,0,95,0,-0.8425271444430554,0.8784439097769791,0.017958382666961814,0.8604855271100172,1.7209710542200345,affine,0.05782891292611981,0.11565782585223962,0.9319962481713715,0.0620484396150557,eta_l0_n95_r0,NA,ok
pinn100d_shallow300_medium_affine_pz_topk96_symbolic,single_cell,0,1.0,0,95,1,-0.8425271444430554,0.8784439097769791,0.017958382666961814,0.8604855271100172,1.7209710542200345,affine,0.2424173386872116,0.4848346773744232,1.0,0.2424173386872116,eta_l0_n95_r1,NA,ok
pinn100d_shallow300_medium_affine_pz_topk96_symbolic,single_cell,0,1.0,0,96,0,-0.6659994683686798,0.635867396179219,-0.01506603609473045,0.6509334322739494,1.3018668645478988,affine,0.0287543739277934,0.0575087478555868,0.9319962481713715,0.030852456739188686,eta_l0_n96_r0,NA,ok
pinn100d_shallow300_medium_affine_pz_topk96_symbolic,single_cell,0,1.0,0,96,1,-0.6659994683686798,0.635867396179219,-0.01506603609473045,0.6509334322739494,1.3018668645478988,affine,0.16366932524311711,0.32733865048623423,1.0,0.16366932524311711,eta_l0_n96_r1,NA,ok
pinn100d_shallow300_medium_affine_pz_topk96_symbolic,single_cell,0,1.0,0,97,0,-1.2151238777580005,1.1786727174263023,-0.018225580165849076,1.1968982975921514,2.3937965951843028,affine,0.11982580429260405,0.2396516085852081,0.9319962481713715,0.12856897710447757,eta_l0_n97_r0,NA,ok
pinn100d_shallow300_medium_affine_pz_topk96_symbolic,single_cell,0,1.0,0,97,1,-1.2151238777580005,1.1786727174263023,-0.018225580165849076,1.1968982975921514,2.3937965951843028,affine,0.34658140653981456,0.6931628130796291,1.0,0.34658140653981456,eta_l0_n97_r1,NA,ok
pinn100d_shallow300_medium_affine_pz_topk96_symbolic,single_cell,0,1.0,0,98,0,-1.2733732597983927,1.309028506901763,0.017827623551685212,1.2912008833500779,2.5824017667001558,affine,0.13909500430324453,0.27819000860648907,0.9319962481713715,0.14924416764140055,eta_l0_n98_r0,NA,ok
pinn100d_shallow300_medium_affine_pz_topk96_symbolic,single_cell,0,1.0,0,98,1,-1.2733732597983927,1.309028506901763,0.017827623551685212,1.2912008833500779,2.5824017667001558,affine,0.36921820119777526,0.7384364023955505,1.0,0.36921820119777526,eta_l0_n98_r1,NA,ok
pinn100d_shallow300_medium_affine_pz_topk96_symbolic,single_cell,0,1.0,0,99,0,-0.9135757537667057,0.8771689762111492,-0.018203388777778273,0.8953723649889275,1.790744729977855,affine,0.06352641759977425,0.1270528351995485,0.9319962481713715,0.06816166666380537,eta_l0_n99_r0,NA,ok
pinn100d_shallow300_medium_affine_pz_topk96_symbolic,single_cell,0,1.0,0,99,1,-0.9135757537667057,0.8771689762111492,-0.018203388777778273,0.8953723649889275,1.790744729977855,affine,0.25477731278545024,0.5095546255709005,1.0,0.25477731278545024,eta_l0_n99_r1,NA,ok
pinn100d_shallow300_medium_affine_pz_topk96_symbolic,single_cell,0,1.0,0,100,0,-1.4400569326913262,1.467338473838685,0.013640770573679406,1.4536977032650056,2.907395406530011,affine,0.17294317701844078,0.34588635403688156,0.9319962481713715,0.18556209572491833,eta_l0_n100_r0,NA,ok
pinn100d_shallow300_medium_affine_pz_topk96_symbolic,single_cell,0,1.0,0,100,1,-1.4400569326913262,1.467338473838685,0.013640770573679406,1.4536977032650056,2.907395406530011,affine,0.40173890570989007,0.8034778114197801,1.0,0.40173890570989007,eta_l0_n100_r1,NA,ok
pinn100d_shallow300_medium_affine_pz_topk96_symbolic,single_cell,0,1.0,0,101,0,-1.583787966015745,1.5801226097140433,-0.0018326781508508638,1.5819552878648941,3.1639105757297883,affine,0.1996618192557774,0.3993236385115548,0.9319962481713715,0.2142302822007331,eta_l0_n101_r0,NA,ok
pinn100d_shallow300_medium_affine_pz_topk96_symbolic,single_cell,0,1.0,0,101,1,-1.583787966015745,1.5801226097140433,-0.0018326781508508638,1.5819552878648941,3.1639105757297883,affine,0.42219407424579525,0.8443881484915905,1.0,0.42219407424579525,eta_l0_n101_r1,NA,ok
pinn100d_shallow300_medium_affine_pz_topk96_symbolic,single_cell,0,1.0,0,102,0,-1.0583150318257148,1.026256340812422,-0.016029345506646475,1.0422856863190684,2.0845713726381367,affine,0.08960906604109521,0.17921813208219042,0.9319962481713715,0.09614745361573417,eta_l0_n102_r0,NA,ok
pinn100d_shallow300_medium_affine_pz_topk96_symbolic,single_cell,0,1.0,0,102,1,-1.0583150318257148,1.026256340812422,-0.016029345506646475,1.0422856863190684,2.0845713726381367,affine,0.30315034046603295,0.6063006809320659,1.0,0.30315034046603295,eta_l0_n102_r1,NA,ok
pinn100d_shallow300_medium_affine_pz_topk96_symbolic,single_cell,0,1.0,0,103,0,-1.1476452573399842,1.1090705510943302,-0.019287353122827033,1.1283579042171572,2.2567158084343144,affine,0.10617588471459573,0.21235176942919146,0.9319962481713715,0.11392308168935092,eta_l0_n103_r0,NA,ok
pinn100d_shallow300_medium_affine_pz_topk96_symbolic,single_cell,0,1.0,0,103,1,-1.1476452573399842,1.1090705510943302,-0.019287353122827033,1.1283579042171572,2.2567158084343144,affine,0.32827755135072456,0.6565551027014491,1.0,0.32827755135072456,eta_l0_n103_r1,NA,ok
pinn100d_shallow300_medium_affine_pz_topk96_symbolic,single_cell,0,1.0,0,104,0,-0.8577016693145987,0.8877385522479757,0.015018441466688515,0.8727201107812872,1.7454402215625744,affine,0.05978300541739091,0.11956601083478181,0.9319962481713715,0.06414511381852502,eta_l0_n104_r0,NA,ok
pinn100d_shallow300_medium_affine_pz_topk96_symbolic,single_cell,0,1.0,0,104,1,-0.8577016693145987,0.8877385522479757,0.015018441466688515,0.8727201107812872,1.7454402215625744,affine,0.24683057948606552,0.49366115897213103,1.0,0.24683057948606552,eta_l0_n104_r1,NA,ok
pinn100d_shallow300_medium_affine_pz_topk96_symbolic,single_cell,0,1.0,0,105,0,-1.1779127957269429,1.2185421121727307,0.02031465822289391,1.1982274539498368,2.3964549078996735,affine,0.12010463419158925,0.2402092683831785,0.9319962481713715,0.12886815202018378,eta_l0_n105_r0,NA,ok
pinn100d_shallow300_medium_affine_pz_topk96_symbolic,single_cell,0,1.0,0,105,1,-1.1779127957269429,1.2185421121727307,0.02031465822289391,1.1982274539498368,2.3964549078996735,affine,0.34689200531234776,0.6937840106246955,1.0,0.34689200531234776,eta_l0_n105_r1,NA,ok
pinn100d_shallow300_medium_affine_pz_topk96_symbolic,single_cell,0,1.0,0,106,0,-0.7436028604158077,0.7107002167910169,-0.016451321812395392,0.7271515386034123,1.4543030772068246,affine,0.03822436614129144,0.07644873228258288,0.9319962481713715,0.04101343349427616,eta_l0_n106_r0,NA,ok
pinn100d_shallow300_medium_affine_pz_topk96_symbolic,single_cell,0,1.0,0,106,1,-0.7436028604158077,0.7107002167910169,-0.016451321812395392,0.7271515386034123,1.4543030772068246,affine,0.19290116812859953,0.38580233625719906,1.0,0.19290116812859953,eta_l0_n106_r1,NA,ok
pinn100d_shallow300_medium_affine_pz_topk96_symbolic,single_cell,0,1.0,0,107,0,-0.6364463917753737,0.563347610914743,-0.036549390430315354,0.5998970013450583,1.1997940026901166,affine,0.023429717443423096,0.04685943488684619,0.9319962481713715,0.02513928300612101,eta_l0_n107_r0,NA,ok
pinn100d_shallow300_medium_affine_pz_topk96_symbolic,single_cell,0,1.0,0,107,1,-0.6364463917753737,0.563347610914743,-0.036549390430315354,0.5998970013450583,1.1997940026901166,affine,0.14365662849300698,0.28731325698601395,1.0,0.14365662849300698,eta_l0_n107_r1,NA,ok
pinn100d_shallow300_medium_affine_pz_topk96_symbolic,single_cell,0,1.0,0,108,0,-1.0426471018400016,1.0803325368651484,0.01884271751257338,1.061489819352575,2.12297963870515,affine,0.09324930213724093,0.18649860427448187,0.9319962481713715,0.10005330206017594,eta_l0_n108_r0,NA,ok
pinn100d_shallow300_medium_affine_pz_topk96_symbolic,single_cell,0,1.0,0,108,1,-1.0426471018400016,1.0803325368651484,0.01884271751257338,1.061489819352575,2.12297963870515,affine,0.3089373526281335,0.617874705256267,1.0,0.3089373526281335,eta_l0_n108_r1,NA,ok
pinn100d_shallow300_medium_affine_pz_topk96_symbolic,single_cell,0,1.0,0,109,0,-0.9134574422361408,0.9473867494974706,0.016964653630664905,0.9304220958668057,1.8608441917336114,affine,0.06945072467805004,0.13890144935610008,0.9319962481713715,0.07451824491173245,eta_l0_n109_r0,NA,ok
pinn100d_shallow300_medium_affine_pz_topk96_symbolic,single_cell,0,1.0,0,109,1,-0.9134574422361408,0.9473867494974706,0.016964653630664905,0.9304220958668057,1.8608441917336114,affine,0.26690106136144665,0.5338021227228933,1.0,0.26690106136144665,eta_l0_n109_r1,NA,ok
pinn100d_shallow300_medium_affine_pz_topk96_symbolic,single_cell,0,1.0,0,110,0,-1.2677004222053614,1.222903813557143,-0.022398304324109164,1.2453021178812522,2.4906042357625044,affine,0.1296818009212755,0.259363601842551,0.9319962481713715,0.13914412335427143,eta_l0_n110_r0,NA,ok
pinn100d_shallow300_medium_affine_pz_topk96_symbolic,single_cell,0,1.0,0,110,1,-1.2677004222053614,1.222903813557143,-0.022398304324109164,1.2453021178812522,2.4906042357625044,affine,0.3585026397894039,0.7170052795788078,1.0,0.3585026397894039,eta_l0_n110_r1,NA,ok
pinn100d_shallow300_medium_affine_pz_topk96_symbolic,single_cell,0,1.0,0,111,0,-0.958157890561465,0.9243831398125949,-0.016887375374435076,0.94127051518703,1.88254103037406,affine,0.07132673835576632,0.14265347671153264,0.9319962481713715,0.07653114322693182,eta_l0_n111_r0,NA,ok
pinn100d_shallow300_medium_affine_pz_topk96_symbolic,single_cell,0,1.0,0,111,1,-0.958157890561465,0.9243831398125949,-0.016887375374435076,0.94127051518703,1.88254103037406,affine,0.2705801126588766,0.5411602253177532,1.0,0.2705801126588766,eta_l0_n111_r1,NA,ok
pinn100d_shallow300_medium_affine_pz_topk96_symbolic,single_cell,0,1.0,0,112,0,-0.7914234807966222,0.818891668119116,0.013734093661246893,0.8051575744578691,1.6103151489157381,affine,0.04923190847633619,0.09846381695267238,0.9319962481713715,0.05282414878056852,eta_l0_n112_r0,NA,ok
pinn100d_shallow300_medium_affine_pz_topk96_symbolic,single_cell,0,1.0,0,112,1,-0.7914234807966222,0.818891668119116,0.013734093661246893,0.8051575744578691,1.6103151489157381,affine,0.22230035899282263,0.44460071798564527,1.0,0.22230035899282263,eta_l0_n112_r1,NA,ok
pinn100d_shallow300_medium_affine_pz_topk96_symbolic,single_cell,0,1.0,0,113,0,-0.8496861508209814,0.8720170059064725,0.01116542754274552,0.8608515783637269,1.7217031567274539,affine,0.05784896434081916,0.11569792868163832,0.9319962481713715,0.062069954095117924,eta_l0_n113_r0,NA,ok
pinn100d_shallow300_medium_affine_pz_topk96_symbolic,single_cell,0,1.0,0,113,1,-0.8496861508209814,0.8720170059064725,0.01116542754274552,0.8608515783637269,1.7217031567274539,affine,0.24263703680786103,0.48527407361572206,1.0,0.24263703680786103,eta_l0_n113_r1,NA,ok
pinn100d_shallow300_medium_affine_pz_topk96_symbolic,single_cell,0,1.0,0,114,0,-0.6630886315286884,0.6437069553096086,-0.009690838109539857,0.6533977934191485,1.306795586838297,affine,0.029010392935394484,0.05802078587078897,0.9319962481713715,0.031127156351020178,eta_l0_n114_r0,NA,ok
pinn100d_shallow300_medium_affine_pz_topk96_symbolic,single_cell,0,1.0,0,114,1,-0.6630886315286884,0.6437069553096086,-0.009690838109539857,0.6533977934191485,1.306795586838297,affine,0.164672309515897,0.329344619031794,1.0,0.164672309515897,eta_l0_n114_r1,NA,ok
pinn100d_shallow300_medium_affine_pz_topk96_symbolic,single_cell,0,1.0,0,115,0,-0.7285481849997572,0.7485975228590082,0.010024668929625502,0.7385728539293827,1.4771457078587653,affine,0.039720764451005815,0.07944152890201163,0.9319962481713715,0.04261901754319308,eta_l0_n115_r0,NA,ok
pinn100d_shallow300_medium_affine_pz_topk96_symbolic,single_cell,0,1.0,0,115,1,-0.7285481849997572,0.7485975228590082,0.010024668929625502,0.7385728539293827,1.4771457078587653,affine,0.19732520226170253,0.39465040452340505,1.0,0.19732520226170253,eta_l0_n115_r1,NA,ok
pinn100d_shallow300_medium_affine_pz_topk96_symbolic,single_cell,0,1.0,0,116,0,-0.8744698086050322,0.9089145327376147,0.01722236206629124,0.8916921706713234,1.783384341342647,affine,0.0629088693592051,0.1258177387184102,0.9319962481713715,0.06749905858809604,eta_l0_n116_r0,NA,ok
pinn100d_shallow300_medium_affine_pz_topk96_symbolic,single_cell,0,1.0,0,116,1,-0.8744698086050322,0.9089145327376147,0.01722236206629124,0.8916921706713234,1.783384341342647,affine,0.253502859142495,0.50700571828499,1.0,0.253502859142495,eta_l0_n116_r1,NA,ok
pinn100d_shallow300_medium_affine_pz_topk96_symbolic,single_cell,0,1.0,0,117,0,-1.3740507569108842,1.4125160594440573,0.019232651266586576,1.3932834081774708,2.7865668163549415,affine,0.1603277382012225,0.320655476402445,0.9319962481713715,0.17202616267586318,eta_l0_n117_r0,NA,ok
pinn100d_shallow300_medium_affine_pz_topk96_symbolic,single_cell,0,1.0,0,117,1,-1.3740507569108842,1.4125160594440573,0.019232651266586576,1.3932834081774708,2.7865668163549415,affine,0.39052967606442457,0.7810593521288491,1.0,0.39052967606442457,eta_l0_n117_r1,NA,ok
pinn100d_shallow300_medium_affine_pz_topk96_symbolic,single_cell,0,1.0,0,118,0,-0.7114293139660042,0.684661120813965,-0.013384096576019577,0.6980452173899846,1.3960904347799692,affine,0.03443316994739421,0.06886633989478842,0.9319962481713715,0.03694561004398248,eta_l0_n118_r0,NA,ok
pinn100d_shallow300_medium_affine_pz_topk96_symbolic,single_cell,0,1.0,0,118,1,-0.7114293139660042,0.684661120813965,-0.013384096576019577,0.6980452173899846,1.3960904347799692,affine,0.1818036059699658,0.3636072119399316,1.0,0.1818036059699658,eta_l0_n118_r1,NA,ok
pinn100d_shallow300_medium_affine_pz_topk96_symbolic,single_cell,0,1.0,0,119,0,-1.1687352625088665,1.1298298900732497,-0.01945268621780838,1.1492825762910581,2.2985651525821162,affine,0.11030672337739635,0.2206134467547927,0.9319962481713715,0.11835532985655713,eta_l0_n119_r0,NA,ok
pinn100d_shallow300_medium_affine_pz_topk96_symbolic,single_cell,0,1.0,0,119,1,-1.1687352625088665,1.1298298900732497,-0.01945268621780838,1.1492825762910581,2.2985651525821162,affine,0.3340246272819401,0.6680492545638802,1.0,0.3340246272819401,eta_l0_n119_r1,NA,ok
pinn100d_shallow300_medium_affine_pz_topk96_symbolic,single_cell,0,1.0,0,120,0,-0.7639812920130188,0.7365572828456631,-0.013712004583677828,0.750269287429341,1.500538574858682,affine,0.041338081872310646,0.08267616374462129,0.9319962481713715,0.044354343650436646,eta_l0_n120_r0,NA,ok
pinn100d_shallow300_medium_affine_pz_topk96_symbolic,single_cell,0,1.0,0,120,1,-0.7639812920130188,0.7365572828456631,-0.013712004583677828,0.750269287429341,1.500538574858682,affine,0.20172634433294967,0.40345268866589934,1.0,0.20172634433294967,eta_l0_n120_r1,NA,ok
pinn100d_shallow300_medium_affine_pz_topk96_symbolic,single_cell,0,1.0,0,121,0,-0.666212706257072,0.6906969277491457,0.012242110746036872,0.6784548170031088,1.3569096340062177,affine,0.03199782957754133,0.06399565915508267,0.9319962481713715,0.034332573377116975,eta_l0_n121_r0,NA,ok
pinn100d_shallow300_medium_affine_pz_topk96_symbolic,single_cell,0,1.0,0,121,1,-0.666212706257072,0.6906969277491457,0.012242110746036872,0.6784548170031088,1.3569096340062177,affine,0.17429024028187629,0.34858048056375257,1.0,0.17429024028187629,eta_l0_n121_r1,NA,ok
pinn100d_shallow300_medium_affine_pz_topk96_symbolic,single_cell,0,1.0,0,122,0,-0.8964792612600482,0.9290067815766619,0.016263760158306884,0.9127430214183551,1.8254860428367101,affine,0.06642863621157087,0.13285727242314174,0.9319962481713715,0.0712756476669381,eta_l0_n122_r0,NA,ok
pinn100d_shallow300_medium_affine_pz_topk96_symbolic,single_cell,0,1.0,0,122,1,-0.8964792612600482,0.9290067815766619,0.016263760158306884,0.9127430214183551,1.8254860428367101,affine,0.26084735534552284,0.5216947106910457,1.0,0.26084735534552284,eta_l0_n122_r1,NA,ok
pinn100d_shallow300_medium_affine_pz_topk96_symbolic,single_cell,0,1.0,0,123,0,-1.1041675633687147,1.1420328248526195,0.018932630741952394,1.123100194110667,2.246200388221334,affine,0.10514210954629312,0.21028421909258624,0.9319962481713715,0.11281387639981147,eta_l0_n123_r0,NA,ok
pinn100d_shallow300_medium_affine_pz_topk96_symbolic,single_cell,0,1.0,0,123,1,-1.1041675633687147,1.1420328248526195,0.018932630741952394,1.123100194110667,2.246200388221334,affine,0.3268151844988936,0.6536303689977871,1.0,0.3268151844988936,eta_l0_n123_r1,NA,ok
pinn100d_shallow300_medium_affine_pz_topk96_symbolic,single_cell,0,1.0,0,124,0,-0.7854236701342572,0.7505279392833624,-0.017447865425447406,0.7679758047088098,1.5359516094176195,affine,0.04383925134039441,0.08767850268078882,0.9319962481713715,0.04703801268128435,eta_l0_n124_r0,NA,ok
pinn100d_shallow300_medium_affine_pz_topk96_symbolic,single_cell,0,1.0,0,124,1,-0.7854236701342572,0.7505279392833624,-0.017447865425447406,0.7679758047088098,1.5359516094176195,affine,0.2083621946695587,0.4167243893391174,1.0,0.2083621946695587,eta_l0_n124_r1,NA,ok
pinn100d_shallow300_medium_affine_pz_topk96_symbolic,single_cell,0,1.0,0,125,0,-1.3977310453244942,1.362160377008622,-0.01778533415793615,1.379945711166558,2.759891422333116,affine,0.1575371349875396,0.3150742699750792,0.9319962481713715,0.16903194116568196,eta_l0_n125_r0,NA,ok
pinn100d_shallow300_medium_affine_pz_topk96_symbolic,single_cell,0,1.0,0,125,1,-1.3977310453244942,1.362160377008622,-0.01778533415793615,1.379945711166558,2.759891422333116,affine,0.38793782616216815,0.7758756523243363,1.0,0.38793782616216815,eta_l0_n125_r1,NA,ok
pinn100d_shallow300_medium_affine_pz_topk96_symbolic,single_cell,0,1.0,0,126,0,-1.1455060830246946,1.1862496927259263,0.02037180485061585,1.1658778878753104,2.331755775750621,affine,0.11361256119173553,0.22722512238347106,0.9319962481713715,0.12190238041692732,eta_l0_n126_r0,NA,ok
pinn100d_shallow300_medium_affine_pz_topk96_symbolic,single_cell,0,1.0,0,126,1,-1.1455060830246946,1.1862496927259263,0.02037180485061585,1.1658778878753104,2.331755775750621,affine,0.33846737843434105,0.6769347568686821,1.0,0.33846737843434105,eta_l0_n126_r1,NA,ok
pinn100d_shallow300_medium_affine_pz_topk96_symbolic,single_cell,0,1.0,0,127,0,-1.1653861727789858,1.1295881895992121,-0.017898991589886837,1.147487181189099,2.294974362378198,affine,0.10994269110721135,0.2198853822144227,0.9319962481713715,0.11796473571961799,eta_l0_n127_r0,NA,ok
pinn100d_shallow300_medium_affine_pz_topk96_symbolic,single_cell,0,1.0,0,127,1,-1.1653861727789858,1.1295881895992121,-0.017898991589886837,1.147487181189099,2.294974362378198,affine,0.33355880708885166,0.6671176141777033,1.0,0.33355880708885166,eta_l0_n127_r1,NA,ok
pinn100d_shallow300_medium_affine_pz_topk96_symbolic,single_cell,0,1.0,0,128,0,-0.9183696950325081,0.9538988826345168,0.01776459380100437,0.9361342888335125,1.872268577667025,affine,0.07044155189568786,0.14088310379137572,0.9319962481713715,0.07558136852363742,eta_l0_n128_r0,NA,ok
pinn100d_shallow300_medium_affine_pz_topk96_symbolic,single_cell,0,1.0,0,128,1,-0.9183696950325081,0.9538988826345168,0.01776459380100437,0.9361342888335125,1.872268577667025,affine,0.2688296286984237,0.5376592573968474,1.0,0.2688296286984237,eta_l0_n128_r1,NA,ok
pinn100d_shallow300_medium_affine_pz_topk96_symbolic,single_cell,0,1.0,0,129,0,-0.8382147723907126,0.8049901321285021,-0.01661232013110525,0.8216024522596074,1.6432049045192147,affine,0.0517349305265229,0.1034698610530458,0.9319962481713715,0.05550980556845558,eta_l0_n129_r0,NA,ok
pinn100d_shallow300_medium_affine_pz_topk96_symbolic,single_cell,0,1.0,0,129,1,-0.8382147723907126,0.8049901321285021,-0.01661232013110525,0.8216024522596074,1.6432049045192147,affine,0.2283246773501364,0.4566493547002728,1.0,0.2283246773501364,eta_l0_n129_r1,NA,ok
pinn100d_shallow300_medium_affine_pz_topk96_symbolic,single_cell,0,1.0,0,130,0,-1.0156344504627695,1.0500586106082939,0.017212080072762204,1.0328465305355317,2.0656930610710633,affine,0.08784979328981053,0.17569958657962106,0.9319962481713715,0.0942598143095283,eta_l0_n130_r0,NA,ok
pinn100d_shallow300_medium_affine_pz_topk96_symbolic,single_cell,0,1.0,0,130,1,-1.0156344504627695,1.0500586106082939,0.017212080072762204,1.0328465305355317,2.0656930610710633,affine,0.30022639347126356,0.6004527869425271,1.0,0.30022639347126356,eta_l0_n130_r1,NA,ok
pinn100d_shallow300_medium_affine_pz_topk96_symbolic,single_cell,0,1.0,0,131,0,-1.047450072089849,1.0179226028488386,-0.014763734620505176,1.0326863374693438,2.0653726749386876,affine,0.08780704324716622,0.17561408649433244,0.9319962481713715,0.09421394498041008,eta_l0_n131_r0,NA,ok
pinn100d_shallow300_medium_affine_pz_topk96_symbolic,single_cell,0,1.0,0,131,1,-1.047450072089849,1.0179226028488386,-0.014763734620505176,1.0326863374693438,2.0653726749386876,affine,0.3002092776642886,0.6004185553285772,1.0,0.3002092776642886,eta_l0_n131_r1,NA,ok
pinn100d_shallow300_medium_affine_pz_topk96_symbolic,single_cell,0,1.0,0,132,0,-1.060935041080445,1.0970640029002237,0.018064480909889324,1.0789995219903343,2.1579990439806687,affine,0.09658521996959714,0.19317043993919428,0.9319962481713715,0.10363262744791378,eta_l0_n132_r0,NA,ok
pinn100d_shallow300_medium_affine_pz_topk96_symbolic,single_cell,0,1.0,0,132,1,-1.060935041080445,1.0970640029002237,0.018064480909889324,1.0789995219903343,2.1579990439806687,affine,0.3141573803296547,0.6283147606593094,1.0,0.3141573803296547,eta_l0_n132_r1,NA,ok
pinn100d_shallow300_medium_affine_pz_topk96_symbolic,single_cell,0,1.0,0,133,0,-1.253402395011484,1.2165648038644405,-0.018418795573521773,1.2349835994379623,2.4699671988759246,affine,0.12755412399079488,0.25510824798158976,0.9319962481713715,0.13686119900274618,eta_l0_n133_r0,NA,ok
pinn100d_shallow300_medium_affine_pz_topk96_symbolic,single_cell,0,1.0,0,133,1,-1.253402395011484,1.2165648038644405,-0.018418795573521773,1.2349835994379623,2.4699671988759246,affine,0.356068269207211,0.712136538414422,1.0,0.356068269207211,eta_l0_n133_r1,NA,ok
pinn100d_shallow300_medium_affine_pz_topk96_symbolic,single_cell,0,1.0,0,134,0,-1.0114330530784947,0.9766652867437464,-0.01738388316737416,0.9940491699111206,1.9880983398222412,affine,0.08071068741298588,0.16142137482597177,0.9319962481713715,0.08659979862724206,eta_l0_n134_r0,NA,ok
pinn100d_shallow300_medium_affine_pz_topk96_symbolic,single_cell,0,1.0,0,134,1,-1.0114330530784947,0.9766652867437464,-0.01738388316737416,0.9940491699111206,1.9880983398222412,affine,0.2879753490369872,0.5759506980739744,1.0,0.2879753490369872,eta_l0_n134_r1,NA,ok
pinn100d_shallow300_medium_affine_pz_topk96_symbolic,single_cell,0,1.0,0,135,0,-1.283272451573751,1.3273446149675863,0.02203608169691762,1.3053085332706686,2.6106170665413373,affine,0.142031026455352,0.284062052910704,0.9319962481713715,0.15239441868357817,eta_l0_n135_r0,NA,ok
pinn100d_shallow300_medium_affine_pz_topk96_symbolic,single_cell,0,1.0,0,135,1,-1.283272451573751,1.3273446149675863,0.02203608169691762,1.3053085332706686,2.6106170665413373,affine,0.3723051142259514,0.7446102284519028,1.0,0.3723051142259514,eta_l0_n135_r1,NA,ok
pinn100d_shallow300_medium_affine_pz_topk96_symbolic,single_cell,0,1.0,0,136,0,-0.8365248390947787,0.8557722052771414,0.009623683091181334,0.84614852218596,1.69229704437192,affine,0.055506724224711264,0.11101344844942253,0.9319962481713715,0.059556810806501145,eta_l0_n136_r0,NA,ok
pinn100d_shallow300_medium_affine_pz_topk96_symbolic,single_cell,0,1.0,0,136,1,-0.8365248390947787,0.8557722052771414,0.009623683091181334,0.84614852218596,1.69229704437192,affine,0.23735487630608,0.47470975261216,1.0,0.23735487630608,eta_l0_n136_r1,NA,ok
pinn100d_shallow300_medium_affine_pz_topk96_symbolic,single_cell,0,1.0,0,137,0,-1.1299748853383094,1.1721429880236618,0.021084051342676213,1.1510589366809856,2.302117873361971,affine,0.1106683443332991,0.2213366886665982,0.9319962481713715,0.11874333673599712,eta_l0_n137_r0,NA,ok
pinn100d_shallow300_medium_affine_pz_topk96_symbolic,single_cell,0,1.0,0,137,1,-1.1299748853383094,1.1721429880236618,0.021084051342676213,1.1510589366809856,2.302117873361971,affine,0.33448127202207456,0.6689625440441491,1.0,0.33448127202207456,eta_l0_n137_r1,NA,ok
pinn100d_shallow300_medium_affine_pz_topk96_symbolic,single_cell,0,1.0,0,138,0,-1.4795147536405517,1.4449804711041994,-0.01726714126817619,1.4622476123723755,2.924495224744751,affine,0.1747409545584442,0.3494819091168884,0.9319962481713715,0.18749104934842353,eta_l0_n138_r0,NA,ok
pinn100d_shallow300_medium_affine_pz_topk96_symbolic,single_cell,0,1.0,0,138,1,-1.4795147536405517,1.4449804711041994,-0.01726714126817619,1.4622476123723755,2.924495224744751,affine,0.4032069921724032,0.8064139843448064,1.0,0.4032069921724032,eta_l0_n138_r1,NA,ok
pinn100d_shallow300_medium_affine_pz_topk96_symbolic,single_cell,0,1.0,0,139,0,-1.1846112842973124,1.1451154059873383,-0.01974793915498707,1.1648633451423254,2.3297266902846507,affine,0.11340669701661678,0.22681339403323356,0.9319962481713715,0.12168149521967178,eta_l0_n139_r0,NA,ok
pinn100d_shallow300_medium_affine_pz_topk96_symbolic,single_cell,0,1.0,0,139,1,-1.1846112842973124,1.1451154059873383,-0.01974793915498707,1.1648633451423254,2.3297266902846507,affine,0.3382067958346997,0.6764135916693994,1.0,0.3382067958346997,eta_l0_n139_r1,NA,ok
pinn100d_shallow300_medium_affine_pz_topk96_symbolic,single_cell,0,1.0,0,140,0,-1.0016612677883296,1.0308531994790653,0.01459596584536782,1.0162572336336975,2.032514467267395,affine,0.08475915274863734,0.16951830549727467,0.9319962481713715,0.0909436630404248,eta_l0_n140_r0,NA,ok
pinn100d_shallow300_medium_affine_pz_topk96_symbolic,single_cell,0,1.0,0,140,1,-1.0016612677883296,1.0308531994790653,0.01459596584536782,1.0162572336336975,2.032514467267395,affine,0.2950819976681076,0.5901639953362152,1.0,0.2950819976681076,eta_l0_n140_r1,NA,ok
pinn100d_shallow300_medium_affine_pz_topk96_symbolic,single_cell,0,1.0,0,141,0,-0.8542154631766357,0.8897074866463954,0.017746011734879885,0.8719614749115155,1.743922949823031,affine,0.05967715153016984,0.11935430306033969,0.9319962481713715,0.06403153622909935,eta_l0_n141_r0,NA,ok
pinn100d_shallow300_medium_affine_pz_topk96_symbolic,single_cell,0,1.0,0,141,1,-0.8542154631766357,0.8897074866463954,0.017746011734879885,0.8719614749115155,1.743922949823031,affine,0.24652077232990388,0.49304154465980776,1.0,0.24652077232990388,eta_l0_n141_r1,NA,ok
pinn100d_shallow300_medium_affine_pz_topk96_symbolic,single_cell,0,1.0,0,142,0,-1.0907597002338707,1.1219900064229051,0.01561515309451722,1.106374853328388,2.212749706656776,affine,0.10185940078171347,0.20371880156342695,0.9319962481713715,0.10929164251633769,eta_l0_n142_r0,NA,ok
pinn100d_shallow300_medium_affine_pz_topk96_symbolic,single_cell,0,1.0,0,142,1,-1.0907597002338707,1.1219900064229051,0.01561515309451722,1.106374853328388,2.212749706656776,affine,0.3221303897798582,0.6442607795597164,1.0,0.3221303897798582,eta_l0_n142_r1,NA,ok
pinn100d_shallow300_medium_affine_pz_topk96_symbolic,single_cell,0,1.0,0,143,0,-0.8162896758725653,0.8281241957461958,0.0059172599368152445,0.8222069358093805,1.644413871618761,affine,0.05177898004970977,0.10355796009941955,0.9319962481713715,0.05555706919561427,eta_l0_n143_r0,NA,ok
pinn100d_shallow300_medium_affine_pz_topk96_symbolic,single_cell,0,1.0,0,143,1,-0.8162896758725653,0.8281241957461958,0.0059172599368152445,0.8222069358093805,1.644413871618761,affine,0.22865439410150246,0.4573087882030049,1.0,0.22865439410150246,eta_l0_n143_r1,NA,ok
pinn100d_shallow300_medium_affine_pz_topk96_symbolic,single_cell,0,1.0,0,144,0,-1.0737179807403916,1.0426127742833173,-0.015552603228537132,1.0581653775118545,2.116330755023709,affine,0.09260083445632895,0.1852016689126579,0.9319962481713715,0.0993575184857417,eta_l0_n144_r0,NA,ok
pinn100d_shallow300_medium_affine_pz_topk96_symbolic,single_cell,0,1.0,0,144,1,-1.0737179807403916,1.0426127742833173,-0.015552603228537132,1.0581653775118545,2.116330755023709,affine,0.30798318336415104,0.6159663667283021,1.0,0.30798318336415104,eta_l0_n144_r1,NA,ok
pinn100d_shallow300_medium_affine_pz_topk96_symbolic,single_cell,0,1.0,0,145,0,-0.908246631810817,0.8772921563875723,-0.01547723771162235,0.8927693940991946,1.7855387881983893,affine,0.06307662244905878,0.12615324489811755,0.9319962481713715,0.06767905189835112,eta_l0_n145_r0,NA,ok
pinn100d_shallow300_medium_affine_pz_topk96_symbolic,single_cell,0,1.0,0,145,1,-0.908246631810817,0.8772921563875723,-0.01547723771162235,0.8927693940991946,1.7855387881983893,affine,0.253906143084322,0.507812286168644,1.0,0.253906143084322,eta_l0_n145_r1,NA,ok
pinn100d_shallow300_medium_affine_pz_topk96_symbolic,single_cell,0,1.0,0,146,0,-1.3022655421739977,1.3407396287397113,0.019237043282856803,1.3215025854568545,2.643005170913709,affine,0.145374579693725,0.29074915938745,0.9319962481713715,0.15598193660002174,eta_l0_n146_r0,NA,ok
pinn100d_shallow300_medium_affine_pz_topk96_symbolic,single_cell,0,1.0,0,146,1,-1.3022655421739977,1.3407396287397113,0.019237043282856803,1.3215025854568545,2.643005170913709,affine,0.37586776251971343,0.7517355250394269,1.0,0.37586776251971343,eta_l0_n146_r1,NA,ok
pinn100d_shallow300_medium_affine_pz_topk96_symbolic,single_cell,0,1.0,0,147,0,-0.9610675137578785,0.9233653689554445,-0.018851072401216973,0.9422164413566615,1.884432882713323,affine,0.071503963689264,0.143007927378528,0.9319962481713715,0.07672129992964967,eta_l0_n147_r0,NA,ok
pinn100d_shallow300_medium_affine_pz_topk96_symbolic,single_cell,0,1.0,0,147,1,-0.9610675137578785,0.9233653689554445,-0.018851072401216973,0.9422164413566615,1.884432882713323,affine,0.27086854893595547,0.5417370978719109,1.0,0.27086854893595547,eta_l0_n147_r1,NA,ok
pinn100d_shallow300_medium_affine_pz_topk96_symbolic,single_cell,0,1.0,0,148,0,-1.4347906560759482,1.3957044259669074,-0.019543115054520444,1.4152475410214278,2.8304950820428556,affine,0.16491939624199328,0.32983879248398656,0.9319962481713715,0.17695285422615628,eta_l0_n148_r0,NA,ok
pinn100d_shallow300_medium_affine_pz_topk96_symbolic,single_cell,0,1.0,0,148,1,-1.4347906560759482,1.3957044259669074,-0.019543115054520444,1.4152475410214278,2.8304950820428556,affine,0.3947057909211337,0.7894115818422675,1.0,0.3947057909211337,eta_l0_n148_r1,NA,ok
pinn100d_shallow300_medium_affine_pz_topk96_symbolic,single_cell,0,1.0,0,149,0,-0.85590996830905,0.8252779003869347,-0.015316033961057629,0.8405939343479923,1.6811878686959847,affine,0.05466287032502593,0.10932574065005186,0.9319962481713715,0.05865138452249945,eta_l0_n149_r0,NA,ok
pinn100d_shallow300_medium_affine_pz_topk96_symbolic,single_cell,0,1.0,0,149,1,-0.85590996830905,0.8252779003869347,-0.015316033961057629,0.8405939343479923,1.6811878686959847,affine,0.23527771722316493,0.47055543444632986,1.0,0.23527771722316493,eta_l0_n149_r1,NA,ok
pinn100d_shallow300_medium_affine_pz_topk96_symbolic,single_cell,0,1.0,0,150,0,-0.81442882440053,0.8392548862181488,0.012413030908809408,0.8268418553093394,1.6536837106186788,affine,0.0525136087308466,0.1050272174616932,0.9319962481713715,0.05634530056733729,eta_l0_n150_r0,NA,ok
pinn100d_shallow300_medium_affine_pz_topk96_symbolic,single_cell,0,1.0,0,150,1,-0.81442882440053,0.8392548862181488,0.012413030908809408,0.8268418553093394,1.6536837106186788,affine,0.23029984075508209,0.46059968151016417,1.0,0.23029984075508209,eta_l0_n150_r1,NA,ok
pinn100d_shallow300_medium_affine_pz_topk96_symbolic,single_cell,0,1.0,0,151,0,-0.7794240378560415,0.7516667225555955,-0.013878657650223003,0.7655453802058185,1.531090760411637,affine,0.04347210480581693,0.08694420961163386,0.9319962481713715,0.04664407704549414,eta_l0_n151_r0,NA,ok
pinn100d_shallow300_medium_affine_pz_topk96_symbolic,single_cell,0,1.0,0,151,1,-0.7794240378560415,0.7516667225555955,-0.013878657650223003,0.7655453802058185,1.531090760411637,affine,0.20749637537672616,0.4149927507534523,1.0,0.20749637537672616,eta_l0_n151_r1,NA,ok
pinn100d_shallow300_medium_affine_pz_topk96_symbolic,single_cell,0,1.0,0,152,0,-1.2728778080271927,1.3140653792633163,0.0205937856180618,1.2934715936452545,2.586943187290509,affine,0.13957622498198222,0.27915244996396443,0.9319962481713715,0.1497605009202972,eta_l0_n152_r0,NA,ok
pinn100d_shallow300_medium_affine_pz_topk96_symbolic,single_cell,0,1.0,0,152,1,-1.2728778080271927,1.3140653792633163,0.0205937856180618,1.2934715936452545,2.586943187290509,affine,0.36969406958175527,0.7393881391635105,1.0,0.36969406958175527,eta_l0_n152_r1,NA,ok
pinn100d_shallow300_medium_affine_pz_topk96_symbolic,single_cell,0,1.0,0,153,0,-0.6937322806667295,0.7204075004186045,0.013337609875937462,0.707069890542667,1.414139781085334,affine,0.03558178463885487,0.07116356927770974,0.9319962481713715,0.038178034202034944,eta_l0_n153_r0,NA,ok
pinn100d_shallow300_medium_affine_pz_topk96_symbolic,single_cell,0,1.0,0,153,1,-0.6937322806667295,0.7204075004186045,0.013337609875937462,0.707069890542667,1.414139781085334,affine,0.18526418828007996,0.3705283765601599,1.0,0.18526418828007996,eta_l0_n153_r1,NA,ok
pinn100d_shallow300_medium_affine_pz_topk96_symbolic,single_cell,0,1.0,0,154,0,-0.79668091660671,0.7634063707671254,-0.016637272919792334,0.7800436436869177,1.5600872873738354,affine,0.04555995415804837,0.09111990831609675,0.9319962481713715,0.04888426777193528,eta_l0_n154_r0,NA,ok
pinn100d_shallow300_medium_affine_pz_topk96_symbolic,single_cell,0,1.0,0,154,1,-0.79668091660671,0.7634063707671254,-0.016637272919792334,0.7800436436869177,1.5600872873738354,affine,0.21290628402333134,0.4258125680466627,1.0,0.21290628402333134,eta_l0_n154_r1,NA,ok
pinn100d_shallow300_medium_affine_pz_topk96_symbolic,single_cell,0,1.0,0,155,0,-0.8940835656454459,0.858851089575522,-0.01761623803496193,0.876467327610484,1.752934655220968,affine,0.060409021979322915,0.12081804395864583,0.9319962481713715,0.06481680811253134,eta_l0_n155_r0,NA,ok
pinn100d_shallow300_medium_affine_pz_topk96_symbolic,single_cell,0,1.0,0,155,1,-0.8940835656454459,0.858851089575522,-0.01761623803496193,0.876467327610484,1.752934655220968,affine,0.24812396510144952,0.49624793020289903,1.0,0.24812396510144952,eta_l0_n155_r1,NA,ok
pinn100d_shallow300_medium_affine_pz_topk96_symbolic,single_cell,0,1.0,0,156,0,-0.9292268209994728,0.9689797402104269,0.019876459605477015,0.9491032806049499,1.8982065612098997,affine,0.07271276999907768,0.14542553999815536,0.9319962481713715,0.07801830762918217,eta_l0_n156_r0,NA,ok
pinn100d_shallow300_medium_affine_pz_topk96_symbolic,single_cell,0,1.0,0,156,1,-0.9292268209994728,0.9689797402104269,0.019876459605477015,0.9491032806049499,1.8982065612098997,affine,0.27316687115563565,0.5463337423112713,1.0,0.27316687115563565,eta_l0_n156_r1,NA,ok
pinn100d_shallow300_medium_affine_pz_topk96_symbolic,single_cell,0,1.0,0,157,0,-1.1731237389534528,1.2050166691047852,0.015946465075666216,1.189070204029119,2.378140408058238,affine,0.11823823949624425,0.2364764789924885,0.9319962481713715,0.12686557454306738,eta_l0_n157_r0,NA,ok
pinn100d_shallow300_medium_affine_pz_topk96_symbolic,single_cell,0,1.0,0,157,1,-1.1731237389534528,1.2050166691047852,0.015946465075666216,1.189070204029119,2.378140408058238,affine,0.34459962052402604,0.6891992410480521,1.0,0.34459962052402604,eta_l0_n157_r1,NA,ok
pinn100d_shallow300_medium_affine_pz_topk96_symbolic,single_cell,0,1.0,0,158,0,-0.8913860173428696,0.9226653347131664,0.015639658685148383,0.907025676028018,1.814051352056036,affine,0.06545990610854242,0.13091981221708485,0.9319962481713715,0.07023623350091635,eta_l0_n158_r0,NA,ok
pinn100d_shallow300_medium_affine_pz_topk96_symbolic,single_cell,0,1.0,0,158,1,-0.8913860173428696,0.9226653347131664,0.015639658685148383,0.907025676028018,1.814051352056036,affine,0.25887689896386723,0.5177537979277345,1.0,0.25887689896386723,eta_l0_n158_r1,NA,ok
pinn100d_shallow300_medium_affine_pz_topk96_symbolic,single_cell,0,1.0,0,159,0,-1.1273921839493979,1.0959081779819333,-0.015742002983732295,1.1116501809656656,2.223300361931331,affine,0.10288727370103208,0.20577454740206416,0.9319962481713715,0.11039451489520762,eta_l0_n159_r0,NA,ok
pinn100d_shallow300_medium_affine_pz_topk96_symbolic,single_cell,0,1.0,0,159,1,-1.1273921839493979,1.0959081779819333,-0.015742002983732295,1.1116501809656656,2.223300361931331,affine,0.32363040412414623,0.6472608082482925,1.0,0.32363040412414623,eta_l0_n159_r1,NA,ok
pinn100d_shallow300_medium_affine_pz_topk96_symbolic,single_cell,0,1.0,0,160,0,-1.492386044559716,1.4589190080498684,-0.01673351825492375,1.4756525263047922,2.9513050526095843,affine,0.1775418997412546,0.3550837994825092,0.9319962481713715,0.19049636743667336,eta_l0_n160_r0,NA,ok
pinn100d_shallow300_medium_affine_pz_topk96_symbolic,single_cell,0,1.0,0,160,1,-1.492386044559716,1.4589190080498684,-0.01673351825492375,1.4756525263047922,2.9513050526095843,affine,0.4055171391129622,0.8110342782259244,1.0,0.4055171391129622,eta_l0_n160_r1,NA,ok
pinn100d_shallow300_medium_affine_pz_topk96_symbolic,single_cell,0,1.0,0,161,0,-0.8118887083898723,0.7855637226605154,-0.01316249286467841,0.7987262155251939,1.5974524310503877,affine,0.04827148630569767,0.09654297261139534,0.9319962481713715,0.05179364874097832,eta_l0_n161_r0,NA,ok
pinn100d_shallow300_medium_affine_pz_topk96_symbolic,single_cell,0,1.0,0,161,1,-0.8118887083898723,0.7855637226605154,-0.01316249286467841,0.7987262155251939,1.5974524310503877,affine,0.21992204690021305,0.4398440938004261,1.0,0.21992204690021305,eta_l0_n161_r1,NA,ok
pinn100d_shallow300_medium_affine_pz_topk96_symbolic,single_cell,0,1.0,0,162,0,-0.9685612086655193,0.9950593658781908,0.013249078606335729,0.981810287271855,1.96362057454371,affine,0.07847764604365189,0.15695529208730377,0.9319962481713715,0.08420382184759799,eta_l0_n162_r0,NA,ok
pinn100d_shallow300_medium_affine_pz_topk96_symbolic,single_cell,0,1.0,0,162,1,-0.9685612086655193,0.9950593658781908,0.013249078606335729,0.981810287271855,1.96362057454371,affine,0.28406853154096634,0.5681370630819327,1.0,0.28406853154096634,eta_l0_n162_r1,NA,ok
pinn100d_shallow300_medium_affine_pz_topk96_symbolic,single_cell,0,1.0,0,163,0,-0.8271071303752251,0.8610459715485377,0.016969420586656292,0.8440765509618814,1.6881531019237628,affine,0.055219362719068694,0.11043872543813739,0.9319962481713715,0.05924848176954806,eta_l0_n163_r0,NA,ok
pinn100d_shallow300_medium_affine_pz_topk96_symbolic,single_cell,0,1.0,0,163,1,-0.8271071303752251,0.8610459715485377,0.016969420586656292,0.8440765509618814,1.6881531019237628,affine,0.2365171171742459,0.4730342343484918,1.0,0.2365171171742459,eta_l0_n163_r1,NA,ok
pinn100d_shallow300_medium_affine_pz_topk96_symbolic,single_cell,0,1.0,0,164,0,-1.1176997476072552,1.1538089483476912,0.018054600370218,1.1357543479774732,2.2715086959549464,affine,0.10762484486853492,0.21524968973706984,0.9319962481713715,0.11547776622459678,eta_l0_n164_r0,NA,ok
pinn100d_shallow300_medium_affine_pz_topk96_symbolic,single_cell,0,1.0,0,164,1,-1.1176997476072552,1.1538089483476912,0.018054600370218,1.1357543479774732,2.2715086959549464,affine,0.33034402088890125,0.6606880417778025,1.0,0.33034402088890125,eta_l0_n164_r1,NA,ok
pinn100d_shallow300_medium_affine_pz_topk96_symbolic,single_cell,0,1.0,0,165,0,-0.9571068847382636,0.9915651490227835,0.017229132142259962,0.9743360168805235,1.948672033761047,affine,0.07715881571356727,0.15431763142713453,0.9319962481713715,0.08278876214894336,eta_l0_n165_r0,NA,ok
pinn100d_shallow300_medium_affine_pz_topk96_symbolic,single_cell,0,1.0,0,165,1,-0.9571068847382636,0.9915651490227835,0.017229132142259962,0.9743360168805235,1.948672033761047,affine,0.28157507368831103,0.5631501473766221,1.0,0.28157507368831103,eta_l0_n165_r1,NA,ok
pinn100d_shallow300_medium_affine_pz_topk96_symbolic,single_cell,0,1.0,0,166,0,-1.1951923778641027,1.1529662485775045,-0.021113064643299095,1.1740793132208036,2.348158626441607,affine,0.11525571941871461,0.23051143883742922,0.9319962481713715,0.12366543282213072,eta_l0_n166_r0,NA,ok
pinn100d_shallow300_medium_affine_pz_topk96_symbolic,single_cell,0,1.0,0,166,1,-1.1951923778641027,1.1529662485775045,-0.021113064643299095,1.1740793132208036,2.348158626441607,affine,0.3406246922472449,0.6812493844944898,1.0,0.3406246922472449,eta_l0_n166_r1,NA,ok
pinn100d_shallow300_medium_affine_pz_topk96_symbolic,single_cell,0,1.0,0,167,0,-1.1001154688531452,1.072608887706285,-0.01375329057343011,1.086362178279715,2.17272435655943,affine,0.0979784771275863,0.1959569542551726,0.9319962481713715,0.10512754457952542,eta_l0_n167_r0,NA,ok
pinn100d_shallow300_medium_affine_pz_topk96_symbolic,single_cell,0,1.0,0,167,1,-1.1001154688531452,1.072608887706285,-0.01375329057343011,1.086362178279715,2.17272435655943,affine,0.31637193416115644,0.6327438683223129,1.0,0.31637193416115644,eta_l0_n167_r1,NA,ok
pinn100d_shallow300_medium_affine_pz_topk96_symbolic,single_cell,0,1.0,0,168,0,-1.0289821496950908,1.0687833262456736,0.019900588275291398,1.0488827379703822,2.0977654759407645,affine,0.09087186490139544,0.18174372980279088,0.9319962481713715,0.09750239346959937,eta_l0_n168_r0,NA,ok
pinn100d_shallow300_medium_affine_pz_topk96_symbolic,single_cell,0,1.0,0,168,1,-1.0289821496950908,1.0687833262456736,0.019900588275291398,1.0488827379703822,2.0977654759407645,affine,0.3051084494179191,0.6102168988358382,1.0,0.3051084494179191,eta_l0_n168_r1,NA,ok
pinn100d_shallow300_medium_affine_pz_topk96_symbolic,single_cell,0,1.0,0,169,0,-0.8810525006112326,0.8477341734459158,-0.0166591635826584,0.8643933370285742,1.7287866740571485,affine,0.05844734457479079,0.11689468914958158,0.9319962481713715,0.06271199555735094,eta_l0_n169_r0,NA,ok
pinn100d_shallow300_medium_affine_pz_topk96_symbolic,single_cell,0,1.0,0,169,1,-0.8810525006112326,0.8477341734459158,-0.0166591635826584,0.8643933370285742,1.7287866740571485,affine,0.2438371059123533,0.4876742118247066,1.0,0.2438371059123533,eta_l0_n169_r1,NA,ok
pinn100d_shallow300_medium_affine_pz_topk96_symbolic,single_cell,0,1.0,0,170,0,-0.8468298613304297,0.8765102975610901,0.014840218115330206,0.8616700794457599,1.7233401588915198,affine,0.05799879967277095,0.1159975993455419,0.9319962481713715,0.06223072226585442,eta_l0_n170_r0,NA,ok
pinn100d_shallow300_medium_affine_pz_topk96_symbolic,single_cell,0,1.0,0,170,1,-0.8468298613304297,0.8765102975610901,0.014840218115330206,0.8616700794457599,1.7233401588915198,affine,0.24288770303173635,0.4857754060634727,1.0,0.24288770303173635,eta_l0_n170_r1,NA,ok
pinn100d_shallow300_medium_affine_pz_topk96_symbolic,single_cell,0,1.0,0,171,0,-1.1567718049908575,1.1214757897709777,-0.017648007609939897,1.1391237973809176,2.2782475947618352,affine,0.10828744905510314,0.21657489811020628,0.9319962481713715,0.11618871778461462,eta_l0_n171_r0,NA,ok
pinn100d_shallow300_medium_affine_pz_topk96_symbolic,single_cell,0,1.0,0,171,1,-1.1567718049908575,1.1214757897709777,-0.017648007609939897,1.1391237973809176,2.2782475947618352,affine,0.3312768331711643,0.6625536663423286,1.0,0.3312768331711643,eta_l0_n171_r1,NA,ok
pinn100d_shallow300_medium_affine_pz_topk96_symbolic,single_cell,0,1.0,0,172,0,-0.6602039211953794,0.6350755481873449,-0.01256418650401725,0.6476397346913622,1.2952794693827243,affine,0.028361496955946756,0.05672299391189351,0.9319962481713715,0.03043091322695085,eta_l0_n172_r0,NA,ok
pinn100d_shallow300_medium_affine_pz_topk96_symbolic,single_cell,0,1.0,0,172,1,-0.6602039211953794,0.6350755481873449,-0.01256418650401725,0.6476397346913622,1.2952794693827243,affine,0.1624303925044039,0.3248607850088078,1.0,0.1624303925044039,eta_l0_n172_r1,NA,ok
pinn100d_shallow300_medium_affine_pz_topk96_symbolic,single_cell,0,1.0,0,173,0,-0.6736564656359886,0.6502014587413382,-0.011727503447325205,0.6619289621886634,1.3238579243773267,affine,0.030016059137825183,0.060032118275650366,0.9319962481713715,0.032206201684522186,eta_l0_n173_r0,NA,ok
pinn100d_shallow300_medium_affine_pz_topk96_symbolic,single_cell,0,1.0,0,173,1,-0.6736564656359886,0.6502014587413382,-0.011727503447325205,0.6619289621886634,1.3238579243773267,affine,0.16793748849175272,0.33587497698350544,1.0,0.16793748849175272,eta_l0_n173_r1,NA,ok
pinn100d_shallow300_medium_affine_pz_topk96_symbolic,single_cell,0,1.0,0,174,0,-1.267195182787436,1.2257910549274453,-0.020702063929995296,1.2464931188574406,2.4929862377148813,affine,0.12991639486248988,0.25983278972497975,0.9319962481713715,0.13939583460490648,eta_l0_n174_r0,NA,ok
pinn100d_shallow300_medium_affine_pz_topk96_symbolic,single_cell,0,1.0,0,174,1,-1.267195182787436,1.2257910549274453,-0.020702063929995296,1.2464931188574406,2.4929862377148813,affine,0.3588123469275569,0.7176246938551138,1.0,0.3588123469275569,eta_l0_n174_r1,NA,ok
pinn100d_shallow300_medium_affine_pz_topk96_symbolic,single_cell,0,1.0,0,175,0,-1.3831413857359587,1.428157169742103,0.022507892003072127,1.4056492777390308,2.8112985554780616,affine,0.16292477100837002,0.32584954201674005,0.9319962481713715,0.17481268978071263,eta_l0_n175_r0,NA,ok
pinn100d_shallow300_medium_affine_pz_topk96_symbolic,single_cell,0,1.0,0,175,1,-1.3831413857359587,1.428157169742103,0.022507892003072127,1.4056492777390308,2.8112985554780616,affine,0.39286284593744103,0.7857256918748821,1.0,0.39286284593744103,eta_l0_n175_r1,NA,ok
pinn100d_shallow300_medium_affine_pz_topk96_symbolic,single_cell,0,1.0,0,176,0,-1.0572251389801488,1.018236306714756,-0.019494416132696424,1.0377307228474524,2.0754614456949048,affine,0.08877578314687136,0.17755156629374272,0.9319962481713715,0.09525336965792983,eta_l0_n176_r0,NA,ok
pinn100d_shallow300_medium_affine_pz_topk96_symbolic,single_cell,0,1.0,0,176,1,-1.0572251389801488,1.018236306714756,-0.019494416132696424,1.0377307228474524,2.0754614456949048,affine,0.30169992359450337,0.6033998471890067,1.0,0.30169992359450337,eta_l0_n176_r1,NA,ok
pinn100d_shallow300_medium_affine_pz_topk96_symbolic,single_cell,0,1.0,0,177,0,-0.8553465281258207,0.839658428320634,-0.007844049902593353,0.8475024782232273,1.6950049564464547,affine,0.05571402887752242,0.11142805775504484,0.9319962481713715,0.05977924158690171,eta_l0_n177_r0,NA,ok
pinn100d_shallow300_medium_affine_pz_topk96_symbolic,single_cell,0,1.0,0,177,1,-0.8553465281258207,0.839658428320634,-0.007844049902593353,0.8475024782232273,1.6950049564464547,affine,0.23785857921394304,0.4757171584278861,1.0,0.23785857921394304,eta_l0_n177_r1,NA,ok
pinn100d_shallow300_medium_affine_pz_topk96_symbolic,single_cell,0,1.0,0,178,0,-1.0655132612430596,1.026646201899785,-0.01943352967163725,1.0460797315714223,2.0921594631428446,affine,0.09034133178274757,0.18068266356549514,0.9319962481713715,0.09693314963445646,eta_l0_n178_r0,NA,ok
pinn100d_shallow300_medium_affine_pz_topk96_symbolic,single_cell,0,1.0,0,178,1,-1.0655132612430596,1.026646201899785,-0.01943352967163725,1.0460797315714223,2.0921594631428446,affine,0.304261390372095,0.60852278074419,1.0,0.304261390372095,eta_l0_n178_r1,NA,ok
pinn100d_shallow300_medium_affine_pz_topk96_symbolic,single_cell,0,1.0,0,179,0,-1.2375301238723018,1.1985866600574022,-0.019471731907449774,1.218058391964852,2.436116783929704,affine,0.12411459017998151,0.24822918035996303,0.9319962481713715,0.1331706972249097,eta_l0_n179_r0,NA,ok
pinn100d_shallow300_medium_affine_pz_topk96_symbolic,single_cell,0,1.0,0,179,1,-1.2375301238723018,1.1985866600574022,-0.019471731907449774,1.218058391964852,2.436116783929704,affine,0.35189623949265825,0.7037924789853165,1.0,0.35189623949265825,eta_l0_n179_r1,NA,ok
pinn100d_shallow300_medium_affine_pz_topk96_symbolic,single_cell,0,1.0,0,180,0,-1.0633221779271937,1.0983992430851335,0.017538532578969868,1.0808607105061636,2.1617214210123272,affine,0.09693932115397964,0.1938786423079593,0.9319962481713715,0.1040125658704957,eta_l0_n180_r0,NA,ok
pinn100d_shallow300_medium_affine_pz_topk96_symbolic,single_cell,0,1.0,0,180,1,-1.0633221779271937,1.0983992430851335,0.017538532578969868,1.0808607105061636,2.1617214210123272,affine,0.3147125704027749,0.6294251408055498,1.0,0.3147125704027749,eta_l0_n180_r1,NA,ok
pinn100d_shallow300_medium_affine_pz_topk96_symbolic,single_cell,0,1.0,0,181,0,-1.1207207697771528,1.1600810252341789,0.01968012772851302,1.1404008975056659,2.2808017950113317,affine,0.10855051376169962,0.21710102752339924,0.9319962481713715,0.11647097718974918,eta_l0_n181_r0,NA,ok
pinn100d_shallow300_medium_affine_pz_topk96_symbolic,single_cell,0,1.0,0,181,1,-1.1207207697771528,1.1600810252341789,0.01968012772851302,1.1404008975056659,2.2808017950113317,affine,0.3315986341833693,0.6631972683667386,1.0,0.3315986341833693,eta_l0_n181_r1,NA,ok
pinn100d_shallow300_medium_affine_pz_topk96_symbolic,single_cell,0,1.0,0,182,0,-0.9468539302832147,0.9082390537521353,-0.01930743826553971,0.927546492017675,1.85509298403535,affine,0.06897207704411946,0.13794415408823893,0.9319962481713715,0.07400467242163959,eta_l0_n182_r0,NA,ok
pinn100d_shallow300_medium_affine_pz_topk96_symbolic,single_cell,0,1.0,0,182,1,-0.9468539302832147,0.9082390537521353,-0.01930743826553971,0.927546492017675,1.85509298403535,affine,0.2658832386164963,0.5317664772329926,1.0,0.2658832386164963,eta_l0_n182_r1,NA,ok
pinn100d_shallow300_medium_affine_pz_topk96_symbolic,single_cell,0,1.0,0,183,0,-0.9012005330706286,0.9364696817911623,0.01763457436026683,0.9188351074308955,1.837670214861791,affine,0.06747144526222183,0.13494289052444366,0.9319962481713715,0.07239454600230909,eta_l0_n183_r0,NA,ok
pinn100d_shallow300_medium_affine_pz_topk96_symbolic,single_cell,0,1.0,0,183,1,-0.9012005330706286,0.9364696817911623,0.01763457436026683,0.9188351074308955,1.837670214861791,affine,0.26292614612453097,0.5258522922490619,1.0,0.26292614612453097,eta_l0_n183_r1,NA,ok
pinn100d_shallow300_medium_affine_pz_topk96_symbolic,single_cell,0,1.0,0,184,0,-1.4793999358375651,1.4405298344240638,-0.019435050706750667,1.4599648851308145,2.919929770261629,affine,0.17427052042194865,0.3485410408438973,0.9319962481713715,0.18698628965929542,eta_l0_n184_r0,NA,ok
pinn100d_shallow300_medium_affine_pz_topk96_symbolic,single_cell,0,1.0,0,184,1,-1.4793999358375651,1.4405298344240638,-0.019435050706750667,1.4599648851308145,2.919929770261629,affine,0.4027895634419543,0.8055791268839086,1.0,0.4027895634419543,eta_l0_n184_r1,NA,ok
pinn100d_shallow300_medium_affine_pz_topk96_symbolic,single_cell,0,1.0,0,185,0,-0.7321511044331092,0.7389444504690766,0.0033966730179837423,0.7355477774510929,1.4710955549021858,affine,0.03929340910885843,0.07858681821771686,0.9319962481713715,0.04216047992248283,eta_l0_n185_r0,NA,ok
pinn100d_shallow300_medium_affine_pz_topk96_symbolic,single_cell,0,1.0,0,185,1,-0.7321511044331092,0.7389444504690766,0.0033966730179837423,0.7355477774510929,1.4710955549021858,affine,0.1962133109401037,0.3924266218802074,1.0,0.1962133109401037,eta_l0_n185_r1,NA,ok
pinn100d_shallow300_medium_affine_pz_topk96_symbolic,single_cell,0,1.0,0,186,0,-0.8942204521232298,0.8708685501338451,-0.011675950994692319,0.8825445011285374,1.7650890022570749,affine,0.06136968976427765,0.1227393795285553,0.9319962481713715,0.06584757168785647,eta_l0_n186_r0,NA,ok
pinn100d_shallow300_medium_affine_pz_topk96_symbolic,single_cell,0,1.0,0,186,1,-0.8942204521232298,0.8708685501338451,-0.011675950994692319,0.8825445011285374,1.7650890022570749,affine,0.2503530688112541,0.5007061376225082,1.0,0.2503530688112541,eta_l0_n186_r1,NA,ok
pinn100d_shallow300_medium_affine_pz_topk96_symbolic,single_cell,0,1.0,0,187,0,-1.0714555174736886,1.0473124800913576,-0.012071518691165517,1.059383998782523,2.118767997565046,affine,0.09281648755288631,0.18563297510577262,0.9319962481713715,0.09958890685986925,eta_l0_n187_r0,NA,ok
pinn100d_shallow300_medium_affine_pz_topk96_symbolic,single_cell,0,1.0,0,187,1,-1.0714555174736886,1.0473124800913576,-0.012071518691165517,1.059383998782523,2.118767997565046,affine,0.3083893023272184,0.6167786046544368,1.0,0.3083893023272184,eta_l0_n187_r1,NA,ok
pinn100d_shallow300_medium_affine_pz_topk96_symbolic,single_cell,0,1.0,0,188,0,-0.8561385666094258,0.8238401922534623,-0.01614918717798175,0.839989379431444,1.679978758862888,affine,0.05457352556779011,0.10914705113558022,0.9319962481713715,0.058555520663164044,eta_l0_n188_r0,NA,ok
pinn100d_shallow300_medium_affine_pz_topk96_symbolic,single_cell,0,1.0,0,188,1,-0.8561385666094258,0.8238401922534623,-0.01614918717798175,0.839989379431444,1.679978758862888,affine,0.23504641413088656,0.4700928282617731,1.0,0.23504641413088656,eta_l0_n188_r1,NA,ok
pinn100d_shallow300_medium_affine_pz_topk96_symbolic,single_cell,0,1.0,0,189,0,-1.055476274410492,1.0911960330035593,0.017859879296533654,1.0733361537070256,2.1466723074140512,affine,0.09549999712492331,0.19099999424984662,0.9319962481713715,0.10246822056665959,eta_l0_n189_r0,NA,ok
pinn100d_shallow300_medium_affine_pz_topk96_symbolic,single_cell,0,1.0,0,189,1,-1.055476274410492,1.0911960330035593,0.017859879296533654,1.0733361537070256,2.1466723074140512,affine,0.31248672028935975,0.6249734405787195,1.0,0.31248672028935975,eta_l0_n189_r1,NA,ok
pinn100d_shallow300_medium_affine_pz_topk96_symbolic,single_cell,0,1.0,0,190,0,-0.8409602339792388,0.8183358148780697,-0.01131220955058454,0.8296480244286543,1.6592960488573085,affine,0.052940748618230955,0.10588149723646191,0.9319962481713715,0.05680360701247848,eta_l0_n190_r0,NA,ok
pinn100d_shallow300_medium_affine_pz_topk96_symbolic,single_cell,0,1.0,0,190,1,-0.8409602339792388,0.8183358148780697,-0.01131220955058454,0.8296480244286543,1.6592960488573085,affine,0.23133788022140234,0.4626757604428047,1.0,0.23133788022140234,eta_l0_n190_r1,NA,ok
pinn100d_shallow300_medium_affine_pz_topk96_symbolic,single_cell,0,1.0,0,191,0,-0.9923663640591593,0.9567994816892675,-0.017783441184945903,0.9745829228742134,1.9491658457484269,affine,0.07720636019263961,0.15441272038527923,0.9319962481713715,0.08283977574386463,eta_l0_n191_r0,NA,ok
pinn100d_shallow300_medium_affine_pz_topk96_symbolic,single_cell,0,1.0,0,191,1,-0.9923663640591593,0.9567994816892675,-0.017783441184945903,0.9745829228742134,1.9491658457484269,affine,0.2816476439026049,0.5632952878052098,1.0,0.2816476439026049,eta_l0_n191_r1,NA,ok
pinn100d_shallow300_medium_affine_pz_topk96_symbolic,single_cell,0,1.0,0,192,0,-0.622907066400142,0.5904531146635353,-0.01622697586830335,0.6066800905318387,1.2133601810636774,affine,0.02390234411526149,0.04780468823052298,0.9319962481713715,0.025646395210451995,eta_l0_n192_r0,NA,ok
pinn100d_shallow300_medium_affine_pz_topk96_symbolic,single_cell,0,1.0,0,192,1,-0.622907066400142,0.5904531146635353,-0.01622697586830335,0.6066800905318387,1.2133601810636774,affine,0.14666339508907572,0.29332679017815144,1.0,0.14666339508907572,eta_l0_n192_r1,NA,ok
pinn100d_shallow300_medium_affine_pz_topk96_symbolic,single_cell,0,1.0,0,193,0,-0.7374416418193389,0.7107433024551729,-0.013349169682082995,0.7240924721372559,1.4481849442745118,affine,0.037799429557977056,0.07559885911595411,0.9319962481713715,0.04055749111881259,eta_l0_n193_r0,NA,ok
pinn100d_shallow300_medium_affine_pz_topk96_symbolic,single_cell,0,1.0,0,193,1,-0.7374416418193389,0.7107433024551729,-0.013349169682082995,0.7240924721372559,1.4481849442745118,affine,0.19177416905298977,0.38354833810597955,1.0,0.19177416905298977,eta_l0_n193_r1,NA,ok
pinn100d_shallow300_medium_affine_pz_topk96_symbolic,single_cell,0,1.0,0,194,0,-0.9262917881438898,0.9624928742496369,0.018100543052873563,0.9443923311967634,1.8887846623935267,affine,0.07187781562146196,0.14375563124292393,0.9319962481713715,0.07712243022704247,eta_l0_n194_r0,NA,ok
pinn100d_shallow300_medium_affine_pz_topk96_symbolic,single_cell,0,1.0,0,194,1,-0.9262917881438898,0.9624928742496369,0.018100543052873563,0.9443923311967634,1.8887846623935267,affine,0.2716137525954708,0.5432275051909417,1.0,0.2716137525954708,eta_l0_n194_r1,NA,ok
pinn100d_shallow300_medium_affine_pz_topk96_symbolic,single_cell,0,1.0,0,195,0,-1.4438322648629722,1.4816268957431415,0.01889731544008466,1.4627295803030569,2.9254591606061138,affine,0.17484682179969427,0.34969364359938854,0.9319962481713715,0.18760464126626417,eta_l0_n195_r0,NA,ok
pinn100d_shallow300_medium_affine_pz_topk96_symbolic,single_cell,0,1.0,0,195,1,-1.4438322648629722,1.4816268957431415,0.01889731544008466,1.4627295803030569,2.9254591606061138,affine,0.4032760717116363,0.8065521434232726,1.0,0.4032760717116363,eta_l0_n195_r1,NA,ok
pinn100d_shallow300_medium_affine_pz_topk96_symbolic,single_cell,0,1.0,0,196,0,-1.1524474377340879,1.1941743187475986,0.02086344050675537,1.1733108782408432,2.3466217564816865,affine,0.11510051619594604,0.23020103239189207,0.9319962481713715,0.12349890508870573,eta_l0_n196_r0,NA,ok
pinn100d_shallow300_medium_affine_pz_topk96_symbolic,single_cell,0,1.0,0,196,1,-1.1524474377340879,1.1941743187475986,0.02086344050675537,1.1733108782408432,2.3466217564816865,affine,0.34042627982208706,0.6808525596441741,1.0,0.34042627982208706,eta_l0_n196_r1,NA,ok
pinn100d_shallow300_medium_affine_pz_topk96_symbolic,single_cell,0,1.0,0,197,0,-0.6221827602303874,0.6073776418168665,-0.007402559206760473,0.614780201023627,1.229560402047254,affine,0.024711480698816016,0.04942296139763203,0.9319962481713715,0.026514571005303203,eta_l0_n197_r0,NA,ok
pinn100d_shallow300_medium_affine_pz_topk96_symbolic,single_cell,0,1.0,0,197,1,-0.6221827602303874,0.6073776418168665,-0.007402559206760473,0.614780201023627,1.229560402047254,affine,0.14984737210450283,0.29969474420900566,1.0,0.14984737210450283,eta_l0_n197_r1,NA,ok
pinn100d_shallow300_medium_affine_pz_topk96_symbolic,single_cell,0,1.0,0,198,0,-0.8900304609633193,0.9240067976547858,0.016988168345733246,0.9070186293090525,1.814037258618105,affine,0.06546697285142163,0.13093394570284325,0.9319962481713715,0.07024381587358476,eta_l0_n198_r0,NA,ok
pinn100d_shallow300_medium_affine_pz_topk96_symbolic,single_cell,0,1.0,0,198,1,-0.8900304609633193,0.9240067976547858,0.016988168345733246,0.9070186293090525,1.814037258618105,affine,0.2588549749285447,0.5177099498570894,1.0,0.2588549749285447,eta_l0_n198_r1,NA,ok
pinn100d_shallow300_medium_affine_pz_topk96_symbolic,single_cell,0,1.0,0,199,0,-1.0952666713142436,1.1346180087386013,0.01967566871217885,1.1149423400264225,2.229884680052845,affine,0.10355036232782984,0.20710072465565968,0.9319962481713715,0.11110598624297191,eta_l0_n199_r0,NA,ok
pinn100d_shallow300_medium_affine_pz_topk96_symbolic,single_cell,0,1.0,0,199,1,-1.0952666713142436,1.1346180087386013,0.01967566871217885,1.1149423400264225,2.229884680052845,affine,0.3245088156471295,0.649017631294259,1.0,0.3245088156471295,eta_l0_n199_r1,NA,ok
pinn100d_shallow300_medium_affine_pz_topk96_symbolic,single_cell,0,1.0,0,200,0,-0.9767008442562579,1.0102996945497786,0.01679942514676036,0.9935002694030183,1.9870005388060366,affine,0.08060765055937986,0.16121530111875973,0.9319962481713715,0.08648924361824048,eta_l0_n200_r0,NA,ok
pinn100d_shallow300_medium_affine_pz_topk96_symbolic,single_cell,0,1.0,0,200,1,-0.9767008442562579,1.0102996945497786,0.01679942514676036,0.9935002694030183,1.9870005388060366,affine,0.287807187210534,0.575614374421068,1.0,0.287807187210534,eta_l0_n200_r1,NA,ok
pinn100d_shallow300_medium_affine_pz_topk96_symbolic,single_cell,0,1.0,0,201,0,-1.09950069888472,1.1349408402969055,0.017720070706092717,1.1172207695908127,2.2344415391816255,affine,0.10398467023247389,0.20796934046494778,0.9319962481713715,0.11157198372471734,eta_l0_n201_r0,NA,ok
pinn100d_shallow300_medium_affine_pz_topk96_symbolic,single_cell,0,1.0,0,201,1,-1.09950069888472,1.1349408402969055,0.017720070706092717,1.1172207695908127,2.2344415391816255,affine,0.32518038985547915,0.6503607797109583,1.0,0.32518038985547915,eta_l0_n201_r1,NA,ok
pinn100d_shallow300_medium_affine_pz_topk96_symbolic,single_cell,0,1.0,0,202,0,-0.7951331280804155,0.8148313974508754,0.009849134685229965,0.8049822627656454,1.6099645255312909,affine,0.049187121407205665,0.09837424281441133,0.9319962481713715,0.05277609379191551,eta_l0_n202_r0,NA,ok
pinn100d_shallow300_medium_affine_pz_topk96_symbolic,single_cell,0,1.0,0,202,1,-0.7951331280804155,0.8148313974508754,0.009849134685229965,0.8049822627656454,1.6099645255312909,affine,0.22227638354605228,0.44455276709210456,1.0,0.22227638354605228,eta_l0_n202_r1,NA,ok
pinn100d_shallow300_medium_affine_pz_topk96_symbolic,single_cell,0,1.0,0,203,0,-0.9291054457961189,0.8942568543418766,-0.01742429572712112,0.9116811500689977,1.8233623001379955,affine,0.0662563014773734,0.1325126029547468,0.9319962481713715,0.07109073840948603,eta_l0_n203_r0,NA,ok
pinn100d_shallow300_medium_affine_pz_topk96_symbolic,single_cell,0,1.0,0,203,1,-0.9291054457961189,0.8942568543418766,-0.01742429572712112,0.9116811500689977,1.8233623001379955,affine,0.26046312975463887,0.5209262595092777,1.0,0.26046312975463887,eta_l0_n203_r1,NA,ok
pinn100d_shallow300_medium_affine_pz_topk96_symbolic,single_cell,0,1.0,0,204,0,-0.7641244024694367,0.7349866898999595,-0.014568856284738585,0.7495555461846981,1.4991110923693962,affine,0.041244716478901274,0.08248943295780255,0.9319962481713715,0.04425416578642425,eta_l0_n204_r0,NA,ok
pinn100d_shallow300_medium_affine_pz_topk96_symbolic,single_cell,0,1.0,0,204,1,-0.7641244024694367,0.7349866898999595,-0.014568856284738585,0.7495555461846981,1.4991110923693962,affine,0.20144524470009967,0.40289048940019934,1.0,0.20144524470009967,eta_l0_n204_r1,NA,ok
pinn100d_shallow300_medium_affine_pz_topk96_symbolic,single_cell,0,1.0,0,205,0,-1.0117373774449647,0.9756317416300787,-0.01805281790744301,0.9936845595375217,1.9873691190750433,affine,0.08064859882773769,0.16129719765547537,0.9319962481713715,0.08653317970536333,eta_l0_n205_r0,NA,ok
pinn100d_shallow300_medium_affine_pz_topk96_symbolic,single_cell,0,1.0,0,205,1,-1.0117373774449647,0.9756317416300787,-0.01805281790744301,0.9936845595375217,1.9873691190750433,affine,0.2878479178458295,0.575695835691659,1.0,0.2878479178458295,eta_l0_n205_r1,NA,ok
pinn100d_shallow300_medium_affine_pz_topk96_symbolic,single_cell,0,1.0,0,206,0,-1.271032511729701,1.3114418482049401,0.020204668237619572,1.2912371799673206,2.582474359934641,affine,0.13911287947176756,0.27822575894353513,0.9319962481713715,0.14926334708397676,eta_l0_n206_r0,NA,ok
pinn100d_shallow300_medium_affine_pz_topk96_symbolic,single_cell,0,1.0,0,206,1,-1.271032511729701,1.3114418482049401,0.020204668237619572,1.2912371799673206,2.582474359934641,affine,0.3691976371738509,0.7383952743477018,1.0,0.3691976371738509,eta_l0_n206_r1,NA,ok
pinn100d_shallow300_medium_affine_pz_topk96_symbolic,single_cell,0,1.0,0,207,0,-1.3112708446293027,1.2772121752583023,-0.017029334685500164,1.2942415099438025,2.588483019887605,affine,0.13971997178468812,0.27943994356937624,0.9319962481713715,0.14991473630803395,eta_l0_n207_r0,NA,ok
pinn100d_shallow300_medium_affine_pz_topk96_symbolic,single_cell,0,1.0,0,207,1,-1.3112708446293027,1.2772121752583023,-0.017029334685500164,1.2942415099438025,2.588483019887605,affine,0.3699089369805241,0.7398178739610481,1.0,0.3699089369805241,eta_l0_n207_r1,NA,ok
pinn100d_shallow300_medium_affine_pz_topk96_symbolic,single_cell,0,1.0,0,208,0,-1.1651989100051086,1.200260436473233,0.01753076323406222,1.1827296732391708,2.3654593464783416,affine,0.11697091939156241,0.23394183878312483,0.9319962481713715,0.12550578354909248,eta_l0_n208_r0,NA,ok
pinn100d_shallow300_medium_affine_pz_topk96_symbolic,single_cell,0,1.0,0,208,1,-1.1651989100051086,1.200260436473233,0.01753076323406222,1.1827296732391708,2.3654593464783416,affine,0.3429378820617447,0.6858757641234894,1.0,0.3429378820617447,eta_l0_n208_r1,NA,ok
pinn100d_shallow300_medium_affine_pz_topk96_symbolic,single_cell,0,1.0,0,209,0,-1.198239351087613,1.2306822718446646,0.016221460378525787,1.2144608114661388,2.4289216229322776,affine,0.12336957207392958,0.24673914414785916,0.9319962481713715,0.13237131835668603,eta_l0_n209_r0,NA,ok
pinn100d_shallow300_medium_affine_pz_topk96_symbolic,single_cell,0,1.0,0,209,1,-1.198239351087613,1.2306822718446646,0.016221460378525787,1.2144608114661388,2.4289216229322776,affine,0.35104070176541363,0.7020814035308273,1.0,0.35104070176541363,eta_l0_n209_r1,NA,ok
pinn100d_shallow300_medium_affine_pz_topk96_symbolic,single_cell,0,1.0,0,210,0,-0.9228447532260015,0.9507075443892258,0.01393139558161216,0.9367761488076136,1.8735522976152272,affine,0.07053047421855775,0.1410609484371155,0.9319962481713715,0.07567677912539075,eta_l0_n210_r0,NA,ok
pinn100d_shallow300_medium_affine_pz_topk96_symbolic,single_cell,0,1.0,0,210,1,-0.9228447532260015,0.9507075443892258,0.01393139558161216,0.9367761488076136,1.8735522976152272,affine,0.2691003564686259,0.5382007129372518,1.0,0.2691003564686259,eta_l0_n210_r1,NA,ok
pinn100d_shallow300_medium_affine_pz_topk96_symbolic,single_cell,0,1.0,0,211,0,-1.3219320199504636,1.2845693941220586,-0.018681312914202497,1.3032507070362611,2.6065014140725222,affine,0.14158975427736184,0.2831795085547237,0.9319962481713715,0.15192094877545786,eta_l0_n211_r0,NA,ok
pinn100d_shallow300_medium_affine_pz_topk96_symbolic,single_cell,0,1.0,0,211,1,-1.3219320199504636,1.2845693941220586,-0.018681312914202497,1.3032507070362611,2.6065014140725222,affine,0.3718937045390255,0.743787409078051,1.0,0.3718937045390255,eta_l0_n211_r1,NA,ok
pinn100d_shallow300_medium_affine_pz_topk96_symbolic,single_cell,0,1.0,0,212,0,-1.1136630602458557,1.0736732395863258,-0.01999491032976497,1.0936681499160907,2.1873362998321815,affine,0.09941980308099137,0.19883960616198273,0.9319962481713715,0.10667403787950708,eta_l0_n212_r0,NA,ok
pinn100d_shallow300_medium_affine_pz_topk96_symbolic,single_cell,0,1.0,0,212,1,-1.1136630602458557,1.0736732395863258,-0.01999491032976497,1.0936681499160907,2.1873362998321815,affine,0.3184140898770352,0.6368281797540704,1.0,0.3184140898770352,eta_l0_n212_r1,NA,ok
pinn100d_shallow300_medium_affine_pz_topk96_symbolic,single_cell,0,1.0,0,213,0,-1.397693525091097,1.3709670065547253,-0.013363259268185823,1.384330265822911,2.768660531645822,affine,0.1584389554911889,0.3168779109823778,0.9319962481713715,0.1699995636270585,eta_l0_n213_r0,NA,ok
pinn100d_shallow300_medium_affine_pz_topk96_symbolic,single_cell,0,1.0,0,213,1,-1.397693525091097,1.3709670065547253,-0.013363259268185823,1.384330265822911,2.768660531645822,affine,0.38883905368764476,0.7776781073752895,1.0,0.38883905368764476,eta_l0_n213_r1,NA,ok
pinn100d_shallow300_medium_affine_pz_topk96_symbolic,single_cell,0,1.0,0,214,0,-0.6308511366333199,0.5817134666571077,-0.024568834988106136,0.6062823016452138,1.2125646032904276,affine,0.02393379841437915,0.0478675968287583,0.9319962481713715,0.02568014459429273,eta_l0_n214_r0,NA,ok
pinn100d_shallow300_medium_affine_pz_topk96_symbolic,single_cell,0,1.0,0,214,1,-0.6308511366333199,0.5817134666571077,-0.024568834988106136,0.6062823016452138,1.2125646032904276,affine,0.14637875612598206,0.2927575122519641,1.0,0.14637875612598206,eta_l0_n214_r1,NA,ok
pinn100d_shallow300_medium_affine_pz_topk96_symbolic,single_cell,0,1.0,0,215,0,-0.6750710083304649,0.648698160588605,-0.013186423870929942,0.6618845844595349,1.3237691689190698,affine,0.030018619591721033,0.060037239183442066,0.9319962481713715,0.03220894896371014,eta_l0_n215_r0,NA,ok
pinn100d_shallow300_medium_affine_pz_topk96_symbolic,single_cell,0,1.0,0,215,1,-0.6750710083304649,0.648698160588605,-0.013186423870929942,0.6618845844595349,1.3237691689190698,affine,0.16790532846119766,0.3358106569223953,1.0,0.16790532846119766,eta_l0_n215_r1,NA,ok
pinn100d_shallow300_medium_affine_pz_topk96_symbolic,single_cell,0,1.0,0,216,0,-1.2424597126868335,1.2857833148653481,0.021661801089257304,1.2641215137760908,2.5282430275521817,affine,0.13353496019544117,0.26706992039088234,0.9319962481713715,0.1432784310639063,eta_l0_n216_r0,NA,ok
pinn100d_shallow300_medium_affine_pz_topk96_symbolic,single_cell,0,1.0,0,216,1,-1.2424597126868335,1.2857833148653481,0.021661801089257304,1.2641215137760908,2.5282430275521817,affine,0.3629650350912027,0.7259300701824054,1.0,0.3629650350912027,eta_l0_n216_r1,NA,ok
pinn100d_shallow300_medium_affine_pz_topk96_symbolic,single_cell,0,1.0,0,217,0,-1.0176420196916924,0.9812025096472035,-0.018219755022244488,0.999422264669448,1.998844529338896,affine,0.08169289794408681,0.16338579588817362,0.9319962481713715,0.0876536768301083,eta_l0_n217_r0,NA,ok
pinn100d_shallow300_medium_affine_pz_topk96_symbolic,single_cell,0,1.0,0,217,1,-1.0176420196916924,0.9812025096472035,-0.018219755022244488,0.999422264669448,1.998844529338896,affine,0.28968717014881595,0.5793743402976319,1.0,0.28968717014881595,eta_l0_n217_r1,NA,ok
pinn100d_shallow300_medium_affine_pz_topk96_symbolic,single_cell,0,1.0,0,218,0,-0.9798393779987576,1.0123201516079219,0.01624038680458212,0.9960797648033397,1.9921595296066794,affine,0.08107290966168675,0.1621458193233735,0.9319962481713715,0.08698845067322568,eta_l0_n218_r0,NA,ok
pinn100d_shallow300_medium_affine_pz_topk96_symbolic,single_cell,0,1.0,0,218,1,-0.9798393779987576,1.0123201516079219,0.01624038680458212,0.9960797648033397,1.9921595296066794,affine,0.28864444116563753,0.5772888823312751,1.0,0.28864444116563753,eta_l0_n218_r1,NA,ok
pinn100d_shallow300_medium_affine_pz_topk96_symbolic,single_cell,0,1.0,0,219,0,-1.050898072218128,1.026711272754142,-0.012093399731992971,1.038804672486135,2.07760934497227,affine,0.08893857072936846,0.17787714145873693,0.9319962481713715,0.09542803514914452,eta_l0_n219_r0,NA,ok
pinn100d_shallow300_medium_affine_pz_topk96_symbolic,single_cell,0,1.0,0,219,1,-1.050898072218128,1.026711272754142,-0.012093399731992971,1.038804672486135,2.07760934497227,affine,0.30212709905295965,0.6042541981059193,1.0,0.30212709905295965,eta_l0_n219_r1,NA,ok
pinn100d_shallow300_medium_affine_pz_topk96_symbolic,single_cell,0,1.0,0,220,0,-1.0276272819085601,0.9881549383021562,-0.019736171803201974,1.007891110105358,2.015782220210716,affine,0.08325051921200739,0.16650103842401479,0.9319962481713715,0.08932495101278524,eta_l0_n220_r0,NA,ok
pinn100d_shallow300_medium_affine_pz_topk96_symbolic,single_cell,0,1.0,0,220,1,-1.0276272819085601,0.9881549383021562,-0.019736171803201974,1.007891110105358,2.015782220210716,affine,0.2923627454325827,0.5847254908651655,1.0,0.2923627454325827,eta_l0_n220_r1,NA,ok
pinn100d_shallow300_medium_affine_pz_topk96_symbolic,single_cell,0,1.0,0,221,0,-0.918271405219569,0.9526902849630147,0.017209439871722854,0.9354808450912918,1.8709616901825836,affine,0.07032498333747385,0.1406499666749477,0.9319962481713715,0.0754562944598279,eta_l0_n221_r0,NA,ok
pinn100d_shallow300_medium_affine_pz_topk96_symbolic,single_cell,0,1.0,0,221,1,-0.918271405219569,0.9526902849630147,0.017209439871722854,0.9354808450912918,1.8709616901825836,affine,0.2686165914228864,0.5372331828457728,1.0,0.2686165914228864,eta_l0_n221_r1,NA,ok
pinn100d_shallow300_medium_affine_pz_topk96_symbolic,single_cell,0,1.0,0,222,0,-1.093166004600465,1.1314416045523363,0.019137799975935676,1.1123038045764007,2.2246076091528013,affine,0.1030323751704313,0.2060647503408626,0.9319962481713715,0.11055020379383132,eta_l0_n222_r0,NA,ok
pinn100d_shallow300_medium_affine_pz_topk96_symbolic,single_cell,0,1.0,0,222,1,-1.093166004600465,1.1314416045523363,0.019137799975935676,1.1123038045764007,2.2246076091528013,affine,0.32376979893757774,0.6475395978751555,1.0,0.32376979893757774,eta_l0_n222_r1,NA,ok
pinn100d_shallow300_medium_affine_pz_topk96_symbolic,single_cell,0,1.0,0,223,0,-0.7347884981061659,0.7031688277584787,-0.0158098351738436,0.7189786629323223,1.4379573258646445,affine,0.0371415219972684,0.0742830439945368,0.9319962481713715,0.03985157887721343,eta_l0_n223_r0,NA,ok
pinn100d_shallow300_medium_affine_pz_topk96_symbolic,single_cell,0,1.0,0,223,1,-0.7347884981061659,0.7031688277584787,-0.0158098351738436,0.7189786629323223,1.4379573258646445,affine,0.18978987632131178,0.37957975264262356,1.0,0.18978987632131178,eta_l0_n223_r1,NA,ok
pinn100d_shallow300_medium_affine_pz_topk96_symbolic,single_cell,0,1.0,0,224,0,-1.2999700704514803,1.260481893985253,-0.019744088233113688,1.2802259822183666,2.560451964436733,affine,0.13683906908689789,0.27367813817379577,0.9319962481713715,0.1468236265493383,eta_l0_n224_r0,NA,ok
pinn100d_shallow300_medium_affine_pz_topk96_symbolic,single_cell,0,1.0,0,224,1,-1.2999700704514803,1.260481893985253,-0.019744088233113688,1.2802259822183666,2.560451964436733,affine,0.36670914743226213,0.7334182948645243,1.0,0.36670914743226213,eta_l0_n224_r1,NA,ok
pinn100d_shallow300_medium_affine_pz_topk96_symbolic,single_cell,0,1.0,0,225,0,-0.8019294265090884,0.8378016275339952,0.017936100512453423,0.8198655270215418,1.6397310540430836,affine,0.051479085767128514,0.10295817153425703,0.9319962481713715,0.055235292918971876,eta_l0_n225_r0,NA,ok
pinn100d_shallow300_medium_affine_pz_topk96_symbolic,single_cell,0,1.0,0,225,1,-0.8019294265090884,0.8378016275339952,0.017936100512453423,0.8198655270215418,1.6397310540430836,affine,0.2276662882782467,0.4553325765564934,1.0,0.2276662882782467,eta_l0_n225_r1,NA,ok
pinn100d_shallow300_medium_affine_pz_topk96_symbolic,single_cell,0,1.0,0,226,0,-1.0355052941917036,0.9968705997566258,-0.01931734721753886,1.0161879469741648,2.0323758939483296,affine,0.0847732214456068,0.1695464428912136,0.9319962481713715,0.09095875826961383,eta_l0_n226_r0,NA,ok
pinn100d_shallow300_medium_affine_pz_topk96_symbolic,single_cell,0,1.0,0,226,1,-1.0355052941917036,0.9968705997566258,-0.01931734721753886,1.0161879469741648,2.0323758939483296,affine,0.2949929960678926,0.5899859921357852,1.0,0.2949929960678926,eta_l0_n226_r1,NA,ok
pinn100d_shallow300_medium_affine_pz_topk96_symbolic,single_cell,0,1.0,0,227,0,-1.222732562277716,1.2664926147953328,0.02188002625880836,1.2446125885365245,2.489225177073049,affine,0.12953797657304725,0.2590759531460945,0.9319962481713715,0.1389898047628496,eta_l0_n227_r0,NA,ok
pinn100d_shallow300_medium_affine_pz_topk96_symbolic,single_cell,0,1.0,0,227,1,-1.222732562277716,1.2664926147953328,0.02188002625880836,1.2446125885365245,2.489225177073049,affine,0.35834507775656466,0.7166901555131293,1.0,0.35834507775656466,eta_l0_n227_r1,NA,ok
pinn100d_shallow300_medium_affine_pz_topk96_symbolic,single_cell,0,1.0,0,228,0,-0.9930624745502175,1.028424554536726,0.01768103999325432,1.0107435145434718,2.0214870290869436,affine,0.08376097929774685,0.1675219585954937,0.9319962481713715,0.08987265717226926,eta_l0_n228_r0,NA,ok
pinn100d_shallow300_medium_affine_pz_topk96_symbolic,single_cell,0,1.0,0,228,1,-0.9930624745502175,1.028424554536726,0.01768103999325432,1.0107435145434718,2.0214870290869436,affine,0.2932994718153777,0.5865989436307554,1.0,0.2932994718153777,eta_l0_n228_r1,NA,ok
pinn100d_shallow300_medium_affine_pz_topk96_symbolic,single_cell,0,1.0,0,229,0,-0.7782243522405144,0.7634707519083993,-0.007376800166057573,0.7708475520744569,1.5416951041489138,affine,0.04419558317224093,0.08839116634448187,0.9319962481713715,0.04742034451206765,eta_l0_n229_r0,NA,ok
pinn100d_shallow300_medium_affine_pz_topk96_symbolic,single_cell,0,1.0,0,229,1,-0.7782243522405144,0.7634707519083993,-0.007376800166057573,0.7708475520744569,1.5416951041489138,affine,0.20955349419685776,0.4191069883937155,1.0,0.20955349419685776,eta_l0_n229_r1,NA,ok
pinn100d_shallow300_medium_affine_pz_topk96_symbolic,single_cell,0,1.0,0,230,0,-1.4736909184242275,1.4349512883956,-0.019369815014313785,1.4543211034099137,2.9086422068198274,affine,0.1730901226391359,0.3461802452782718,0.9319962481713715,0.18571976333461465,eta_l0_n230_r0,NA,ok
pinn100d_shallow300_medium_affine_pz_topk96_symbolic,single_cell,0,1.0,0,230,1,-1.4736909184242275,1.4349512883956,-0.019369815014313785,1.4543211034099137,2.9086422068198274,affine,0.4018009870697764,0.8036019741395528,1.0,0.4018009870697764,eta_l0_n230_r1,NA,ok
pinn100d_shallow300_medium_affine_pz_topk96_symbolic,single_cell,0,1.0,0,231,0,-0.9741772249753825,1.0156090479613666,0.020715911492992067,0.9948931364683746,1.9897862729367493,affine,0.08088571108096311,0.16177142216192622,0.9319962481713715,0.08678759301838969,eta_l0_n231_r0,NA,ok
pinn100d_shallow300_medium_affine_pz_topk96_symbolic,single_cell,0,1.0,0,231,1,-0.9741772249753825,1.0156090479613666,0.020715911492992067,0.9948931364683746,1.9897862729367493,affine,0.28819280957062676,0.5763856191412535,1.0,0.28819280957062676,eta_l0_n231_r1,NA,ok
pinn100d_shallow300_medium_affine_pz_topk96_symbolic,single_cell,0,1.0,0,232,0,-0.9915097879699294,1.031502035920235,0.01999612397515277,1.0115059119450822,2.0230118238901644,affine,0.08391577855064876,0.16783155710129752,0.9319962481713715,0.09003875145988643,eta_l0_n232_r0,NA,ok
pinn100d_shallow300_medium_affine_pz_topk96_symbolic,single_cell,0,1.0,0,232,1,-0.9915097879699294,1.031502035920235,0.01999612397515277,1.0115059119450822,2.0230118238901644,affine,0.29350402543245935,0.5870080508649187,1.0,0.29350402543245935,eta_l0_n232_r1,NA,ok
pinn100d_shallow300_medium_affine_pz_topk96_symbolic,single_cell,0,1.0,0,233,0,-1.08080947479655,1.0470137954558827,-0.016897839670333648,1.0639116351262163,2.1278232702524327,affine,0.09369831588937973,0.18739663177875945,0.9319962481713715,0.10053507841176511,eta_l0_n233_r0,NA,ok
pinn100d_shallow300_medium_affine_pz_topk96_symbolic,single_cell,0,1.0,0,233,1,-1.08080947479655,1.0470137954558827,-0.016897839670333648,1.0639116351262163,2.1278232702524327,affine,0.30969189457663343,0.6193837891532669,1.0,0.30969189457663343,eta_l0_n233_r1,NA,ok
pinn100d_shallow300_medium_affine_pz_topk96_symbolic,single_cell,0,1.0,0,234,0,-0.9553499690208584,0.9911598413697276,0.01790493617443456,0.973254905195293,1.946509810390586,affine,0.0769698294054751,0.1539396588109502,0.9319962481713715,0.08258598632397307,eta_l0_n234_r0,NA,ok
pinn100d_shallow300_medium_affine_pz_topk96_symbolic,single_cell,0,1.0,0,234,1,-0.9553499690208584,0.9911598413697276,0.01790493617443456,0.973254905195293,1.946509810390586,affine,0.28121030953724074,0.5624206190744815,1.0,0.28121030953724074,eta_l0_n234_r1,NA,ok
pinn100d_shallow300_medium_affine_pz_topk96_symbolic,single_cell,0,1.0,0,235,0,-0.9690273603532127,1.0071673197752016,0.019069979710994445,0.9880973400642071,1.9761946801284143,affine,0.07964352957996403,0.15928705915992805,0.9319962481713715,0.08545477488372841,eta_l0_n235_r0,NA,ok
pinn100d_shallow300_medium_affine_pz_topk96_symbolic,single_cell,0,1.0,0,235,1,-0.9690273603532127,1.0071673197752016,0.019069979710994445,0.9880973400642071,1.9761946801284143,affine,0.28602852557731817,0.5720570511546363,1.0,0.28602852557731817,eta_l0_n235_r1,NA,ok
pinn100d_shallow300_medium_affine_pz_topk96_symbolic,single_cell,0,1.0,0,236,0,-1.1558838037706318,1.191758770838782,0.017937483534075094,1.173821287304707,2.347642574609414,affine,0.11518710792645188,0.23037421585290377,0.9319962481713715,0.12359181504480882,eta_l0_n236_r0,NA,ok
pinn100d_shallow300_medium_affine_pz_topk96_symbolic,single_cell,0,1.0,0,236,1,-1.1558838037706318,1.191758770838782,0.017937483534075094,1.173821287304707,2.347642574609414,affine,0.34060209629286436,0.6812041925857287,1.0,0.34060209629286436,eta_l0_n236_r1,NA,ok
pinn100d_shallow300_medium_affine_pz_topk96_symbolic,single_cell,0,1.0,0,237,0,-0.9032024251467424,0.9272904688323386,0.01204402184279807,0.9152464469895405,1.830492893979081,affine,0.06683064114202937,0.13366128228405874,0.9319962481713715,0.0717069851656107,eta_l0_n237_r0,NA,ok
pinn100d_shallow300_medium_affine_pz_topk96_symbolic,single_cell,0,1.0,0,237,1,-0.9032024251467424,0.9272904688323386,0.01204402184279807,0.9152464469895405,1.830492893979081,affine,0.2617639868026934,0.5235279736053868,1.0,0.2617639868026934,eta_l0_n237_r1,NA,ok
pinn100d_shallow300_medium_affine_pz_topk96_symbolic,single_cell,0,1.0,0,238,0,-1.2475163628525583,1.2970872348018667,0.024785435974654213,1.2723017988272125,2.544603597654425,affine,0.1352337806803164,0.2704675613606328,0.9319962481713715,0.14510120716220973,eta_l0_n238_r0,NA,ok
pinn100d_shallow300_medium_affine_pz_topk96_symbolic,single_cell,0,1.0,0,238,1,-1.2475163628525583,1.2970872348018667,0.024785435974654213,1.2723017988272125,2.544603597654425,affine,0.3648170558558874,0.7296341117117748,1.0,0.3648170558558874,eta_l0_n238_r1,NA,ok
pinn100d_shallow300_medium_affine_pz_topk96_symbolic,single_cell,0,1.0,0,239,0,-0.9472028721092912,0.9617653086795485,0.007281218285128621,0.9544840903944198,1.9089681807888397,affine,0.07359532437748174,0.1471906487549635,0.9319962481713715,0.0789652581991396,eta_l0_n239_r0,NA,ok
pinn100d_shallow300_medium_affine_pz_topk96_symbolic,single_cell,0,1.0,0,239,1,-0.9472028721092912,0.9617653086795485,0.007281218285128621,0.9544840903944198,1.9089681807888397,affine,0.27511529379093747,0.5502305875818749,1.0,0.27511529379093747,eta_l0_n239_r1,NA,ok
pinn100d_shallow300_medium_affine_pz_topk96_symbolic,single_cell,0,1.0,0,240,0,-1.139020179466013,1.1757004326923162,0.01834012661315154,1.1573603060791646,2.3147206121583292,affine,0.11190478616491507,0.22380957232983015,0.9319962481713715,0.12006999640232296,eta_l0_n240_r0,NA,ok
pinn100d_shallow300_medium_affine_pz_topk96_symbolic,single_cell,0,1.0,0,240,1,-1.139020179466013,1.1757004326923162,0.01834012661315154,1.1573603060791646,2.3147206121583292,affine,0.3362207708362268,0.6724415416724536,1.0,0.3362207708362268,eta_l0_n240_r1,NA,ok
pinn100d_shallow300_medium_affine_pz_topk96_symbolic,single_cell,0,1.0,0,241,0,-0.8034218143463597,0.8305734264130716,0.013575806033355953,0.8169976203797157,1.6339952407594314,affine,0.05101514148501563,0.10203028297003126,0.9319962481713715,0.054737496620946895,eta_l0_n241_r0,NA,ok
pinn100d_shallow300_medium_affine_pz_topk96_symbolic,single_cell,0,1.0,0,241,1,-0.8034218143463597,0.8305734264130716,0.013575806033355953,0.8169976203797157,1.6339952407594314,affine,0.2266731457928317,0.4533462915856634,1.0,0.2266731457928317,eta_l0_n241_r1,NA,ok
pinn100d_shallow300_medium_affine_pz_topk96_symbolic,single_cell,0,1.0,0,242,0,-0.8216464738019207,0.8370838065220392,0.007718666360059245,0.8293651401619799,1.6587302803239599,affine,0.05288344570803522,0.10576689141607044,0.9319962481713715,0.05674212295574739,eta_l0_n242_r0,NA,ok
pinn100d_shallow300_medium_affine_pz_topk96_symbolic,single_cell,0,1.0,0,242,1,-0.8216464738019207,0.8370838065220392,0.007718666360059245,0.8293651401619799,1.6587302803239599,affine,0.23126511064546856,0.4625302212909371,1.0,0.23126511064546856,eta_l0_n242_r1,NA,ok
pinn100d_shallow300_medium_affine_pz_topk96_symbolic,single_cell,0,1.0,0,243,0,-1.094745104288666,1.126225789433019,0.01574034257217649,1.1104854468608425,2.220970893721685,affine,0.10266022844570051,0.20532045689140102,0.9319962481713715,0.11015090312554969,eta_l0_n243_r0,NA,ok
pinn100d_shallow300_medium_affine_pz_topk96_symbolic,single_cell,0,1.0,0,243,1,-1.094745104288666,1.126225789433019,0.01574034257217649,1.1104854468608425,2.220970893721685,affine,0.32329968942006604,0.6465993788401321,1.0,0.32329968942006604,eta_l0_n243_r1,NA,ok
pinn100d_shallow300_medium_affine_pz_topk96_symbolic,single_cell,0,1.0,0,244,0,-1.3579344396070396,1.4019798358364988,0.022022698114729566,1.3799571377217692,2.7599142754435384,affine,0.15755628942850283,0.31511257885700567,0.9319962481713715,0.16905249322369809,eta_l0_n244_r0,NA,ok
pinn100d_shallow300_medium_affine_pz_topk96_symbolic,single_cell,0,1.0,0,244,1,-1.3579344396070396,1.4019798358364988,0.022022698114729566,1.3799571377217692,2.7599142754435384,affine,0.38789260455289937,0.7757852091057987,1.0,0.38789260455289937,eta_l0_n244_r1,NA,ok
pinn100d_shallow300_medium_affine_pz_topk96_symbolic,single_cell,0,1.0,0,245,0,-1.0757844619013353,1.058689201892231,-0.008547630004552165,1.067236831896783,2.134473663793566,affine,0.09429752179835456,0.18859504359670912,0.9319962481713715,0.10117800579494987,eta_l0_n245_r0,NA,ok
pinn100d_shallow300_medium_affine_pz_topk96_symbolic,single_cell,0,1.0,0,245,1,-1.0757844619013353,1.058689201892231,-0.008547630004552165,1.067236831896783,2.134473663793566,affine,0.31077188650760995,0.6215437730152199,1.0,0.31077188650760995,eta_l0_n245_r1,NA,ok
pinn100d_shallow300_medium_affine_pz_topk96_symbolic,single_cell,0,1.0,0,246,0,-0.8996611244567155,0.9223465961082321,0.011342735825758288,0.9110038602824738,1.8220077205649476,affine,0.06610913113535623,0.13221826227071246,0.9319962481713715,0.07093282968152073,eta_l0_n246_r0,NA,ok
pinn100d_shallow300_medium_affine_pz_topk96_symbolic,single_cell,0,1.0,0,246,1,-0.8996611244567155,0.9223465961082321,0.011342735825758288,0.9110038602824738,1.8220077205649476,affine,0.26030628422287794,0.5206125684457559,1.0,0.26030628422287794,eta_l0_n246_r1,NA,ok
pinn100d_shallow300_medium_affine_pz_topk96_symbolic,single_cell,0,1.0,0,247,0,-0.8285968972008307,0.8196796009213531,-0.004458648139738841,0.8241382490610919,1.6482764981221838,affine,0.05207163037664759,0.10414326075329518,0.9319962481713715,0.0558710729563719,eta_l0_n247_r0,NA,ok
pinn100d_shallow300_medium_affine_pz_topk96_symbolic,single_cell,0,1.0,0,247,1,-0.8285968972008307,0.8196796009213531,-0.004458648139738841,0.8241382490610919,1.6482764981221838,affine,0.22936955208021276,0.4587391041604255,1.0,0.22936955208021276,eta_l0_n247_r1,NA,ok
pinn100d_shallow300_medium_affine_pz_topk96_symbolic,single_cell,0,1.0,0,248,0,-0.9630373114550294,0.9343823587700507,-0.01432747634248932,0.94870983511254,1.89741967022508,affine,0.07260971125925632,0.14521942251851264,0.9319962481713715,0.0779077291370224,eta_l0_n248_r0,NA,ok
pinn100d_shallow300_medium_affine_pz_topk96_symbolic,single_cell,0,1.0,0,248,1,-0.9630373114550294,0.9343823587700507,-0.01432747634248932,0.94870983511254,1.89741967022508,affine,0.27311766338374865,0.5462353267674973,1.0,0.27311766338374865,eta_l0_n248_r1,NA,ok
pinn100d_shallow300_medium_affine_pz_topk96_symbolic,single_cell,0,1.0,0,249,0,-0.8971474300455685,0.9299772734367954,0.016414921695613427,0.9135623517411819,1.8271247034823639,affine,0.06656829091883472,0.13313658183766944,0.9319962481713715,0.07142549237665431,eta_l0_n249_r0,NA,ok
pinn100d_shallow300_medium_affine_pz_topk96_symbolic,single_cell,0,1.0,0,249,1,-0.8971474300455685,0.9299772734367954,0.016414921695613427,0.9135623517411819,1.8271247034823639,affine,0.2611280939599575,0.522256187919915,1.0,0.2611280939599575,eta_l0_n249_r1,NA,ok
pinn100d_shallow300_medium_affine_pz_topk96_symbolic,single_cell,0,1.0,0,250,0,-0.7261210591057342,0.7589229120372533,0.016400926465759524,0.7425219855714937,1.4850439711429875,affine,0.04029261137626906,0.08058522275253811,0.9319962481713715,0.043232589675468544,eta_l0_n250_r0,NA,ok
pinn100d_shallow300_medium_affine_pz_topk96_symbolic,single_cell,0,1.0,0,250,1,-0.7261210591057342,0.7589229120372533,0.016400926465759524,0.7425219855714937,1.4850439711429875,affine,0.19875206432670667,0.39750412865341334,1.0,0.19875206432670667,eta_l0_n250_r1,NA,ok
pinn100d_shallow300_medium_affine_pz_topk96_symbolic,single_cell,0,1.0,0,251,0,-0.6364866647888496,0.6638130918043734,0.013663213507761895,0.6501498782966115,1.300299756593223,affine,0.028655556908585626,0.05731111381717125,0.9319962481713715,0.030746429467725243,eta_l0_n251_r0,NA,ok
pinn100d_shallow300_medium_affine_pz_topk96_symbolic,single_cell,0,1.0,0,251,1,-0.6364866647888496,0.6638130918043734,0.013663213507761895,0.6501498782966115,1.300299756593223,affine,0.1633843769776558,0.3267687539553116,1.0,0.1633843769776558,eta_l0_n251_r1,NA,ok
pinn100d_shallow300_medium_affine_pz_topk96_symbolic,single_cell,0,1.0,0,252,0,-1.0954772645448594,1.1341057511714407,0.01931424331329068,1.11479150785815,2.2295830157163,affine,0.10351882023537858,0.20703764047075715,0.9319962481713715,0.11107214265989618,eta_l0_n252_r0,NA,ok
pinn100d_shallow300_medium_affine_pz_topk96_symbolic,single_cell,0,1.0,0,252,1,-1.0954772645448594,1.1341057511714407,0.01931424331329068,1.11479150785815,2.2295830157163,affine,0.32447162950315533,0.6489432590063107,1.0,0.32447162950315533,eta_l0_n252_r1,NA,ok
pinn100d_shallow300_medium_affine_pz_topk96_symbolic,single_cell,0,1.0,0,253,0,-0.7874311842140017,0.8227512611658138,0.017660038475906026,0.8050912226899077,1.6101824453798155,affine,0.04924698734954847,0.09849397469909695,0.9319962481713715,0.052840327894209664,eta_l0_n253_r0,NA,ok
pinn100d_shallow300_medium_affine_pz_topk96_symbolic,single_cell,0,1.0,0,253,1,-0.7874311842140017,0.8227512611658138,0.017660038475906026,0.8050912226899077,1.6101824453798155,affine,0.22222072025332534,0.4444414405066507,1.0,0.22222072025332534,eta_l0_n253_r1,NA,ok
pinn100d_shallow300_medium_affine_pz_topk96_symbolic,single_cell,0,1.0,0,254,0,-0.9847557236564193,1.020181147346501,0.017712711845040863,1.0024684355014601,2.0049368710029203,affine,0.08224546002753337,0.16449092005506674,0.9319962481713715,0.08824655698872559,eta_l0_n254_r0,NA,ok
pinn100d_shallow300_medium_affine_pz_topk96_symbolic,single_cell,0,1.0,0,254,1,-0.9847557236564193,1.020181147346501,0.017712711845040863,1.0024684355014601,2.0049368710029203,affine,0.29066857170882565,0.5813371434176513,1.0,0.29066857170882565,eta_l0_n254_r1,NA,ok
pinn100d_shallow300_medium_affine_pz_topk96_symbolic,single_cell,0,1.0,0,255,0,-1.288565530322774,1.2507822038897218,-0.018891663216526133,1.269673867106248,2.539347734212496,affine,0.13466273029786982,0.26932546059573964,0.9319962481713715,0.14448848969304928,eta_l0_n255_r0,NA,ok
pinn100d_shallow300_medium_affine_pz_topk96_symbolic,single_cell,0,1.0,0,255,1,-1.288565530322774,1.2507822038897218,-0.018891663216526133,1.269673867106248,2.539347734212496,affine,0.3642931767979276,0.7285863535958552,1.0,0.3642931767979276,eta_l0_n255_r1,NA,ok
pinn100d_shallow300_medium_affine_pz_topk96_symbolic,single_cell,0,1.0,0,256,0,-0.8345849622272768,0.862889794074723,0.014152415923723072,0.8487373781509999,1.6974747563019998,affine,0.055936304533085686,0.11187260906617137,0.9319962481713715,0.0600177357396404,eta_l0_n256_r0,NA,ok
pinn100d_shallow300_medium_affine_pz_topk96_symbolic,single_cell,0,1.0,0,256,1,-0.8345849622272768,0.862889794074723,0.014152415923723072,0.8487373781509999,1.6974747563019998,affine,0.2382428389544612,0.4764856779089224,1.0,0.2382428389544612,eta_l0_n256_r1,NA,ok
pinn100d_shallow300_medium_affine_pz_topk96_symbolic,single_cell,0,1.0,0,257,0,-0.6351214718940504,0.5726601313824508,-0.03123067025579984,0.6038908016382506,1.2077816032765012,affine,0.023764750123252524,0.04752950024650505,0.9319962481713715,0.025498761577506655,eta_l0_n257_r0,NA,ok
pinn100d_shallow300_medium_affine_pz_topk96_symbolic,single_cell,0,1.0,0,257,1,-0.6351214718940504,0.5726601313824508,-0.03123067025579984,0.6038908016382506,1.2077816032765012,affine,0.14532038190436053,0.29064076380872106,1.0,0.14532038190436053,eta_l0_n257_r1,NA,ok
pinn100d_shallow300_medium_affine_pz_topk96_symbolic,single_cell,0,1.0,0,258,0,-0.9998125161825591,0.967562441340464,-0.01612503742104754,0.9836874787615115,1.967374957523023,affine,0.07883014658578365,0.1576602931715673,0.9319962481713715,0.0845820428359586,eta_l0_n258_r0,NA,ok
pinn100d_shallow300_medium_affine_pz_topk96_symbolic,single_cell,0,1.0,0,258,1,-0.9998125161825591,0.967562441340464,-0.01612503742104754,0.9836874787615115,1.967374957523023,affine,0.28464282835773846,0.5692856567154769,1.0,0.28464282835773846,eta_l0_n258_r1,NA,ok
pinn100d_shallow300_medium_affine_pz_topk96_symbolic,single_cell,0,1.0,0,259,0,-0.8697080952856967,0.8389415568536377,-0.015383269216029505,0.8543248260696672,1.7086496521393344,affine,0.05682902813904301,0.11365805627808602,0.9319962481713715,0.06097559754188359,eta_l0_n259_r0,NA,ok
pinn100d_shallow300_medium_affine_pz_topk96_symbolic,single_cell,0,1.0,0,259,1,-0.8697080952856967,0.8389415568536377,-0.015383269216029505,0.8543248260696672,1.7086496521393344,affine,0.24024190927679612,0.48048381855359223,1.0,0.24024190927679612,eta_l0_n259_r1,NA,ok
pinn100d_shallow300_medium_affine_pz_topk96_symbolic,single_cell,0,1.0,0,260,0,-0.8381656949954069,0.8252083496681949,-0.006478672663606022,0.8316870223318009,1.6633740446636018,affine,0.0532387319093588,0.1064774638187176,0.9319962481713715,0.05712333286085234,eta_l0_n260_r0,NA,ok
pinn100d_shallow300_medium_affine_pz_topk96_symbolic,single_cell,0,1.0,0,260,1,-0.8381656949954069,0.8252083496681949,-0.006478672663606022,0.8316870223318009,1.6633740446636018,affine,0.2321211134765584,0.4642422269531168,1.0,0.2321211134765584,eta_l0_n260_r1,NA,ok
pinn100d_shallow300_medium_affine_pz_topk96_symbolic,single_cell,0,1.0,0,261,0,-0.833623752115959,0.8706092838419001,0.01849276586297055,0.8521165179789295,1.704233035957859,affine,0.056499013590415766,0.11299802718083153,0.9319962481713715,0.06062150325311928,eta_l0_n261_r0,NA,ok
pinn100d_shallow300_medium_affine_pz_topk96_symbolic,single_cell,0,1.0,0,261,1,-0.833623752115959,0.8706092838419001,0.01849276586297055,0.8521165179789295,1.704233035957859,affine,0.2393991173845697,0.4787982347691394,1.0,0.2393991173845697,eta_l0_n261_r1,NA,ok
pinn100d_shallow300_medium_affine_pz_topk96_symbolic,single_cell,0,1.0,0,262,0,-0.9956755857415504,0.9684535524140813,-0.013611016663734543,0.9820645690778158,1.9641291381556316,affine,0.07852507002697835,0.1570501400539567,0.9319962481713715,0.0842547061547178,eta_l0_n262_r0,NA,ok
pinn100d_shallow300_medium_affine_pz_topk96_symbolic,single_cell,0,1.0,0,262,1,-0.9956755857415504,0.9684535524140813,-0.013611016663734543,0.9820645690778158,1.9641291381556316,affine,0.28414712102329764,0.5682942420465953,1.0,0.28414712102329764,eta_l0_n262_r1,NA,ok
pinn100d_shallow300_medium_affine_pz_topk96_symbolic,single_cell,0,1.0,0,263,0,-1.0209221961890607,1.0532642598531714,0.01617103183205537,1.037093228021116,2.074186456042232,affine,0.08863715985000005,0.1772743197000001,0.9319962481713715,0.09510463161617988,eta_l0_n263_r0,NA,ok
pinn100d_shallow300_medium_affine_pz_topk96_symbolic,single_cell,0,1.0,0,263,1,-1.0209221961890607,1.0532642598531714,0.01617103183205537,1.037093228021116,2.074186456042232,affine,0.3015525088126787,0.6031050176253574,1.0,0.3015525088126787,eta_l0_n263_r1,NA,ok
pinn100d_shallow300_medium_affine_pz_topk96_symbolic,single_cell,0,1.0,0,264,0,-0.7417572625689896,0.7667071698008693,0.012474953615939866,0.7542322161849294,1.5084644323698588,affine,0.04187984998861028,0.08375969997722056,0.9319962481713715,0.0449356422526173,eta_l0_n264_r0,NA,ok
pinn100d_shallow300_medium_affine_pz_topk96_symbolic,single_cell,0,1.0,0,264,1,-0.7417572625689896,0.7667071698008693,0.012474953615939866,0.7542322161849294,1.5084644323698588,affine,0.20324099935783696,0.4064819987156739,1.0,0.20324099935783696,eta_l0_n264_r1,NA,ok
pinn100d_shallow300_medium_affine_pz_topk96_symbolic,single_cell,0,1.0,0,265,0,-0.8885673887593571,0.8568782922249832,-0.015844548267186953,0.8727228404921702,1.7454456809843404,affine,0.05978837364507889,0.11957674729015778,0.9319962481713715,0.06415087374266475,eta_l0_n265_r0,NA,ok
pinn100d_shallow300_medium_affine_pz_topk96_symbolic,single_cell,0,1.0,0,265,1,-0.8885673887593571,0.8568782922249832,-0.015844548267186953,0.8727228404921702,1.7454456809843404,affine,0.24682017229808212,0.49364034459616424,1.0,0.24682017229808212,eta_l0_n265_r1,NA,ok
pinn100d_shallow300_medium_affine_pz_topk96_symbolic,single_cell,0,1.0,0,266,0,-1.097939440105263,1.0589211186241407,-0.019509160740561082,1.0784302793647018,2.1568605587294036,affine,0.09648454749320724,0.19296909498641449,0.9319962481713715,0.10352460933454968,eta_l0_n266_r0,NA,ok
pinn100d_shallow300_medium_affine_pz_topk96_symbolic,single_cell,0,1.0,0,266,1,-1.097939440105263,1.0589211186241407,-0.019509160740561082,1.0784302793647018,2.1568605587294036,affine,0.31396790847240585,0.6279358169448117,1.0,0.31396790847240585,eta_l0_n266_r1,NA,ok
pinn100d_shallow300_medium_affine_pz_topk96_symbolic,single_cell,0,1.0,0,267,0,-0.9212656338216741,0.9528695879992136,0.015801977088769736,0.9370676109104439,1.8741352218208878,affine,0.07059108594245113,0.14118217188490226,0.9319962481713715,0.07574181342570291,eta_l0_n267_r0,NA,ok
pinn100d_shallow300_medium_affine_pz_topk96_symbolic,single_cell,0,1.0,0,267,1,-0.9212656338216741,0.9528695879992136,0.015801977088769736,0.9370676109104439,1.8741352218208878,affine,0.2691747136306971,0.5383494272613942,1.0,0.2691747136306971,eta_l0_n267_r1,NA,ok
pinn100d_shallow300_medium_affine_pz_topk96_symbolic,single_cell,0,1.0,0,268,0,-0.8940710602099515,0.8588320503931359,-0.0176195049084078,0.8764515553015437,1.7529031106030875,affine,0.06040647288144008,0.12081294576288017,0.9319962481713715,0.06481407301795575,eta_l0_n268_r0,NA,ok
pinn100d_shallow300_medium_affine_pz_topk96_symbolic,single_cell,0,1.0,0,268,1,-0.8940710602099515,0.8588320503931359,-0.0176195049084078,0.8764515553015437,1.7529031106030875,affine,0.24811831778222848,0.49623663556445696,1.0,0.24811831778222848,eta_l0_n268_r1,NA,ok
pinn100d_shallow300_medium_affine_pz_topk96_symbolic,single_cell,0,1.0,0,269,0,-0.8629278062752647,0.8343272647993644,-0.01430027073795015,0.8486275355373145,1.697255071074629,affine,0.05591978122054115,0.1118395624410823,0.9319962481713715,0.06000000679215058,eta_l0_n269_r0,NA,ok
pinn100d_shallow300_medium_affine_pz_topk96_symbolic,single_cell,0,1.0,0,269,1,-0.8629278062752647,0.8343272647993644,-0.01430027073795015,0.8486275355373145,1.697255071074629,affine,0.23820126653711426,0.47640253307422853,1.0,0.23820126653711426,eta_l0_n269_r1,NA,ok
pinn100d_shallow300_medium_affine_pz_topk96_symbolic,single_cell,0,1.0,0,270,0,-0.970677453881365,1.0031156697628496,0.016219107940742328,0.9868965618221073,1.9737931236442146,affine,0.07940926081926343,0.15881852163852686,0.9319962481713715,0.08520341254062859,eta_l0_n270_r0,NA,ok
pinn100d_shallow300_medium_affine_pz_topk96_symbolic,single_cell,0,1.0,0,270,1,-0.970677453881365,1.0031156697628496,0.016219107940742328,0.9868965618221073,1.9737931236442146,affine,0.2856827070911946,0.5713654141823892,1.0,0.2856827070911946,eta_l0_n270_r1,NA,ok
pinn100d_shallow300_medium_affine_pz_topk96_symbolic,single_cell,0,1.0,0,271,0,-0.9732209605163527,0.9367859559488056,-0.0182175022837735,0.9550034582325791,1.9100069164651583,affine,0.07373664133513287,0.14747328267026574,0.9319962481713715,0.07911688644649403,eta_l0_n271_r0,NA,ok
pinn100d_shallow300_medium_affine_pz_topk96_symbolic,single_cell,0,1.0,0,271,1,-0.9732209605163527,0.9367859559488056,-0.0182175022837735,0.9550034582325791,1.9100069164651583,affine,0.27516733078326927,0.5503346615665385,1.0,0.27516733078326927,eta_l0_n271_r1,NA,ok
pinn100d_shallow300_medium_affine_pz_topk96_symbolic,single_cell,0,1.0,0,272,0,-0.9651068342533381,0.998866628856511,0.016879897301586455,0.9819867315549246,1.963973463109849,affine,0.0785284283481333,0.1570568566962666,0.9319962481713715,0.08425830951810208,eta_l0_n272_r0,NA,ok
pinn100d_shallow300_medium_affine_pz_topk96_symbolic,single_cell,0,1.0,0,272,1,-0.9651068342533381,0.998866628856511,0.016879897301586455,0.9819867315549246,1.963973463109849,affine,0.28407907522631537,0.5681581504526307,1.0,0.28407907522631537,eta_l0_n272_r1,NA,ok
pinn100d_shallow300_medium_affine_pz_topk96_symbolic,single_cell,0,1.0,0,273,0,-0.8018194571083685,0.7795301587031829,-0.011144649202592838,0.7906748079057757,1.5813496158115514,affine,0.047074883359198356,0.09414976671839671,0.9319962481713715,0.050509734831617505,eta_l0_n273_r0,NA,ok
pinn100d_shallow300_medium_affine_pz_topk96_symbolic,single_cell,0,1.0,0,273,1,-0.8018194571083685,0.7795301587031829,-0.011144649202592838,0.7906748079057757,1.5813496158115514,affine,0.2169475124104976,0.4338950248209952,1.0,0.2169475124104976,eta_l0_n273_r1,NA,ok
pinn100d_shallow300_medium_affine_pz_topk96_symbolic,single_cell,0,1.0,0,274,0,-1.3704733539073402,1.4030091777593323,0.01626791192599608,1.3867412658333362,2.7734825316666725,affine,0.15895094587993705,0.3179018917598741,0.9319962481713715,0.17054891174917028,eta_l0_n274_r0,NA,ok
pinn100d_shallow300_medium_affine_pz_topk96_symbolic,single_cell,0,1.0,0,274,1,-1.3704733539073402,1.4030091777593323,0.01626791192599608,1.3867412658333362,2.7734825316666725,affine,0.38928688741470735,0.7785737748294147,1.0,0.38928688741470735,eta_l0_n274_r1,NA,ok
pinn100d_shallow300_medium_affine_pz_topk96_symbolic,single_cell,0,1.0,0,275,0,-1.054322247914134,1.0201728471958655,-0.017074700359134276,1.0372475475549998,2.0744950951099996,affine,0.08867093565940438,0.17734187131880877,0.9319962481713715,0.09514087190091344,eta_l0_n275_r0,NA,ok
pinn100d_shallow300_medium_affine_pz_topk96_symbolic,single_cell,0,1.0,0,275,1,-1.054322247914134,1.0201728471958655,-0.017074700359134276,1.0372475475549998,2.0744950951099996,affine,0.3015876428654989,0.6031752857309978,1.0,0.3015876428654989,eta_l0_n275_r1,NA,ok
pinn100d_shallow300_medium_affine_pz_topk96_symbolic,single_cell,0,1.0,0,276,0,-1.1254872684487631,1.1656844838811946,0.020098607716215744,1.1455858761649789,2.2911717523299577,affine,0.10957807722918857,0.21915615445837713,0.9319962481713715,0.11757351753742233,eta_l0_n276_r0,NA,ok
pinn100d_shallow300_medium_affine_pz_topk96_symbolic,single_cell,0,1.0,0,276,1,-1.1254872684487631,1.1656844838811946,0.020098607716215744,1.1455858761649789,2.2911717523299577,affine,0.333009874225618,0.666019748451236,1.0,0.333009874225618,eta_l0_n276_r1,NA,ok
pinn100d_shallow300_medium_affine_pz_topk96_symbolic,single_cell,0,1.0,0,277,0,-1.1043859523878041,1.1426379378077016,0.019125992709948747,1.1235119450977529,2.2470238901955057,affine,0.10522390427298968,0.21044780854597936,0.9319962481713715,0.11290163933539951,eta_l0_n277_r0,NA,ok
pinn100d_shallow300_medium_affine_pz_topk96_symbolic,single_cell,0,1.0,0,277,1,-1.1043859523878041,1.1426379378077016,0.019125992709948747,1.1235119450977529,2.2470238901955057,affine,0.32692761757395183,0.6538552351479037,1.0,0.32692761757395183,eta_l0_n277_r1,NA,ok
pinn100d_shallow300_medium_affine_pz_topk96_symbolic,single_cell,0,1.0,0,278,0,-0.7530154612851288,0.7784502098291963,0.012717374272033788,0.7657328355571625,1.531465671114325,affine,0.04349218747112233,0.08698437494224466,0.9319962481713715,0.04666562505638453,eta_l0_n278_r0,NA,ok
pinn100d_shallow300_medium_affine_pz_topk96_symbolic,single_cell,0,1.0,0,278,1,-0.7530154612851288,0.7784502098291963,0.012717374272033788,0.7657328355571625,1.531465671114325,affine,0.20758068201875263,0.41516136403750525,1.0,0.20758068201875263,eta_l0_n278_r1,NA,ok
pinn100d_shallow300_medium_affine_pz_topk96_symbolic,single_cell,0,1.0,0,279,0,-0.9664557004775315,0.9399092435870476,-0.013273228445241925,0.9531824720322896,1.9063649440645791,affine,0.07338862410217874,0.14677724820435747,0.9319962481713715,0.07874347589507072,eta_l0_n279_r0,NA,ok
pinn100d_shallow300_medium_affine_pz_topk96_symbolic,single_cell,0,1.0,0,279,1,-0.9664557004775315,0.9399092435870476,-0.013273228445241925,0.9531824720322896,1.9063649440645791,affine,0.2746272259394916,0.5492544518789833,1.0,0.2746272259394916,eta_l0_n279_r1,NA,ok
pinn100d_shallow300_medium_affine_pz_topk96_symbolic,single_cell,0,1.0,0,280,0,-1.1218413295624685,1.0845588312120327,-0.018641249175217922,1.1032000803872506,2.206400160774501,affine,0.10125806852097143,0.20251613704194285,0.9319962481713715,0.10864643363065613,eta_l0_n280_r0,NA,ok
pinn100d_shallow300_medium_affine_pz_topk96_symbolic,single_cell,0,1.0,0,280,1,-1.1218413295624685,1.0845588312120327,-0.018641249175217922,1.1032000803872506,2.206400160774501,affine,0.3211816722610421,0.6423633445220842,1.0,0.3211816722610421,eta_l0_n280_r1,NA,ok
pinn100d_shallow300_medium_affine_pz_topk96_symbolic,single_cell,0,1.0,0,281,0,-0.7251348527214971,0.758782585137245,0.016823866207873905,0.741958718929371,1.483917437858742,affine,0.040218829577515165,0.08043765915503033,0.9319962481713715,0.04315342433666095,eta_l0_n281_r0,NA,ok
pinn100d_shallow300_medium_affine_pz_topk96_symbolic,single_cell,0,1.0,0,281,1,-0.7251348527214971,0.758782585137245,0.016823866207873905,0.741958718929371,1.483917437858742,affine,0.19853197030781827,0.39706394061563655,1.0,0.19853197030781827,eta_l0_n281_r1,NA,ok
pinn100d_shallow300_medium_affine_pz_topk96_symbolic,single_cell,0,1.0,0,282,0,-1.5402310170390952,1.5057766624553988,-0.017227177291848195,1.523003839747247,3.046007679494494,affine,0.1874287668164584,0.3748575336329168,0.9319962481713715,0.20110463661651434,eta_l0_n282_r0,NA,ok
pinn100d_shallow300_medium_affine_pz_topk96_symbolic,single_cell,0,1.0,0,282,1,-1.5402310170390952,1.5057766624553988,-0.017227177291848195,1.523003839747247,3.046007679494494,affine,0.41327305208332726,0.8265461041666545,1.0,0.41327305208332726,eta_l0_n282_r1,NA,ok
pinn100d_shallow300_medium_affine_pz_topk96_symbolic,single_cell,0,1.0,0,283,0,-0.8267574423081061,0.7934742831840171,-0.016641579562044484,0.8101158627460616,1.6202317254921232,affine,0.04999348869782195,0.0999869773956439,0.9319962481713715,0.05364129823045099,eta_l0_n283_r0,NA,ok
pinn100d_shallow300_medium_affine_pz_topk96_symbolic,single_cell,0,1.0,0,283,1,-0.8267574423081061,0.7934742831840171,-0.016641579562044484,0.8101158627460616,1.6202317254921232,affine,0.2240945199925709,0.4481890399851418,1.0,0.2240945199925709,eta_l0_n283_r1,NA,ok
pinn100d_shallow300_medium_affine_pz_topk96_symbolic,single_cell,0,1.0,0,284,0,-0.8807211491905227,0.9069751074714274,0.013126979140452355,0.893848128330975,1.78769625666195,affine,0.06324291874219658,0.12648583748439315,0.9319962481713715,0.06785748211570884,eta_l0_n284_r0,NA,ok
pinn100d_shallow300_medium_affine_pz_topk96_symbolic,single_cell,0,1.0,0,284,1,-0.8807211491905227,0.9069751074714274,0.013126979140452355,0.893848128330975,1.78769625666195,affine,0.25431416160486126,0.5086283232097225,1.0,0.25431416160486126,eta_l0_n284_r1,NA,ok
pinn100d_shallow300_medium_affine_pz_topk96_symbolic,single_cell,0,1.0,0,285,0,-0.9136703395627072,0.9488611758931843,0.017595418165238574,0.9312657577279457,1.8625315154558915,affine,0.06959998889061066,0.1391999777812213,0.9319962481713715,0.0746784002909558,eta_l0_n285_r0,NA,ok
pinn100d_shallow300_medium_affine_pz_topk96_symbolic,single_cell,0,1.0,0,285,1,-0.9136703395627072,0.9488611758931843,0.017595418165238574,0.9312657577279457,1.8625315154558915,affine,0.26717870611859196,0.5343574122371839,1.0,0.26717870611859196,eta_l0_n285_r1,NA,ok
pinn100d_shallow300_medium_affine_pz_topk96_symbolic,single_cell,0,1.0,0,286,0,-1.3222298401611514,1.2810144283174631,-0.020607705921844133,1.3016221342393073,2.6032442684786146,affine,0.14126131622843827,0.28252263245687653,0.9319962481713715,0.15156854601679012,eta_l0_n286_r0,NA,ok
pinn100d_shallow300_medium_affine_pz_topk96_symbolic,single_cell,0,1.0,0,286,1,-1.3222298401611514,1.2810144283174631,-0.020607705921844133,1.3016221342393073,2.6032442684786146,affine,0.3715097252062655,0.743019450412531,1.0,0.3715097252062655,eta_l0_n286_r1,NA,ok
pinn100d_shallow300_medium_affine_pz_topk96_symbolic,single_cell,0,1.0,0,287,0,-1.0082309842020036,1.048218791399595,0.019993903598795715,1.0282248878007993,2.0564497756015987,affine,0.08700633057614827,0.17401266115229655,0.9319962481713715,0.09335480775470882,eta_l0_n287_r0,NA,ok
pinn100d_shallow300_medium_affine_pz_topk96_symbolic,single_cell,0,1.0,0,287,1,-1.0082309842020036,1.048218791399595,0.019993903598795715,1.0282248878007993,2.0564497756015987,affine,0.29874920593166787,0.5974984118633357,1.0,0.29874920593166787,eta_l0_n287_r1,NA,ok
pinn100d_shallow300_medium_affine_pz_topk96_symbolic,single_cell,0,1.0,0,288,0,-0.9609248528732853,0.9933100955407531,0.016192621333733892,0.9771174742070192,1.9542349484140384,affine,0.07765047558068246,0.15530095116136491,0.9319962481713715,0.08331629631882854,eta_l0_n288_r0,NA,ok
pinn100d_shallow300_medium_affine_pz_topk96_symbolic,single_cell,0,1.0,0,288,1,-0.9609248528732853,0.9933100955407531,0.016192621333733892,0.9771174742070192,1.9542349484140384,affine,0.28250049405507804,0.5650009881101561,1.0,0.28250049405507804,eta_l0_n288_r1,NA,ok
pinn100d_shallow300_medium_affine_pz_topk96_symbolic,single_cell,0,1.0,0,289,0,-1.2578650512751817,1.2187445857963901,-0.019560232739395778,1.238304818535786,2.476609637071572,affine,0.12823730959170523,0.25647461918341047,0.9319962481713715,0.13759423371426008,eta_l0_n289_r0,NA,ok
pinn100d_shallow300_medium_affine_pz_topk96_symbolic,single_cell,0,1.0,0,289,1,-1.2578650512751817,1.2187445857963901,-0.019560232739395778,1.238304818535786,2.476609637071572,affine,0.3568584940492191,0.7137169880984382,1.0,0.3568584940492191,eta_l0_n289_r1,NA,ok
pinn100d_shallow300_medium_affine_pz_topk96_symbolic,single_cell,0,1.0,0,290,0,-1.2209164590474624,1.265004290450195,0.022043915701366323,1.2429603747488287,2.4859207494976574,affine,0.12920111825149752,0.25840223650299504,0.9319962481713715,0.13862836734053094,eta_l0_n290_r0,NA,ok
pinn100d_shallow300_medium_affine_pz_topk96_symbolic,single_cell,0,1.0,0,290,1,-1.2209164590474624,1.265004290450195,0.022043915701366323,1.2429603747488287,2.4859207494976574,affine,0.35794597035653486,0.7158919407130697,1.0,0.35794597035653486,eta_l0_n290_r1,NA,ok
pinn100d_shallow300_medium_affine_pz_topk96_symbolic,single_cell,0,1.0,0,291,0,-0.8933386502203347,0.9310906530126255,0.018876001396145425,0.9122146516164801,1.8244293032329602,affine,0.0663563654821971,0.1327127309643942,0.9319962481713715,0.07119810365373463,eta_l0_n291_r0,NA,ok
pinn100d_shallow300_medium_affine_pz_topk96_symbolic,single_cell,0,1.0,0,291,1,-0.8933386502203347,0.9310906530126255,0.018876001396145425,0.9122146516164801,1.8244293032329602,affine,0.260624237096595,0.52124847419319,1.0,0.260624237096595,eta_l0_n291_r1,NA,ok
pinn100d_shallow300_medium_affine_pz_topk96_symbolic,single_cell,0,1.0,0,292,0,-0.8645810082391754,0.838881124514349,-0.012849941862413172,0.8517310663767622,1.7034621327535244,affine,0.05640316746034286,0.11280633492068572,0.9319962481713715,0.06051866364377433,eta_l0_n292_r0,NA,ok
pinn100d_shallow300_medium_affine_pz_topk96_symbolic,single_cell,0,1.0,0,292,1,-0.8645810082391754,0.838881124514349,-0.012849941862413172,0.8517310663767622,1.7034621327535244,affine,0.23933924698846587,0.47867849397693174,1.0,0.23933924698846587,eta_l0_n292_r1,NA,ok
pinn100d_shallow300_medium_affine_pz_topk96_symbolic,single_cell,0,1.0,0,293,0,-0.7696583947245351,0.7436963641755313,-0.012981015274501906,0.7566773794500332,1.5133547589000664,affine,0.042222681286823445,0.08444536257364689,0.9319962481713715,0.045303488473979046,eta_l0_n293_r0,NA,ok
pinn100d_shallow300_medium_affine_pz_topk96_symbolic,single_cell,0,1.0,0,293,1,-0.7696583947245351,0.7436963641755313,-0.012981015274501906,0.7566773794500332,1.5133547589000664,affine,0.2041600550732502,0.4083201101465004,1.0,0.2041600550732502,eta_l0_n293_r1,NA,ok
pinn100d_shallow300_medium_affine_pz_topk96_symbolic,single_cell,0,1.0,0,294,0,-1.0343795818103405,1.068042105369411,0.0168312617795352,1.0512108435898757,2.1024216871797514,affine,0.09129259489700804,0.18258518979401608,0.9319962481713715,0.09795382232077564,eta_l0_n294_r0,NA,ok
pinn100d_shallow300_medium_affine_pz_topk96_symbolic,single_cell,0,1.0,0,294,1,-1.0343795818103405,1.068042105369411,0.0168312617795352,1.0512108435898757,2.1024216871797514,affine,0.3058624608389326,0.6117249216778652,1.0,0.3058624608389326,eta_l0_n294_r1,NA,ok
pinn100d_shallow300_medium_affine_pz_topk96_symbolic,single_cell,0,1.0,0,295,0,-1.4165490101664338,1.4487144266980425,0.01608270826580438,1.4326317184322381,2.8652634368644763,affine,0.16854344612361224,0.3370868922472245,0.9319962481713715,0.1808413354177164,eta_l0_n295_r0,NA,ok
pinn100d_shallow300_medium_affine_pz_topk96_symbolic,single_cell,0,1.0,0,295,1,-1.4165490101664338,1.4487144266980425,0.01608270826580438,1.4326317184322381,2.8652634368644763,affine,0.3979471867839069,0.7958943735678138,1.0,0.3979471867839069,eta_l0_n295_r1,NA,ok
pinn100d_shallow300_medium_affine_pz_topk96_symbolic,single_cell,0,1.0,0,296,0,-0.7369816136118256,0.7101516754046736,-0.01341496910357598,0.7235666445082496,1.4471332890164992,affine,0.03773032047057046,0.07546064094114092,0.9319962481713715,0.04048333943897248,eta_l0_n296_r0,NA,ok
pinn100d_shallow300_medium_affine_pz_topk96_symbolic,single_cell,0,1.0,0,296,1,-0.7369816136118256,0.7101516754046736,-0.01341496910357598,0.7235666445082496,1.4471332890164992,affine,0.19157267510947118,0.38314535021894236,1.0,0.19157267510947118,eta_l0_n296_r1,NA,ok
pinn100d_shallow300_medium_affine_pz_topk96_symbolic,single_cell,0,1.0,0,297,0,-0.9825135379376,1.01382408988808,0.01565527597523997,0.99816881391284,1.99633762782568,affine,0.08144974624643898,0.16289949249287797,0.9319962481713715,0.08739278340041381,eta_l0_n297_r0,NA,ok
pinn100d_shallow300_medium_affine_pz_topk96_symbolic,single_cell,0,1.0,0,297,1,-0.9825135379376,1.01382408988808,0.01565527597523997,0.99816881391284,1.99633762782568,affine,0.2893225528047418,0.5786451056094836,1.0,0.2893225528047418,eta_l0_n297_r1,NA,ok
pinn100d_shallow300_medium_affine_pz_topk96_symbolic,single_cell,0,1.0,0,298,0,-0.8332058737903768,0.854855836494384,0.010824981352003604,0.8440308551423804,1.6880617102847608,affine,0.055178454356791036,0.11035690871358207,0.9319962481713715,0.05920458850028016,eta_l0_n298_r0,NA,ok
pinn100d_shallow300_medium_affine_pz_topk96_symbolic,single_cell,0,1.0,0,298,1,-0.8332058737903768,0.854855836494384,0.010824981352003604,0.8440308551423804,1.6880617102847608,affine,0.23657700326353948,0.47315400652707895,1.0,0.23657700326353948,eta_l0_n298_r1,NA,ok
pinn100d_shallow300_medium_affine_pz_topk96_symbolic,single_cell,0,1.0,0,299,0,-0.7428390480563718,0.7269071605470809,-0.007965943754645433,0.7348731043017264,1.4697462086034527,affine,0.03921345041839409,0.07842690083678817,0.9319962481713715,0.042074686990782484,eta_l0_n299_r0,NA,ok
pinn100d_shallow300_medium_affine_pz_topk96_symbolic,single_cell,0,1.0,0,299,1,-0.7428390480563718,0.7269071605470809,-0.007965943754645433,0.7348731043017264,1.4697462086034527,affine,0.19593380084189632,0.39186760168379264,1.0,0.19593380084189632,eta_l0_n299_r1,NA,ok
